id,type,dc\.identifier,definition,inScheme,notation,note,prefLabel,topConceptOf,hasTopConcept
https://data.bodemenondergrond.vlaanderen.be/id/concept/fossieltype/-1,http://www.w3.org/2004/02/skos/core#Concept,be.vlaanderen.bodemenondergrond.data.id.concept.fossieltype.-1,onbepaald,https://data.bodemenondergrond.vlaanderen.be/id/conceptscheme/fossieltype,-1,onbepaald,onbepaald,https://data.bodemenondergrond.vlaanderen.be/id/conceptscheme/fossieltype,null
https://data.bodemenondergrond.vlaanderen.be/id/concept/fossieltype/0,http://www.w3.org/2004/02/skos/core#Concept,be.vlaanderen.bodemenondergrond.data.id.concept.fossieltype.0,onbepaalde fauna / dierlijke resten,https://data.bodemenondergrond.vlaanderen.be/id/conceptscheme/fossieltype,0,onbepaalde fauna / dierlijke resten|fauna,onbepaalde fauna,https://data.bodemenondergrond.vlaanderen.be/id/conceptscheme/fossieltype,null
https://data.bodemenondergrond.vlaanderen.be/id/concept/fossieltype/1,http://www.w3.org/2004/02/skos/core#Concept,be.vlaanderen.bodemenondergrond.data.id.concept.fossieltype.1,onbepaalde flora / plantenresten,https://data.bodemenondergrond.vlaanderen.be/id/conceptscheme/fossieltype,1,flora|onbepaalde flora / plantenresten,onbepaalde flora / plantenresten,https://data.bodemenondergrond.vlaanderen.be/id/conceptscheme/fossieltype,null
https://data.bodemenondergrond.vlaanderen.be/id/concept/fossieltype/10,http://www.w3.org/2004/02/skos/core#Concept,be.vlaanderen.bodemenondergrond.data.id.concept.fossieltype.10,Anthraconauta sp.,https://data.bodemenondergrond.vlaanderen.be/id/conceptscheme/fossieltype,10,zoetwaterfauna|Anthraconauta sp.,Anthraconauta sp.,https://data.bodemenondergrond.vlaanderen.be/id/conceptscheme/fossieltype,null
https://data.bodemenondergrond.vlaanderen.be/id/concept/fossieltype/100,http://www.w3.org/2004/02/skos/core#Concept,be.vlaanderen.bodemenondergrond.data.id.concept.fossieltype.100,Spirophyton sp.,https://data.bodemenondergrond.vlaanderen.be/id/conceptscheme/fossieltype,100,Spirophyton sp.|marien ichnofossiel,Spirophyton sp.,https://data.bodemenondergrond.vlaanderen.be/id/conceptscheme/fossieltype,null
https://data.bodemenondergrond.vlaanderen.be/id/concept/fossieltype/101,http://www.w3.org/2004/02/skos/core#Concept,be.vlaanderen.bodemenondergrond.data.id.concept.fossieltype.101,Dorycordaites sp.,https://data.bodemenondergrond.vlaanderen.be/id/conceptscheme/fossieltype,101,Dorycordaites sp.|flora,Dorycordaites sp.,https://data.bodemenondergrond.vlaanderen.be/id/conceptscheme/fossieltype,null
https://data.bodemenondergrond.vlaanderen.be/id/concept/fossieltype/102,http://www.w3.org/2004/02/skos/core#Concept,be.vlaanderen.bodemenondergrond.data.id.concept.fossieltype.102,Bellinurus sp.,https://data.bodemenondergrond.vlaanderen.be/id/conceptscheme/fossieltype,102,Bellinurus sp.|mariene fauna,Bellinurus sp.,https://data.bodemenondergrond.vlaanderen.be/id/conceptscheme/fossieltype,null
https://data.bodemenondergrond.vlaanderen.be/id/concept/fossieltype/103,http://www.w3.org/2004/02/skos/core#Concept,be.vlaanderen.bodemenondergrond.data.id.concept.fossieltype.103,Prestwichia sp.,https://data.bodemenondergrond.vlaanderen.be/id/conceptscheme/fossieltype,103,mariene fauna|Prestwichia sp.,Prestwichia sp.,https://data.bodemenondergrond.vlaanderen.be/id/conceptscheme/fossieltype,null
https://data.bodemenondergrond.vlaanderen.be/id/concept/fossieltype/104,http://www.w3.org/2004/02/skos/core#Concept,be.vlaanderen.bodemenondergrond.data.id.concept.fossieltype.104,Carbonia sp.,https://data.bodemenondergrond.vlaanderen.be/id/conceptscheme/fossieltype,104,Carbonia sp.|zoetwaterfauna,Carbonia sp.,https://data.bodemenondergrond.vlaanderen.be/id/conceptscheme/fossieltype,null
https://data.bodemenondergrond.vlaanderen.be/id/concept/fossieltype/105,http://www.w3.org/2004/02/skos/core#Concept,be.vlaanderen.bodemenondergrond.data.id.concept.fossieltype.105,Acrolepis sp.,https://data.bodemenondergrond.vlaanderen.be/id/conceptscheme/fossieltype,105,fauna|Acrolepis sp.,Acrolepis sp.,https://data.bodemenondergrond.vlaanderen.be/id/conceptscheme/fossieltype,null
https://data.bodemenondergrond.vlaanderen.be/id/concept/fossieltype/106,http://www.w3.org/2004/02/skos/core#Concept,be.vlaanderen.bodemenondergrond.data.id.concept.fossieltype.106,Palaeoxyris sp.,https://data.bodemenondergrond.vlaanderen.be/id/conceptscheme/fossieltype,106,mariene fauna|Palaeoxyris sp.,Palaeoxyris sp.,https://data.bodemenondergrond.vlaanderen.be/id/conceptscheme/fossieltype,null
https://data.bodemenondergrond.vlaanderen.be/id/concept/fossieltype/107,http://www.w3.org/2004/02/skos/core#Concept,be.vlaanderen.bodemenondergrond.data.id.concept.fossieltype.107,Sclapellites sp.,https://data.bodemenondergrond.vlaanderen.be/id/conceptscheme/fossieltype,107,onbepaald|Sclapellites sp.,Sclapellites sp.,https://data.bodemenondergrond.vlaanderen.be/id/conceptscheme/fossieltype,null
https://data.bodemenondergrond.vlaanderen.be/id/concept/fossieltype/108,http://www.w3.org/2004/02/skos/core#Concept,be.vlaanderen.bodemenondergrond.data.id.concept.fossieltype.108,Asolanus sp.,https://data.bodemenondergrond.vlaanderen.be/id/conceptscheme/fossieltype,108,flora|Asolanus sp.,Asolanus sp.,https://data.bodemenondergrond.vlaanderen.be/id/conceptscheme/fossieltype,null
https://data.bodemenondergrond.vlaanderen.be/id/concept/fossieltype/109,http://www.w3.org/2004/02/skos/core#Concept,be.vlaanderen.bodemenondergrond.data.id.concept.fossieltype.109,Lycopodiales,https://data.bodemenondergrond.vlaanderen.be/id/conceptscheme/fossieltype,109,flora|Lycopodiales,Lycopodiales,https://data.bodemenondergrond.vlaanderen.be/id/conceptscheme/fossieltype,null
https://data.bodemenondergrond.vlaanderen.be/id/concept/fossieltype/11,http://www.w3.org/2004/02/skos/core#Concept,be.vlaanderen.bodemenondergrond.data.id.concept.fossieltype.11,Curvirimula sp.,https://data.bodemenondergrond.vlaanderen.be/id/conceptscheme/fossieltype,11,Curvirimula sp.|brakwaterfauna,Curvirimula sp.,https://data.bodemenondergrond.vlaanderen.be/id/conceptscheme/fossieltype,null
https://data.bodemenondergrond.vlaanderen.be/id/concept/fossieltype/110,http://www.w3.org/2004/02/skos/core#Concept,be.vlaanderen.bodemenondergrond.data.id.concept.fossieltype.110,Posidonomya sp.,https://data.bodemenondergrond.vlaanderen.be/id/conceptscheme/fossieltype,110,mariene fauna|Posidonomya sp.,Posidonomya sp.,https://data.bodemenondergrond.vlaanderen.be/id/conceptscheme/fossieltype,null
https://data.bodemenondergrond.vlaanderen.be/id/concept/fossieltype/111,http://www.w3.org/2004/02/skos/core#Concept,be.vlaanderen.bodemenondergrond.data.id.concept.fossieltype.111,Reticuloceras sp.,https://data.bodemenondergrond.vlaanderen.be/id/conceptscheme/fossieltype,111,mariene fauna|Reticuloceras sp.,Reticuloceras sp.,https://data.bodemenondergrond.vlaanderen.be/id/conceptscheme/fossieltype,null
https://data.bodemenondergrond.vlaanderen.be/id/concept/fossieltype/112,http://www.w3.org/2004/02/skos/core#Concept,be.vlaanderen.bodemenondergrond.data.id.concept.fossieltype.112,Anthracoceras sp.,https://data.bodemenondergrond.vlaanderen.be/id/conceptscheme/fossieltype,112,mariene fauna|Anthracoceras sp.,Anthracoceras sp.,https://data.bodemenondergrond.vlaanderen.be/id/conceptscheme/fossieltype,null
https://data.bodemenondergrond.vlaanderen.be/id/concept/fossieltype/113,http://www.w3.org/2004/02/skos/core#Concept,be.vlaanderen.bodemenondergrond.data.id.concept.fossieltype.113,Orthoceras sp.,https://data.bodemenondergrond.vlaanderen.be/id/conceptscheme/fossieltype,113,mariene fauna|Orthoceras sp.,Orthoceras sp.,https://data.bodemenondergrond.vlaanderen.be/id/conceptscheme/fossieltype,null
https://data.bodemenondergrond.vlaanderen.be/id/concept/fossieltype/114,http://www.w3.org/2004/02/skos/core#Concept,be.vlaanderen.bodemenondergrond.data.id.concept.fossieltype.114,Palaeocaris sp.,https://data.bodemenondergrond.vlaanderen.be/id/conceptscheme/fossieltype,114,mariene fauna|Palaeocaris sp.,Palaeocaris sp.,https://data.bodemenondergrond.vlaanderen.be/id/conceptscheme/fossieltype,null
https://data.bodemenondergrond.vlaanderen.be/id/concept/fossieltype/115,http://www.w3.org/2004/02/skos/core#Concept,be.vlaanderen.bodemenondergrond.data.id.concept.fossieltype.115,Productus sp.,https://data.bodemenondergrond.vlaanderen.be/id/conceptscheme/fossieltype,115,mariene fauna|Productus sp.,Productus sp.,https://data.bodemenondergrond.vlaanderen.be/id/conceptscheme/fossieltype,null
https://data.bodemenondergrond.vlaanderen.be/id/concept/fossieltype/116,http://www.w3.org/2004/02/skos/core#Concept,be.vlaanderen.bodemenondergrond.data.id.concept.fossieltype.116,Schizophoria sp.,https://data.bodemenondergrond.vlaanderen.be/id/conceptscheme/fossieltype,116,fauna|Schizophoria sp.,Schizophoria sp.,https://data.bodemenondergrond.vlaanderen.be/id/conceptscheme/fossieltype,null
https://data.bodemenondergrond.vlaanderen.be/id/concept/fossieltype/117,http://www.w3.org/2004/02/skos/core#Concept,be.vlaanderen.bodemenondergrond.data.id.concept.fossieltype.117,Gastropoden,https://data.bodemenondergrond.vlaanderen.be/id/conceptscheme/fossieltype,117,fauna|Gastropoden,Gastropoden,https://data.bodemenondergrond.vlaanderen.be/id/conceptscheme/fossieltype,null
https://data.bodemenondergrond.vlaanderen.be/id/concept/fossieltype/118,http://www.w3.org/2004/02/skos/core#Concept,be.vlaanderen.bodemenondergrond.data.id.concept.fossieltype.118,Straparolus sp.,https://data.bodemenondergrond.vlaanderen.be/id/conceptscheme/fossieltype,118,fauna|Straparolus sp.,Straparolus sp.,https://data.bodemenondergrond.vlaanderen.be/id/conceptscheme/fossieltype,null
https://data.bodemenondergrond.vlaanderen.be/id/concept/fossieltype/119,http://www.w3.org/2004/02/skos/core#Concept,be.vlaanderen.bodemenondergrond.data.id.concept.fossieltype.119,Chonetes sp.,https://data.bodemenondergrond.vlaanderen.be/id/conceptscheme/fossieltype,119,mariene fauna|Chonetes sp.,Chonetes sp.,https://data.bodemenondergrond.vlaanderen.be/id/conceptscheme/fossieltype,null
https://data.bodemenondergrond.vlaanderen.be/id/concept/fossieltype/12,http://www.w3.org/2004/02/skos/core#Concept,be.vlaanderen.bodemenondergrond.data.id.concept.fossieltype.12,Naiadites sp.,https://data.bodemenondergrond.vlaanderen.be/id/conceptscheme/fossieltype,12,brakwaterfauna|Naiadites sp.,Naiadites sp.,https://data.bodemenondergrond.vlaanderen.be/id/conceptscheme/fossieltype,null
https://data.bodemenondergrond.vlaanderen.be/id/concept/fossieltype/120,http://www.w3.org/2004/02/skos/core#Concept,be.vlaanderen.bodemenondergrond.data.id.concept.fossieltype.120,spirifer (geslacht van uitgestorven armpotigen/brachiopoden),https://data.bodemenondergrond.vlaanderen.be/id/conceptscheme/fossieltype,120,mariene fauna|spirifer (geslacht van uitgestorven armpotigen/brachiopoden),spirifer,https://data.bodemenondergrond.vlaanderen.be/id/conceptscheme/fossieltype,null
https://data.bodemenondergrond.vlaanderen.be/id/concept/fossieltype/121,http://www.w3.org/2004/02/skos/core#Concept,be.vlaanderen.bodemenondergrond.data.id.concept.fossieltype.121,Dentallum sp.,https://data.bodemenondergrond.vlaanderen.be/id/conceptscheme/fossieltype,121,mariene fauna|Dentallum sp.,Dentallum sp.,https://data.bodemenondergrond.vlaanderen.be/id/conceptscheme/fossieltype,null
https://data.bodemenondergrond.vlaanderen.be/id/concept/fossieltype/122,http://www.w3.org/2004/02/skos/core#Concept,be.vlaanderen.bodemenondergrond.data.id.concept.fossieltype.122,Rhipidomella sp.,https://data.bodemenondergrond.vlaanderen.be/id/conceptscheme/fossieltype,122,mariene fauna|Rhipidomella sp.,Rhipidomella sp.,https://data.bodemenondergrond.vlaanderen.be/id/conceptscheme/fossieltype,null
https://data.bodemenondergrond.vlaanderen.be/id/concept/fossieltype/123,http://www.w3.org/2004/02/skos/core#Concept,be.vlaanderen.bodemenondergrond.data.id.concept.fossieltype.123,Arthyris lamellosa,https://data.bodemenondergrond.vlaanderen.be/id/conceptscheme/fossieltype,123,mariene fauna|Arthyris lamellosa,Arthyris lamellosa,https://data.bodemenondergrond.vlaanderen.be/id/conceptscheme/fossieltype,null
https://data.bodemenondergrond.vlaanderen.be/id/concept/fossieltype/124,http://www.w3.org/2004/02/skos/core#Concept,be.vlaanderen.bodemenondergrond.data.id.concept.fossieltype.124,Paripteris sp.,https://data.bodemenondergrond.vlaanderen.be/id/conceptscheme/fossieltype,124,flora|Paripteris sp.,Paripteris sp.,https://data.bodemenondergrond.vlaanderen.be/id/conceptscheme/fossieltype,null
https://data.bodemenondergrond.vlaanderen.be/id/concept/fossieltype/125,http://www.w3.org/2004/02/skos/core#Concept,be.vlaanderen.bodemenondergrond.data.id.concept.fossieltype.125,Belemnitella mucronata,https://data.bodemenondergrond.vlaanderen.be/id/conceptscheme/fossieltype,125,mariene fauna|Belemnitella mucronata,Belemnitella mucronata,https://data.bodemenondergrond.vlaanderen.be/id/conceptscheme/fossieltype,null
https://data.bodemenondergrond.vlaanderen.be/id/concept/fossieltype/126,http://www.w3.org/2004/02/skos/core#Concept,be.vlaanderen.bodemenondergrond.data.id.concept.fossieltype.126,Baculites vertebralis,https://data.bodemenondergrond.vlaanderen.be/id/conceptscheme/fossieltype,126,mariene fauna|Baculites vertebralis,Baculites vertebralis,https://data.bodemenondergrond.vlaanderen.be/id/conceptscheme/fossieltype,null
https://data.bodemenondergrond.vlaanderen.be/id/concept/fossieltype/127,http://www.w3.org/2004/02/skos/core#Concept,be.vlaanderen.bodemenondergrond.data.id.concept.fossieltype.127,Aporrhais granulosa,https://data.bodemenondergrond.vlaanderen.be/id/conceptscheme/fossieltype,127,mariene fauna|Aporrhais granulosa,Aporrhais granulosa,https://data.bodemenondergrond.vlaanderen.be/id/conceptscheme/fossieltype,null
https://data.bodemenondergrond.vlaanderen.be/id/concept/fossieltype/128,http://www.w3.org/2004/02/skos/core#Concept,be.vlaanderen.bodemenondergrond.data.id.concept.fossieltype.128,Lispodesthes schlotheimi,https://data.bodemenondergrond.vlaanderen.be/id/conceptscheme/fossieltype,128,mariene fauna|Lispodesthes schlotheimi,Lispodesthes schlotheimi,https://data.bodemenondergrond.vlaanderen.be/id/conceptscheme/fossieltype,null
https://data.bodemenondergrond.vlaanderen.be/id/concept/fossieltype/129,http://www.w3.org/2004/02/skos/core#Concept,be.vlaanderen.bodemenondergrond.data.id.concept.fossieltype.129,Lunatia klipsteini,https://data.bodemenondergrond.vlaanderen.be/id/conceptscheme/fossieltype,129,mariene fauna|Lunatia klipsteini,Lunatia klipsteini,https://data.bodemenondergrond.vlaanderen.be/id/conceptscheme/fossieltype,null
https://data.bodemenondergrond.vlaanderen.be/id/concept/fossieltype/13,http://www.w3.org/2004/02/skos/core#Concept,be.vlaanderen.bodemenondergrond.data.id.concept.fossieltype.13,Cyzicus (Estheria) sp.,https://data.bodemenondergrond.vlaanderen.be/id/conceptscheme/fossieltype,13,mariene fauna|Cyzicus (Estheria) sp.,Cyzicus (Estheria) sp.,https://data.bodemenondergrond.vlaanderen.be/id/conceptscheme/fossieltype,null
https://data.bodemenondergrond.vlaanderen.be/id/concept/fossieltype/130,http://www.w3.org/2004/02/skos/core#Concept,be.vlaanderen.bodemenondergrond.data.id.concept.fossieltype.130,Entalis geinitzi,https://data.bodemenondergrond.vlaanderen.be/id/conceptscheme/fossieltype,130,mariene fauna|Entalis geinitzi,Entalis geinitzi,https://data.bodemenondergrond.vlaanderen.be/id/conceptscheme/fossieltype,null
https://data.bodemenondergrond.vlaanderen.be/id/concept/fossieltype/131,http://www.w3.org/2004/02/skos/core#Concept,be.vlaanderen.bodemenondergrond.data.id.concept.fossieltype.131,Turritella acantophospora,https://data.bodemenondergrond.vlaanderen.be/id/conceptscheme/fossieltype,131,mariene fauna|Turritella acantophospora,Turritella acantophospora,https://data.bodemenondergrond.vlaanderen.be/id/conceptscheme/fossieltype,null
https://data.bodemenondergrond.vlaanderen.be/id/concept/fossieltype/132,http://www.w3.org/2004/02/skos/core#Concept,be.vlaanderen.bodemenondergrond.data.id.concept.fossieltype.132,Tubbreva exaltata,https://data.bodemenondergrond.vlaanderen.be/id/conceptscheme/fossieltype,132,mariene fauna|Tubbreva exaltata,Tubbreva exaltata,https://data.bodemenondergrond.vlaanderen.be/id/conceptscheme/fossieltype,null
https://data.bodemenondergrond.vlaanderen.be/id/concept/fossieltype/133,http://www.w3.org/2004/02/skos/core#Concept,be.vlaanderen.bodemenondergrond.data.id.concept.fossieltype.133,Trochus gemineus,https://data.bodemenondergrond.vlaanderen.be/id/conceptscheme/fossieltype,133,mariene fauna|Trochus gemineus,Trochus gemineus,https://data.bodemenondergrond.vlaanderen.be/id/conceptscheme/fossieltype,null
https://data.bodemenondergrond.vlaanderen.be/id/concept/fossieltype/134,http://www.w3.org/2004/02/skos/core#Concept,be.vlaanderen.bodemenondergrond.data.id.concept.fossieltype.134,Gervillia solenoides,https://data.bodemenondergrond.vlaanderen.be/id/conceptscheme/fossieltype,134,mariene fauna|Gervillia solenoides,Gervillia solenoides,https://data.bodemenondergrond.vlaanderen.be/id/conceptscheme/fossieltype,null
https://data.bodemenondergrond.vlaanderen.be/id/concept/fossieltype/135,http://www.w3.org/2004/02/skos/core#Concept,be.vlaanderen.bodemenondergrond.data.id.concept.fossieltype.135,Liopistha aequivalvis,https://data.bodemenondergrond.vlaanderen.be/id/conceptscheme/fossieltype,135,mariene fauna|Liopistha aequivalvis,Liopistha aequivalvis,https://data.bodemenondergrond.vlaanderen.be/id/conceptscheme/fossieltype,null
https://data.bodemenondergrond.vlaanderen.be/id/concept/fossieltype/136,http://www.w3.org/2004/02/skos/core#Concept,be.vlaanderen.bodemenondergrond.data.id.concept.fossieltype.136,Cucullea subglabra,https://data.bodemenondergrond.vlaanderen.be/id/conceptscheme/fossieltype,136,mariene fauna|Cucullea subglabra,Cucullea subglabra,https://data.bodemenondergrond.vlaanderen.be/id/conceptscheme/fossieltype,null
https://data.bodemenondergrond.vlaanderen.be/id/concept/fossieltype/137,http://www.w3.org/2004/02/skos/core#Concept,be.vlaanderen.bodemenondergrond.data.id.concept.fossieltype.137,Pecten pusio,https://data.bodemenondergrond.vlaanderen.be/id/conceptscheme/fossieltype,137,mariene fauna|Pecten pusio,Pecten pusio,https://data.bodemenondergrond.vlaanderen.be/id/conceptscheme/fossieltype,null
https://data.bodemenondergrond.vlaanderen.be/id/concept/fossieltype/138,http://www.w3.org/2004/02/skos/core#Concept,be.vlaanderen.bodemenondergrond.data.id.concept.fossieltype.138,Pectunculus sp.,https://data.bodemenondergrond.vlaanderen.be/id/conceptscheme/fossieltype,138,mariene fauna|Pectunculus sp.,Pectunculus sp.,https://data.bodemenondergrond.vlaanderen.be/id/conceptscheme/fossieltype,null
https://data.bodemenondergrond.vlaanderen.be/id/concept/fossieltype/139,http://www.w3.org/2004/02/skos/core#Concept,be.vlaanderen.bodemenondergrond.data.id.concept.fossieltype.139,Ostrea sp.,https://data.bodemenondergrond.vlaanderen.be/id/conceptscheme/fossieltype,139,mariene fauna|Ostrea sp.,Ostrea sp.,https://data.bodemenondergrond.vlaanderen.be/id/conceptscheme/fossieltype,null
https://data.bodemenondergrond.vlaanderen.be/id/concept/fossieltype/14,http://www.w3.org/2004/02/skos/core#Concept,be.vlaanderen.bodemenondergrond.data.id.concept.fossieltype.14,Leaia sp.,https://data.bodemenondergrond.vlaanderen.be/id/conceptscheme/fossieltype,14,mariene fauna|Leaia sp.,Leaia sp.,https://data.bodemenondergrond.vlaanderen.be/id/conceptscheme/fossieltype,null
https://data.bodemenondergrond.vlaanderen.be/id/concept/fossieltype/140,http://www.w3.org/2004/02/skos/core#Concept,be.vlaanderen.bodemenondergrond.data.id.concept.fossieltype.140,Cardium sp.,https://data.bodemenondergrond.vlaanderen.be/id/conceptscheme/fossieltype,140,mariene fauna|Cardium sp.,Cardium sp.,https://data.bodemenondergrond.vlaanderen.be/id/conceptscheme/fossieltype,null
https://data.bodemenondergrond.vlaanderen.be/id/concept/fossieltype/141,http://www.w3.org/2004/02/skos/core#Concept,be.vlaanderen.bodemenondergrond.data.id.concept.fossieltype.141,Cyprina sp.,https://data.bodemenondergrond.vlaanderen.be/id/conceptscheme/fossieltype,141,mariene fauna|Cyprina sp.,Cyprina sp.,https://data.bodemenondergrond.vlaanderen.be/id/conceptscheme/fossieltype,null
https://data.bodemenondergrond.vlaanderen.be/id/concept/fossieltype/142,http://www.w3.org/2004/02/skos/core#Concept,be.vlaanderen.bodemenondergrond.data.id.concept.fossieltype.142,Meretrix sp.,https://data.bodemenondergrond.vlaanderen.be/id/conceptscheme/fossieltype,142,mariene fauna|Meretrix sp.,Meretrix sp.,https://data.bodemenondergrond.vlaanderen.be/id/conceptscheme/fossieltype,null
https://data.bodemenondergrond.vlaanderen.be/id/concept/fossieltype/143,http://www.w3.org/2004/02/skos/core#Concept,be.vlaanderen.bodemenondergrond.data.id.concept.fossieltype.143,Astarte sp.,https://data.bodemenondergrond.vlaanderen.be/id/conceptscheme/fossieltype,143,mariene fauna|Astarte sp.,Astarte sp.,https://data.bodemenondergrond.vlaanderen.be/id/conceptscheme/fossieltype,null
https://data.bodemenondergrond.vlaanderen.be/id/concept/fossieltype/144,http://www.w3.org/2004/02/skos/core#Concept,be.vlaanderen.bodemenondergrond.data.id.concept.fossieltype.144,Pecten sp.,https://data.bodemenondergrond.vlaanderen.be/id/conceptscheme/fossieltype,144,mariene fauna|Pecten sp.,Pecten sp.,https://data.bodemenondergrond.vlaanderen.be/id/conceptscheme/fossieltype,null
https://data.bodemenondergrond.vlaanderen.be/id/concept/fossieltype/145,http://www.w3.org/2004/02/skos/core#Concept,be.vlaanderen.bodemenondergrond.data.id.concept.fossieltype.145,Balanus sp.,https://data.bodemenondergrond.vlaanderen.be/id/conceptscheme/fossieltype,145,mariene fauna|Balanus sp.,Balanus sp.,https://data.bodemenondergrond.vlaanderen.be/id/conceptscheme/fossieltype,null
https://data.bodemenondergrond.vlaanderen.be/id/concept/fossieltype/146,http://www.w3.org/2004/02/skos/core#Concept,be.vlaanderen.bodemenondergrond.data.id.concept.fossieltype.146,Corbula sp.,https://data.bodemenondergrond.vlaanderen.be/id/conceptscheme/fossieltype,146,mariene fauna|Corbula sp.,Corbula sp.,https://data.bodemenondergrond.vlaanderen.be/id/conceptscheme/fossieltype,null
https://data.bodemenondergrond.vlaanderen.be/id/concept/fossieltype/147,http://www.w3.org/2004/02/skos/core#Concept,be.vlaanderen.bodemenondergrond.data.id.concept.fossieltype.147,Nucula duchasteli,https://data.bodemenondergrond.vlaanderen.be/id/conceptscheme/fossieltype,147,mariene fauna|Nucula duchasteli,Nucula duchasteli,https://data.bodemenondergrond.vlaanderen.be/id/conceptscheme/fossieltype,null
https://data.bodemenondergrond.vlaanderen.be/id/concept/fossieltype/148,http://www.w3.org/2004/02/skos/core#Concept,be.vlaanderen.bodemenondergrond.data.id.concept.fossieltype.148,Leda sp.,https://data.bodemenondergrond.vlaanderen.be/id/conceptscheme/fossieltype,148,mariene fauna|Leda sp.,Leda sp.,https://data.bodemenondergrond.vlaanderen.be/id/conceptscheme/fossieltype,null
https://data.bodemenondergrond.vlaanderen.be/id/concept/fossieltype/149,http://www.w3.org/2004/02/skos/core#Concept,be.vlaanderen.bodemenondergrond.data.id.concept.fossieltype.149,Limatula nysti,https://data.bodemenondergrond.vlaanderen.be/id/conceptscheme/fossieltype,149,mariene fauna|Limatula nysti,Limatula nysti,https://data.bodemenondergrond.vlaanderen.be/id/conceptscheme/fossieltype,null
https://data.bodemenondergrond.vlaanderen.be/id/concept/fossieltype/15,http://www.w3.org/2004/02/skos/core#Concept,be.vlaanderen.bodemenondergrond.data.id.concept.fossieltype.15,Ostracoden (mosselkreeftjes),https://data.bodemenondergrond.vlaanderen.be/id/conceptscheme/fossieltype,15,fauna|Ostracoden (mosselkreeftjes),ostracoden,https://data.bodemenondergrond.vlaanderen.be/id/conceptscheme/fossieltype,null
https://data.bodemenondergrond.vlaanderen.be/id/concept/fossieltype/150,http://www.w3.org/2004/02/skos/core#Concept,be.vlaanderen.bodemenondergrond.data.id.concept.fossieltype.150,Dentalium sp.,https://data.bodemenondergrond.vlaanderen.be/id/conceptscheme/fossieltype,150,mariene fauna|Dentalium sp.,Dentalium sp.,https://data.bodemenondergrond.vlaanderen.be/id/conceptscheme/fossieltype,null
https://data.bodemenondergrond.vlaanderen.be/id/concept/fossieltype/151,http://www.w3.org/2004/02/skos/core#Concept,be.vlaanderen.bodemenondergrond.data.id.concept.fossieltype.151,Limopsis sp.,https://data.bodemenondergrond.vlaanderen.be/id/conceptscheme/fossieltype,151,mariene fauna|Limopsis sp.,Limopsis sp.,https://data.bodemenondergrond.vlaanderen.be/id/conceptscheme/fossieltype,null
https://data.bodemenondergrond.vlaanderen.be/id/concept/fossieltype/152,http://www.w3.org/2004/02/skos/core#Concept,be.vlaanderen.bodemenondergrond.data.id.concept.fossieltype.152,Teredo sp.,https://data.bodemenondergrond.vlaanderen.be/id/conceptscheme/fossieltype,152,mariene fauna|Teredo sp.,Teredo sp.,https://data.bodemenondergrond.vlaanderen.be/id/conceptscheme/fossieltype,null
https://data.bodemenondergrond.vlaanderen.be/id/concept/fossieltype/153,http://www.w3.org/2004/02/skos/core#Concept,be.vlaanderen.bodemenondergrond.data.id.concept.fossieltype.153,Cristellaria sp.,https://data.bodemenondergrond.vlaanderen.be/id/conceptscheme/fossieltype,153,mariene fauna|Cristellaria sp.,Cristellaria sp.,https://data.bodemenondergrond.vlaanderen.be/id/conceptscheme/fossieltype,null
https://data.bodemenondergrond.vlaanderen.be/id/concept/fossieltype/154,http://www.w3.org/2004/02/skos/core#Concept,be.vlaanderen.bodemenondergrond.data.id.concept.fossieltype.154,Cornuspira involvens,https://data.bodemenondergrond.vlaanderen.be/id/conceptscheme/fossieltype,154,mariene fauna|Cornuspira involvens,Cornuspira involvens,https://data.bodemenondergrond.vlaanderen.be/id/conceptscheme/fossieltype,null
https://data.bodemenondergrond.vlaanderen.be/id/concept/fossieltype/155,http://www.w3.org/2004/02/skos/core#Concept,be.vlaanderen.bodemenondergrond.data.id.concept.fossieltype.155,Aporrhais speciosa,https://data.bodemenondergrond.vlaanderen.be/id/conceptscheme/fossieltype,155,mariene fauna|Aporrhais speciosa,Aporrhais speciosa,https://data.bodemenondergrond.vlaanderen.be/id/conceptscheme/fossieltype,null
https://data.bodemenondergrond.vlaanderen.be/id/concept/fossieltype/156,http://www.w3.org/2004/02/skos/core#Concept,be.vlaanderen.bodemenondergrond.data.id.concept.fossieltype.156,Nucula sp.,https://data.bodemenondergrond.vlaanderen.be/id/conceptscheme/fossieltype,156,mariene fauna|Nucula sp.,Nucula sp.,https://data.bodemenondergrond.vlaanderen.be/id/conceptscheme/fossieltype,null
https://data.bodemenondergrond.vlaanderen.be/id/concept/fossieltype/157,http://www.w3.org/2004/02/skos/core#Concept,be.vlaanderen.bodemenondergrond.data.id.concept.fossieltype.157,Cancellaria sp.,https://data.bodemenondergrond.vlaanderen.be/id/conceptscheme/fossieltype,157,mariene fauna|Cancellaria sp.,Cancellaria sp.,https://data.bodemenondergrond.vlaanderen.be/id/conceptscheme/fossieltype,null
https://data.bodemenondergrond.vlaanderen.be/id/concept/fossieltype/158,http://www.w3.org/2004/02/skos/core#Concept,be.vlaanderen.bodemenondergrond.data.id.concept.fossieltype.158,Ditrupa clava,https://data.bodemenondergrond.vlaanderen.be/id/conceptscheme/fossieltype,158,mariene fauna|Ditrupa clava,Ditrupa clava,https://data.bodemenondergrond.vlaanderen.be/id/conceptscheme/fossieltype,null
https://data.bodemenondergrond.vlaanderen.be/id/concept/fossieltype/159,http://www.w3.org/2004/02/skos/core#Concept,be.vlaanderen.bodemenondergrond.data.id.concept.fossieltype.159,Bryozoa (mosdiertjes),https://data.bodemenondergrond.vlaanderen.be/id/conceptscheme/fossieltype,159,mariene fauna|Bryozoa (mosdiertjes),Bryozoa,https://data.bodemenondergrond.vlaanderen.be/id/conceptscheme/fossieltype,null
https://data.bodemenondergrond.vlaanderen.be/id/concept/fossieltype/16,http://www.w3.org/2004/02/skos/core#Concept,be.vlaanderen.bodemenondergrond.data.id.concept.fossieltype.16,Geisina sp.,https://data.bodemenondergrond.vlaanderen.be/id/conceptscheme/fossieltype,16,brakwaterfauna|Geisina sp.,Geisina sp.,https://data.bodemenondergrond.vlaanderen.be/id/conceptscheme/fossieltype,null
https://data.bodemenondergrond.vlaanderen.be/id/concept/fossieltype/160,http://www.w3.org/2004/02/skos/core#Concept,be.vlaanderen.bodemenondergrond.data.id.concept.fossieltype.160,Natica sp.,https://data.bodemenondergrond.vlaanderen.be/id/conceptscheme/fossieltype,160,mariene fauna|Natica sp.,Natica sp.,https://data.bodemenondergrond.vlaanderen.be/id/conceptscheme/fossieltype,null
https://data.bodemenondergrond.vlaanderen.be/id/concept/fossieltype/161,http://www.w3.org/2004/02/skos/core#Concept,be.vlaanderen.bodemenondergrond.data.id.concept.fossieltype.161,Actaeon sp.,https://data.bodemenondergrond.vlaanderen.be/id/conceptscheme/fossieltype,161,mariene fauna|Actaeon sp.,Actaeon sp.,https://data.bodemenondergrond.vlaanderen.be/id/conceptscheme/fossieltype,null
https://data.bodemenondergrond.vlaanderen.be/id/concept/fossieltype/162,http://www.w3.org/2004/02/skos/core#Concept,be.vlaanderen.bodemenondergrond.data.id.concept.fossieltype.162,sponsspicullen,https://data.bodemenondergrond.vlaanderen.be/id/conceptscheme/fossieltype,162,mariene fauna|sponsspicullen,sponsspicullen,https://data.bodemenondergrond.vlaanderen.be/id/conceptscheme/fossieltype,null
https://data.bodemenondergrond.vlaanderen.be/id/concept/fossieltype/163,http://www.w3.org/2004/02/skos/core#Concept,be.vlaanderen.bodemenondergrond.data.id.concept.fossieltype.163,Orbitoliten,https://data.bodemenondergrond.vlaanderen.be/id/conceptscheme/fossieltype,163,mariene fauna|Orbitoliten,Orbitoliten,https://data.bodemenondergrond.vlaanderen.be/id/conceptscheme/fossieltype,null
https://data.bodemenondergrond.vlaanderen.be/id/concept/fossieltype/164,http://www.w3.org/2004/02/skos/core#Concept,be.vlaanderen.bodemenondergrond.data.id.concept.fossieltype.164,Cidaris sp.,https://data.bodemenondergrond.vlaanderen.be/id/conceptscheme/fossieltype,164,mariene fauna|Cidaris sp.,Cidaris sp.,https://data.bodemenondergrond.vlaanderen.be/id/conceptscheme/fossieltype,null
https://data.bodemenondergrond.vlaanderen.be/id/concept/fossieltype/165,http://www.w3.org/2004/02/skos/core#Concept,be.vlaanderen.bodemenondergrond.data.id.concept.fossieltype.165,Nummulites wemmelensis,https://data.bodemenondergrond.vlaanderen.be/id/conceptscheme/fossieltype,165,mariene fauna|Nummulites wemmelensis,Nummulites wemmelensis,https://data.bodemenondergrond.vlaanderen.be/id/conceptscheme/fossieltype,null
https://data.bodemenondergrond.vlaanderen.be/id/concept/fossieltype/166,http://www.w3.org/2004/02/skos/core#Concept,be.vlaanderen.bodemenondergrond.data.id.concept.fossieltype.166,Lucina squamula,https://data.bodemenondergrond.vlaanderen.be/id/conceptscheme/fossieltype,166,mariene fauna|Lucina squamula,Lucina squamula,https://data.bodemenondergrond.vlaanderen.be/id/conceptscheme/fossieltype,null
https://data.bodemenondergrond.vlaanderen.be/id/concept/fossieltype/167,http://www.w3.org/2004/02/skos/core#Concept,be.vlaanderen.bodemenondergrond.data.id.concept.fossieltype.167,Ditrupa sp.,https://data.bodemenondergrond.vlaanderen.be/id/conceptscheme/fossieltype,167,mariene fauna|Ditrupa sp.,Ditrupa sp.,https://data.bodemenondergrond.vlaanderen.be/id/conceptscheme/fossieltype,null
https://data.bodemenondergrond.vlaanderen.be/id/concept/fossieltype/168,http://www.w3.org/2004/02/skos/core#Concept,be.vlaanderen.bodemenondergrond.data.id.concept.fossieltype.168,Thecidea papillata,https://data.bodemenondergrond.vlaanderen.be/id/conceptscheme/fossieltype,168,mariene fauna|Thecidea papillata,Thecidea papillata,https://data.bodemenondergrond.vlaanderen.be/id/conceptscheme/fossieltype,null
https://data.bodemenondergrond.vlaanderen.be/id/concept/fossieltype/169,http://www.w3.org/2004/02/skos/core#Concept,be.vlaanderen.bodemenondergrond.data.id.concept.fossieltype.169,Trigonosemus pectiniformis,https://data.bodemenondergrond.vlaanderen.be/id/conceptscheme/fossieltype,169,mariene fauna|Trigonosemus pectiniformis,Trigonosemus pectiniformis,https://data.bodemenondergrond.vlaanderen.be/id/conceptscheme/fossieltype,null
https://data.bodemenondergrond.vlaanderen.be/id/concept/fossieltype/17,http://www.w3.org/2004/02/skos/core#Concept,be.vlaanderen.bodemenondergrond.data.id.concept.fossieltype.17,visresten,https://data.bodemenondergrond.vlaanderen.be/id/conceptscheme/fossieltype,17,fauna|visresten,visresten,https://data.bodemenondergrond.vlaanderen.be/id/conceptscheme/fossieltype,null
https://data.bodemenondergrond.vlaanderen.be/id/concept/fossieltype/170,http://www.w3.org/2004/02/skos/core#Concept,be.vlaanderen.bodemenondergrond.data.id.concept.fossieltype.170,Crania ignabergensis,https://data.bodemenondergrond.vlaanderen.be/id/conceptscheme/fossieltype,170,mariene fauna|Crania ignabergensis,Crania ignabergensis,https://data.bodemenondergrond.vlaanderen.be/id/conceptscheme/fossieltype,null
https://data.bodemenondergrond.vlaanderen.be/id/concept/fossieltype/171,http://www.w3.org/2004/02/skos/core#Concept,be.vlaanderen.bodemenondergrond.data.id.concept.fossieltype.171,Productus cora,https://data.bodemenondergrond.vlaanderen.be/id/conceptscheme/fossieltype,171,mariene fauna|Productus cora,Productus cora,https://data.bodemenondergrond.vlaanderen.be/id/conceptscheme/fossieltype,null
https://data.bodemenondergrond.vlaanderen.be/id/concept/fossieltype/172,http://www.w3.org/2004/02/skos/core#Concept,be.vlaanderen.bodemenondergrond.data.id.concept.fossieltype.172,Spirifer glaber,https://data.bodemenondergrond.vlaanderen.be/id/conceptscheme/fossieltype,172,mariene fauna|Spirifer glaber,Spirifer glaber,https://data.bodemenondergrond.vlaanderen.be/id/conceptscheme/fossieltype,null
https://data.bodemenondergrond.vlaanderen.be/id/concept/fossieltype/173,http://www.w3.org/2004/02/skos/core#Concept,be.vlaanderen.bodemenondergrond.data.id.concept.fossieltype.173,Streptorhynchus crenistria,https://data.bodemenondergrond.vlaanderen.be/id/conceptscheme/fossieltype,173,mariene fauna|Streptorhynchus crenistria,Streptorhynchus crenistria,https://data.bodemenondergrond.vlaanderen.be/id/conceptscheme/fossieltype,null
https://data.bodemenondergrond.vlaanderen.be/id/concept/fossieltype/174,http://www.w3.org/2004/02/skos/core#Concept,be.vlaanderen.bodemenondergrond.data.id.concept.fossieltype.174,Chonetes papilionacea,https://data.bodemenondergrond.vlaanderen.be/id/conceptscheme/fossieltype,174,mariene fauna|Chonetes papilionacea,Chonetes papilionacea,https://data.bodemenondergrond.vlaanderen.be/id/conceptscheme/fossieltype,null
https://data.bodemenondergrond.vlaanderen.be/id/concept/fossieltype/175,http://www.w3.org/2004/02/skos/core#Concept,be.vlaanderen.bodemenondergrond.data.id.concept.fossieltype.175,Vola sp.,https://data.bodemenondergrond.vlaanderen.be/id/conceptscheme/fossieltype,175,mariene fauna|Vola sp.,Vola sp.,https://data.bodemenondergrond.vlaanderen.be/id/conceptscheme/fossieltype,null
https://data.bodemenondergrond.vlaanderen.be/id/concept/fossieltype/176,http://www.w3.org/2004/02/skos/core#Concept,be.vlaanderen.bodemenondergrond.data.id.concept.fossieltype.176,Vola quadricostata,https://data.bodemenondergrond.vlaanderen.be/id/conceptscheme/fossieltype,176,mariene fauna|Vola quadricostata,Vola quadricostata,https://data.bodemenondergrond.vlaanderen.be/id/conceptscheme/fossieltype,null
https://data.bodemenondergrond.vlaanderen.be/id/concept/fossieltype/177,http://www.w3.org/2004/02/skos/core#Concept,be.vlaanderen.bodemenondergrond.data.id.concept.fossieltype.177,Trigonia limbata,https://data.bodemenondergrond.vlaanderen.be/id/conceptscheme/fossieltype,177,mariene fauna|Trigonia limbata,Trigonia limbata,https://data.bodemenondergrond.vlaanderen.be/id/conceptscheme/fossieltype,null
https://data.bodemenondergrond.vlaanderen.be/id/concept/fossieltype/178,http://www.w3.org/2004/02/skos/core#Concept,be.vlaanderen.bodemenondergrond.data.id.concept.fossieltype.178,Cyprimeria gelinitzi,https://data.bodemenondergrond.vlaanderen.be/id/conceptscheme/fossieltype,178,mariene fauna|Cyprimeria gelinitzi,Cyprimeria gelinitzi,https://data.bodemenondergrond.vlaanderen.be/id/conceptscheme/fossieltype,null
https://data.bodemenondergrond.vlaanderen.be/id/concept/fossieltype/179,http://www.w3.org/2004/02/skos/core#Concept,be.vlaanderen.bodemenondergrond.data.id.concept.fossieltype.179,Crustaceae (kreeftachtigen),https://data.bodemenondergrond.vlaanderen.be/id/conceptscheme/fossieltype,179,mariene fauna|Crustaceae (kreeftachtigen),Crustaceae,https://data.bodemenondergrond.vlaanderen.be/id/conceptscheme/fossieltype,null
https://data.bodemenondergrond.vlaanderen.be/id/concept/fossieltype/18,http://www.w3.org/2004/02/skos/core#Concept,be.vlaanderen.bodemenondergrond.data.id.concept.fossieltype.18,Alethopteris sp.,https://data.bodemenondergrond.vlaanderen.be/id/conceptscheme/fossieltype,18,flora|Alethopteris sp.,Alethopteris sp.,https://data.bodemenondergrond.vlaanderen.be/id/conceptscheme/fossieltype,null
https://data.bodemenondergrond.vlaanderen.be/id/concept/fossieltype/180,http://www.w3.org/2004/02/skos/core#Concept,be.vlaanderen.bodemenondergrond.data.id.concept.fossieltype.180,Ditrupa mosae,https://data.bodemenondergrond.vlaanderen.be/id/conceptscheme/fossieltype,180,mariene fauna|Ditrupa mosae,Ditrupa mosae,https://data.bodemenondergrond.vlaanderen.be/id/conceptscheme/fossieltype,null
https://data.bodemenondergrond.vlaanderen.be/id/concept/fossieltype/181,http://www.w3.org/2004/02/skos/core#Concept,be.vlaanderen.bodemenondergrond.data.id.concept.fossieltype.181,Turritella nodosa,https://data.bodemenondergrond.vlaanderen.be/id/conceptscheme/fossieltype,181,mariene fauna|Turritella nodosa,Turritella nodosa,https://data.bodemenondergrond.vlaanderen.be/id/conceptscheme/fossieltype,null
https://data.bodemenondergrond.vlaanderen.be/id/concept/fossieltype/182,http://www.w3.org/2004/02/skos/core#Concept,be.vlaanderen.bodemenondergrond.data.id.concept.fossieltype.182,Eriphyla lenticularis,https://data.bodemenondergrond.vlaanderen.be/id/conceptscheme/fossieltype,182,mariene fauna|Eriphyla lenticularis,Eriphyla lenticularis,https://data.bodemenondergrond.vlaanderen.be/id/conceptscheme/fossieltype,null
https://data.bodemenondergrond.vlaanderen.be/id/concept/fossieltype/183,http://www.w3.org/2004/02/skos/core#Concept,be.vlaanderen.bodemenondergrond.data.id.concept.fossieltype.183,Calcarina sp.,https://data.bodemenondergrond.vlaanderen.be/id/conceptscheme/fossieltype,183,mariene fauna|Calcarina sp.,Calcarina sp.,https://data.bodemenondergrond.vlaanderen.be/id/conceptscheme/fossieltype,null
https://data.bodemenondergrond.vlaanderen.be/id/concept/fossieltype/184,http://www.w3.org/2004/02/skos/core#Concept,be.vlaanderen.bodemenondergrond.data.id.concept.fossieltype.184,Calcarina calcitrapoides,https://data.bodemenondergrond.vlaanderen.be/id/conceptscheme/fossieltype,184,mariene fauna|Calcarina calcitrapoides,Calcarina calcitrapoides,https://data.bodemenondergrond.vlaanderen.be/id/conceptscheme/fossieltype,null
https://data.bodemenondergrond.vlaanderen.be/id/concept/fossieltype/185,http://www.w3.org/2004/02/skos/core#Concept,be.vlaanderen.bodemenondergrond.data.id.concept.fossieltype.185,Cyprina nysti,https://data.bodemenondergrond.vlaanderen.be/id/conceptscheme/fossieltype,185,mariene fauna|Cyprina nysti,Cyprina nysti,https://data.bodemenondergrond.vlaanderen.be/id/conceptscheme/fossieltype,null
https://data.bodemenondergrond.vlaanderen.be/id/concept/fossieltype/186,http://www.w3.org/2004/02/skos/core#Concept,be.vlaanderen.bodemenondergrond.data.id.concept.fossieltype.186,Pectunculus observatus,https://data.bodemenondergrond.vlaanderen.be/id/conceptscheme/fossieltype,186,mariene fauna|Pectunculus observatus,Pectunculus observatus,https://data.bodemenondergrond.vlaanderen.be/id/conceptscheme/fossieltype,null
https://data.bodemenondergrond.vlaanderen.be/id/concept/fossieltype/187,http://www.w3.org/2004/02/skos/core#Concept,be.vlaanderen.bodemenondergrond.data.id.concept.fossieltype.187,Actinocamax quadratus,https://data.bodemenondergrond.vlaanderen.be/id/conceptscheme/fossieltype,187,mariene fauna|Actinocamax quadratus,Actinocamax quadratus,https://data.bodemenondergrond.vlaanderen.be/id/conceptscheme/fossieltype,null
https://data.bodemenondergrond.vlaanderen.be/id/concept/fossieltype/188,http://www.w3.org/2004/02/skos/core#Concept,be.vlaanderen.bodemenondergrond.data.id.concept.fossieltype.188,Actinocamax sp.,https://data.bodemenondergrond.vlaanderen.be/id/conceptscheme/fossieltype,188,mariene fauna|Actinocamax sp.,Actinocamax sp.,https://data.bodemenondergrond.vlaanderen.be/id/conceptscheme/fossieltype,null
https://data.bodemenondergrond.vlaanderen.be/id/concept/fossieltype/189,http://www.w3.org/2004/02/skos/core#Concept,be.vlaanderen.bodemenondergrond.data.id.concept.fossieltype.189,Avicula sp.,https://data.bodemenondergrond.vlaanderen.be/id/conceptscheme/fossieltype,189,mariene fauna|Avicula sp.,Avicula sp.,https://data.bodemenondergrond.vlaanderen.be/id/conceptscheme/fossieltype,null
https://data.bodemenondergrond.vlaanderen.be/id/concept/fossieltype/19,http://www.w3.org/2004/02/skos/core#Concept,be.vlaanderen.bodemenondergrond.data.id.concept.fossieltype.19,Annularia sp.,https://data.bodemenondergrond.vlaanderen.be/id/conceptscheme/fossieltype,19,flora|Annularia sp.,Annularia sp.,https://data.bodemenondergrond.vlaanderen.be/id/conceptscheme/fossieltype,null
https://data.bodemenondergrond.vlaanderen.be/id/concept/fossieltype/190,http://www.w3.org/2004/02/skos/core#Concept,be.vlaanderen.bodemenondergrond.data.id.concept.fossieltype.190,Rhynchonella plicatilis,https://data.bodemenondergrond.vlaanderen.be/id/conceptscheme/fossieltype,190,mariene fauna|Rhynchonella plicatilis,Rhynchonella plicatilis,https://data.bodemenondergrond.vlaanderen.be/id/conceptscheme/fossieltype,null
https://data.bodemenondergrond.vlaanderen.be/id/concept/fossieltype/191,http://www.w3.org/2004/02/skos/core#Concept,be.vlaanderen.bodemenondergrond.data.id.concept.fossieltype.191,Rhynchonella sp.,https://data.bodemenondergrond.vlaanderen.be/id/conceptscheme/fossieltype,191,mariene fauna|Rhynchonella sp.,Rhynchonella sp.,https://data.bodemenondergrond.vlaanderen.be/id/conceptscheme/fossieltype,null
https://data.bodemenondergrond.vlaanderen.be/id/concept/fossieltype/192,http://www.w3.org/2004/02/skos/core#Concept,be.vlaanderen.bodemenondergrond.data.id.concept.fossieltype.192,Bourgueticrinus ellipticus,https://data.bodemenondergrond.vlaanderen.be/id/conceptscheme/fossieltype,192,mariene fauna|Bourgueticrinus ellipticus,Bourgueticrinus ellipticus,https://data.bodemenondergrond.vlaanderen.be/id/conceptscheme/fossieltype,null
https://data.bodemenondergrond.vlaanderen.be/id/concept/fossieltype/193,http://www.w3.org/2004/02/skos/core#Concept,be.vlaanderen.bodemenondergrond.data.id.concept.fossieltype.193,Echinocorys sp.,https://data.bodemenondergrond.vlaanderen.be/id/conceptscheme/fossieltype,193,mariene fauna|Echinocorys sp.,Echinocorys sp.,https://data.bodemenondergrond.vlaanderen.be/id/conceptscheme/fossieltype,null
https://data.bodemenondergrond.vlaanderen.be/id/concept/fossieltype/194,http://www.w3.org/2004/02/skos/core#Concept,be.vlaanderen.bodemenondergrond.data.id.concept.fossieltype.194,Echinocorys vulgaris,https://data.bodemenondergrond.vlaanderen.be/id/conceptscheme/fossieltype,194,mariene fauna|Echinocorys vulgaris,Echinocorys vulgaris,https://data.bodemenondergrond.vlaanderen.be/id/conceptscheme/fossieltype,null
https://data.bodemenondergrond.vlaanderen.be/id/concept/fossieltype/195,http://www.w3.org/2004/02/skos/core#Concept,be.vlaanderen.bodemenondergrond.data.id.concept.fossieltype.195,Ostrea semiplana,https://data.bodemenondergrond.vlaanderen.be/id/conceptscheme/fossieltype,195,mariene fauna|Ostrea semiplana,Ostrea semiplana,https://data.bodemenondergrond.vlaanderen.be/id/conceptscheme/fossieltype,null
https://data.bodemenondergrond.vlaanderen.be/id/concept/fossieltype/196,http://www.w3.org/2004/02/skos/core#Concept,be.vlaanderen.bodemenondergrond.data.id.concept.fossieltype.196,algen,https://data.bodemenondergrond.vlaanderen.be/id/conceptscheme/fossieltype,196,mariene fauna|algen,algen,https://data.bodemenondergrond.vlaanderen.be/id/conceptscheme/fossieltype,null
https://data.bodemenondergrond.vlaanderen.be/id/concept/fossieltype/197,http://www.w3.org/2004/02/skos/core#Concept,be.vlaanderen.bodemenondergrond.data.id.concept.fossieltype.197,foraminiferen,https://data.bodemenondergrond.vlaanderen.be/id/conceptscheme/fossieltype,197,fauna|foraminiferen,foraminiferen,https://data.bodemenondergrond.vlaanderen.be/id/conceptscheme/fossieltype,null
https://data.bodemenondergrond.vlaanderen.be/id/concept/fossieltype/198,http://www.w3.org/2004/02/skos/core#Concept,be.vlaanderen.bodemenondergrond.data.id.concept.fossieltype.198,Ostrea vesicularis,https://data.bodemenondergrond.vlaanderen.be/id/conceptscheme/fossieltype,198,mariene fauna|Ostrea vesicularis,Ostrea vesicularis,https://data.bodemenondergrond.vlaanderen.be/id/conceptscheme/fossieltype,null
https://data.bodemenondergrond.vlaanderen.be/id/concept/fossieltype/199,http://www.w3.org/2004/02/skos/core#Concept,be.vlaanderen.bodemenondergrond.data.id.concept.fossieltype.199,Janira quadricostata,https://data.bodemenondergrond.vlaanderen.be/id/conceptscheme/fossieltype,199,mariene fauna|Janira quadricostata,Janira quadricostata,https://data.bodemenondergrond.vlaanderen.be/id/conceptscheme/fossieltype,null
https://data.bodemenondergrond.vlaanderen.be/id/concept/fossieltype/2,http://www.w3.org/2004/02/skos/core#Concept,be.vlaanderen.bodemenondergrond.data.id.concept.fossieltype.2,onbepaald ichnofossiel / sporenfossiel,https://data.bodemenondergrond.vlaanderen.be/id/conceptscheme/fossieltype,2,ichnofossiel|onbepaald ichnofossiel / sporenfossiel,onbepaald ichnofossiel,https://data.bodemenondergrond.vlaanderen.be/id/conceptscheme/fossieltype,null
https://data.bodemenondergrond.vlaanderen.be/id/concept/fossieltype/20,http://www.w3.org/2004/02/skos/core#Concept,be.vlaanderen.bodemenondergrond.data.id.concept.fossieltype.20,Asterophyllites sp.,https://data.bodemenondergrond.vlaanderen.be/id/conceptscheme/fossieltype,20,flora|Asterophyllites sp.,Asterophyllites sp.,https://data.bodemenondergrond.vlaanderen.be/id/conceptscheme/fossieltype,null
https://data.bodemenondergrond.vlaanderen.be/id/concept/fossieltype/200,http://www.w3.org/2004/02/skos/core#Concept,be.vlaanderen.bodemenondergrond.data.id.concept.fossieltype.200,Rhynchonella  limbata,https://data.bodemenondergrond.vlaanderen.be/id/conceptscheme/fossieltype,200,mariene fauna|Rhynchonella  limbata,Rhynchonella  limbata,https://data.bodemenondergrond.vlaanderen.be/id/conceptscheme/fossieltype,null
https://data.bodemenondergrond.vlaanderen.be/id/concept/fossieltype/201,http://www.w3.org/2004/02/skos/core#Concept,be.vlaanderen.bodemenondergrond.data.id.concept.fossieltype.201,Belemnitella sp.,https://data.bodemenondergrond.vlaanderen.be/id/conceptscheme/fossieltype,201,mariene fauna|Belemnitella sp.,Belemnitella sp.,https://data.bodemenondergrond.vlaanderen.be/id/conceptscheme/fossieltype,null
https://data.bodemenondergrond.vlaanderen.be/id/concept/fossieltype/202,http://www.w3.org/2004/02/skos/core#Concept,be.vlaanderen.bodemenondergrond.data.id.concept.fossieltype.202,Rhynchonella dutempleana,https://data.bodemenondergrond.vlaanderen.be/id/conceptscheme/fossieltype,202,mariene fauna|Rhynchonella dutempleana,Rhynchonella dutempleana,https://data.bodemenondergrond.vlaanderen.be/id/conceptscheme/fossieltype,null
https://data.bodemenondergrond.vlaanderen.be/id/concept/fossieltype/203,http://www.w3.org/2004/02/skos/core#Concept,be.vlaanderen.bodemenondergrond.data.id.concept.fossieltype.203,belemnieten (groep van tienarmige inktvissen),https://data.bodemenondergrond.vlaanderen.be/id/conceptscheme/fossieltype,203,mariene fauna|belemnieten (groep van tienarmige inktvissen),belemnieten,https://data.bodemenondergrond.vlaanderen.be/id/conceptscheme/fossieltype,null
https://data.bodemenondergrond.vlaanderen.be/id/concept/fossieltype/204,http://www.w3.org/2004/02/skos/core#Concept,be.vlaanderen.bodemenondergrond.data.id.concept.fossieltype.204,Gyrolites davreuxi,https://data.bodemenondergrond.vlaanderen.be/id/conceptscheme/fossieltype,204,marien ichnofossiel|Gyrolites davreuxi,Gyrolites davreuxi,https://data.bodemenondergrond.vlaanderen.be/id/conceptscheme/fossieltype,null
https://data.bodemenondergrond.vlaanderen.be/id/concept/fossieltype/205,http://www.w3.org/2004/02/skos/core#Concept,be.vlaanderen.bodemenondergrond.data.id.concept.fossieltype.205,Bivalven (tweekleppigen),https://data.bodemenondergrond.vlaanderen.be/id/conceptscheme/fossieltype,205,mariene fauna|Bivalven (tweekleppigen),Bivalven,https://data.bodemenondergrond.vlaanderen.be/id/conceptscheme/fossieltype,null
https://data.bodemenondergrond.vlaanderen.be/id/concept/fossieltype/206,http://www.w3.org/2004/02/skos/core#Concept,be.vlaanderen.bodemenondergrond.data.id.concept.fossieltype.206,Pecten spatulus,https://data.bodemenondergrond.vlaanderen.be/id/conceptscheme/fossieltype,206,mariene fauna|Pecten spatulus,Pecten spatulus,https://data.bodemenondergrond.vlaanderen.be/id/conceptscheme/fossieltype,null
https://data.bodemenondergrond.vlaanderen.be/id/concept/fossieltype/207,http://www.w3.org/2004/02/skos/core#Concept,be.vlaanderen.bodemenondergrond.data.id.concept.fossieltype.207,Terebratula sp.,https://data.bodemenondergrond.vlaanderen.be/id/conceptscheme/fossieltype,207,mariene fauna|Terebratula sp.,Terebratula sp.,https://data.bodemenondergrond.vlaanderen.be/id/conceptscheme/fossieltype,null
https://data.bodemenondergrond.vlaanderen.be/id/concept/fossieltype/208,http://www.w3.org/2004/02/skos/core#Concept,be.vlaanderen.bodemenondergrond.data.id.concept.fossieltype.208,Ostrea laciniata,https://data.bodemenondergrond.vlaanderen.be/id/conceptscheme/fossieltype,208,mariene fauna|Ostrea laciniata,Ostrea laciniata,https://data.bodemenondergrond.vlaanderen.be/id/conceptscheme/fossieltype,null
https://data.bodemenondergrond.vlaanderen.be/id/concept/fossieltype/209,http://www.w3.org/2004/02/skos/core#Concept,be.vlaanderen.bodemenondergrond.data.id.concept.fossieltype.209,Lima sp.,https://data.bodemenondergrond.vlaanderen.be/id/conceptscheme/fossieltype,209,mariene fauna|Lima sp.,Lima sp.,https://data.bodemenondergrond.vlaanderen.be/id/conceptscheme/fossieltype,null
https://data.bodemenondergrond.vlaanderen.be/id/concept/fossieltype/21,http://www.w3.org/2004/02/skos/core#Concept,be.vlaanderen.bodemenondergrond.data.id.concept.fossieltype.21,Aulacopteris sp.,https://data.bodemenondergrond.vlaanderen.be/id/conceptscheme/fossieltype,21,flora|Aulacopteris sp.,Aulacopteris sp.,https://data.bodemenondergrond.vlaanderen.be/id/conceptscheme/fossieltype,null
https://data.bodemenondergrond.vlaanderen.be/id/concept/fossieltype/210,http://www.w3.org/2004/02/skos/core#Concept,be.vlaanderen.bodemenondergrond.data.id.concept.fossieltype.210,Baculites sp.,https://data.bodemenondergrond.vlaanderen.be/id/conceptscheme/fossieltype,210,mariene fauna|Baculites sp.,Baculites sp.,https://data.bodemenondergrond.vlaanderen.be/id/conceptscheme/fossieltype,null
https://data.bodemenondergrond.vlaanderen.be/id/concept/fossieltype/211,http://www.w3.org/2004/02/skos/core#Concept,be.vlaanderen.bodemenondergrond.data.id.concept.fossieltype.211,Lima soverbyi,https://data.bodemenondergrond.vlaanderen.be/id/conceptscheme/fossieltype,211,mariene fauna|Lima soverbyi,Lima soverbyi,https://data.bodemenondergrond.vlaanderen.be/id/conceptscheme/fossieltype,null
https://data.bodemenondergrond.vlaanderen.be/id/concept/fossieltype/212,http://www.w3.org/2004/02/skos/core#Concept,be.vlaanderen.bodemenondergrond.data.id.concept.fossieltype.212,Pecten loevis,https://data.bodemenondergrond.vlaanderen.be/id/conceptscheme/fossieltype,212,mariene fauna|Pecten loevis,Pecten loevis,https://data.bodemenondergrond.vlaanderen.be/id/conceptscheme/fossieltype,null
https://data.bodemenondergrond.vlaanderen.be/id/concept/fossieltype/213,http://www.w3.org/2004/02/skos/core#Concept,be.vlaanderen.bodemenondergrond.data.id.concept.fossieltype.213,Arca subglabra,https://data.bodemenondergrond.vlaanderen.be/id/conceptscheme/fossieltype,213,mariene fauna|Arca subglabra,Arca subglabra,https://data.bodemenondergrond.vlaanderen.be/id/conceptscheme/fossieltype,null
https://data.bodemenondergrond.vlaanderen.be/id/concept/fossieltype/214,http://www.w3.org/2004/02/skos/core#Concept,be.vlaanderen.bodemenondergrond.data.id.concept.fossieltype.214,Turritella alternans,https://data.bodemenondergrond.vlaanderen.be/id/conceptscheme/fossieltype,214,mariene fauna|Turritella alternans,Turritella alternans,https://data.bodemenondergrond.vlaanderen.be/id/conceptscheme/fossieltype,null
https://data.bodemenondergrond.vlaanderen.be/id/concept/fossieltype/215,http://www.w3.org/2004/02/skos/core#Concept,be.vlaanderen.bodemenondergrond.data.id.concept.fossieltype.215,Turritella sp.,https://data.bodemenondergrond.vlaanderen.be/id/conceptscheme/fossieltype,215,mariene fauna|Turritella sp.,Turritella sp.,https://data.bodemenondergrond.vlaanderen.be/id/conceptscheme/fossieltype,null
https://data.bodemenondergrond.vlaanderen.be/id/concept/fossieltype/216,http://www.w3.org/2004/02/skos/core#Concept,be.vlaanderen.bodemenondergrond.data.id.concept.fossieltype.216,Cerithium sp.,https://data.bodemenondergrond.vlaanderen.be/id/conceptscheme/fossieltype,216,mariene fauna|Cerithium sp.,Cerithium sp.,https://data.bodemenondergrond.vlaanderen.be/id/conceptscheme/fossieltype,null
https://data.bodemenondergrond.vlaanderen.be/id/concept/fossieltype/217,http://www.w3.org/2004/02/skos/core#Concept,be.vlaanderen.bodemenondergrond.data.id.concept.fossieltype.217,Cerithium decheni,https://data.bodemenondergrond.vlaanderen.be/id/conceptscheme/fossieltype,217,mariene fauna|Cerithium decheni,Cerithium decheni,https://data.bodemenondergrond.vlaanderen.be/id/conceptscheme/fossieltype,null
https://data.bodemenondergrond.vlaanderen.be/id/concept/fossieltype/218,http://www.w3.org/2004/02/skos/core#Concept,be.vlaanderen.bodemenondergrond.data.id.concept.fossieltype.218,Meretrix ovalis,https://data.bodemenondergrond.vlaanderen.be/id/conceptscheme/fossieltype,218,mariene fauna|Meretrix ovalis,Meretrix ovalis,https://data.bodemenondergrond.vlaanderen.be/id/conceptscheme/fossieltype,null
https://data.bodemenondergrond.vlaanderen.be/id/concept/fossieltype/219,http://www.w3.org/2004/02/skos/core#Concept,be.vlaanderen.bodemenondergrond.data.id.concept.fossieltype.219,Gyrolites sp.,https://data.bodemenondergrond.vlaanderen.be/id/conceptscheme/fossieltype,219,marien ichnofossiel|Gyrolites sp.,Gyrolites sp.,https://data.bodemenondergrond.vlaanderen.be/id/conceptscheme/fossieltype,null
https://data.bodemenondergrond.vlaanderen.be/id/concept/fossieltype/22,http://www.w3.org/2004/02/skos/core#Concept,be.vlaanderen.bodemenondergrond.data.id.concept.fossieltype.22,Bothrodendron sp.,https://data.bodemenondergrond.vlaanderen.be/id/conceptscheme/fossieltype,22,flora|Bothrodendron sp.,Bothrodendron sp.,https://data.bodemenondergrond.vlaanderen.be/id/conceptscheme/fossieltype,null
https://data.bodemenondergrond.vlaanderen.be/id/concept/fossieltype/220,http://www.w3.org/2004/02/skos/core#Concept,be.vlaanderen.bodemenondergrond.data.id.concept.fossieltype.220,Leda deshayesiana,https://data.bodemenondergrond.vlaanderen.be/id/conceptscheme/fossieltype,220,mariene fauna|Leda deshayesiana,Leda deshayesiana,https://data.bodemenondergrond.vlaanderen.be/id/conceptscheme/fossieltype,null
https://data.bodemenondergrond.vlaanderen.be/id/concept/fossieltype/221,http://www.w3.org/2004/02/skos/core#Concept,be.vlaanderen.bodemenondergrond.data.id.concept.fossieltype.221,Gyrolites dewalquei,https://data.bodemenondergrond.vlaanderen.be/id/conceptscheme/fossieltype,221,mariene fauna|Gyrolites dewalquei,Gyrolites dewalquei,https://data.bodemenondergrond.vlaanderen.be/id/conceptscheme/fossieltype,null
https://data.bodemenondergrond.vlaanderen.be/id/concept/fossieltype/222,http://www.w3.org/2004/02/skos/core#Concept,be.vlaanderen.bodemenondergrond.data.id.concept.fossieltype.222,Inoceramus sp.,https://data.bodemenondergrond.vlaanderen.be/id/conceptscheme/fossieltype,222,mariene fauna|Inoceramus sp.,Inoceramus sp.,https://data.bodemenondergrond.vlaanderen.be/id/conceptscheme/fossieltype,null
https://data.bodemenondergrond.vlaanderen.be/id/concept/fossieltype/223,http://www.w3.org/2004/02/skos/core#Concept,be.vlaanderen.bodemenondergrond.data.id.concept.fossieltype.223,Nodosaria sp.,https://data.bodemenondergrond.vlaanderen.be/id/conceptscheme/fossieltype,223,mariene fauna|Nodosaria sp.,Nodosaria sp.,https://data.bodemenondergrond.vlaanderen.be/id/conceptscheme/fossieltype,null
https://data.bodemenondergrond.vlaanderen.be/id/concept/fossieltype/224,http://www.w3.org/2004/02/skos/core#Concept,be.vlaanderen.bodemenondergrond.data.id.concept.fossieltype.224,Cyprina morrisi,https://data.bodemenondergrond.vlaanderen.be/id/conceptscheme/fossieltype,224,mariene fauna|Cyprina morrisi,Cyprina morrisi,https://data.bodemenondergrond.vlaanderen.be/id/conceptscheme/fossieltype,null
https://data.bodemenondergrond.vlaanderen.be/id/concept/fossieltype/225,http://www.w3.org/2004/02/skos/core#Concept,be.vlaanderen.bodemenondergrond.data.id.concept.fossieltype.225,Osmeroides sp.,https://data.bodemenondergrond.vlaanderen.be/id/conceptscheme/fossieltype,225,mariene fauna|Osmeroides sp.,Osmeroides sp.,https://data.bodemenondergrond.vlaanderen.be/id/conceptscheme/fossieltype,null
https://data.bodemenondergrond.vlaanderen.be/id/concept/fossieltype/226,http://www.w3.org/2004/02/skos/core#Concept,be.vlaanderen.bodemenondergrond.data.id.concept.fossieltype.226,Tellina sp.,https://data.bodemenondergrond.vlaanderen.be/id/conceptscheme/fossieltype,226,mariene fauna|Tellina sp.,Tellina sp.,https://data.bodemenondergrond.vlaanderen.be/id/conceptscheme/fossieltype,null
https://data.bodemenondergrond.vlaanderen.be/id/concept/fossieltype/227,http://www.w3.org/2004/02/skos/core#Concept,be.vlaanderen.bodemenondergrond.data.id.concept.fossieltype.227,Spondyles sp.,https://data.bodemenondergrond.vlaanderen.be/id/conceptscheme/fossieltype,227,mariene fauna|Spondyles sp.,Spondyles sp.,https://data.bodemenondergrond.vlaanderen.be/id/conceptscheme/fossieltype,null
https://data.bodemenondergrond.vlaanderen.be/id/concept/fossieltype/228,http://www.w3.org/2004/02/skos/core#Concept,be.vlaanderen.bodemenondergrond.data.id.concept.fossieltype.228,Pecten pulchellus,https://data.bodemenondergrond.vlaanderen.be/id/conceptscheme/fossieltype,228,mariene fauna|Pecten pulchellus,Pecten pulchellus,https://data.bodemenondergrond.vlaanderen.be/id/conceptscheme/fossieltype,null
https://data.bodemenondergrond.vlaanderen.be/id/concept/fossieltype/23,http://www.w3.org/2004/02/skos/core#Concept,be.vlaanderen.bodemenondergrond.data.id.concept.fossieltype.23,Bothrostrobus sp.,https://data.bodemenondergrond.vlaanderen.be/id/conceptscheme/fossieltype,23,flora|Bothrostrobus sp.,Bothrostrobus sp.,https://data.bodemenondergrond.vlaanderen.be/id/conceptscheme/fossieltype,null
https://data.bodemenondergrond.vlaanderen.be/id/concept/fossieltype/230,http://www.w3.org/2004/02/skos/core#Concept,be.vlaanderen.bodemenondergrond.data.id.concept.fossieltype.230,oesters,https://data.bodemenondergrond.vlaanderen.be/id/conceptscheme/fossieltype,230,mariene fauna|oesters,oesters,https://data.bodemenondergrond.vlaanderen.be/id/conceptscheme/fossieltype,null
https://data.bodemenondergrond.vlaanderen.be/id/concept/fossieltype/231,http://www.w3.org/2004/02/skos/core#Concept,be.vlaanderen.bodemenondergrond.data.id.concept.fossieltype.231,Calianassa sp.,https://data.bodemenondergrond.vlaanderen.be/id/conceptscheme/fossieltype,231,marien ichnofossiel|Calianassa sp.,Calianassa sp.,https://data.bodemenondergrond.vlaanderen.be/id/conceptscheme/fossieltype,null
https://data.bodemenondergrond.vlaanderen.be/id/concept/fossieltype/232,http://www.w3.org/2004/02/skos/core#Concept,be.vlaanderen.bodemenondergrond.data.id.concept.fossieltype.232,Janira sp.,https://data.bodemenondergrond.vlaanderen.be/id/conceptscheme/fossieltype,232,mariene fauna|Janira sp.,Janira sp.,https://data.bodemenondergrond.vlaanderen.be/id/conceptscheme/fossieltype,null
https://data.bodemenondergrond.vlaanderen.be/id/concept/fossieltype/233,http://www.w3.org/2004/02/skos/core#Concept,be.vlaanderen.bodemenondergrond.data.id.concept.fossieltype.233,sponzen,https://data.bodemenondergrond.vlaanderen.be/id/conceptscheme/fossieltype,233,mariene fauna|sponzen,sponzen,https://data.bodemenondergrond.vlaanderen.be/id/conceptscheme/fossieltype,null
https://data.bodemenondergrond.vlaanderen.be/id/concept/fossieltype/234,http://www.w3.org/2004/02/skos/core#Concept,be.vlaanderen.bodemenondergrond.data.id.concept.fossieltype.234,coprolieten (gefossiliseerde uitwerpselen),https://data.bodemenondergrond.vlaanderen.be/id/conceptscheme/fossieltype,234,coprolieten (gefossiliseerde uitwerpselen)|ichnofossiel,coprolieten,https://data.bodemenondergrond.vlaanderen.be/id/conceptscheme/fossieltype,null
https://data.bodemenondergrond.vlaanderen.be/id/concept/fossieltype/235,http://www.w3.org/2004/02/skos/core#Concept,be.vlaanderen.bodemenondergrond.data.id.concept.fossieltype.235,Rotalina sp.,https://data.bodemenondergrond.vlaanderen.be/id/conceptscheme/fossieltype,235,mariene fauna|Rotalina sp.,Rotalina sp.,https://data.bodemenondergrond.vlaanderen.be/id/conceptscheme/fossieltype,null
https://data.bodemenondergrond.vlaanderen.be/id/concept/fossieltype/236,http://www.w3.org/2004/02/skos/core#Concept,be.vlaanderen.bodemenondergrond.data.id.concept.fossieltype.236,Neuropteris gigantea,https://data.bodemenondergrond.vlaanderen.be/id/conceptscheme/fossieltype,236,flora|Neuropteris gigantea,Neuropteris gigantea,https://data.bodemenondergrond.vlaanderen.be/id/conceptscheme/fossieltype,null
https://data.bodemenondergrond.vlaanderen.be/id/concept/fossieltype/237,http://www.w3.org/2004/02/skos/core#Concept,be.vlaanderen.bodemenondergrond.data.id.concept.fossieltype.237,Mariopteris sauveuri latifolia,https://data.bodemenondergrond.vlaanderen.be/id/conceptscheme/fossieltype,237,flora|Mariopteris sauveuri latifolia,Mariopteris sauveuri latifolia,https://data.bodemenondergrond.vlaanderen.be/id/conceptscheme/fossieltype,null
https://data.bodemenondergrond.vlaanderen.be/id/concept/fossieltype/238,http://www.w3.org/2004/02/skos/core#Concept,be.vlaanderen.bodemenondergrond.data.id.concept.fossieltype.238,zeeëgel,https://data.bodemenondergrond.vlaanderen.be/id/conceptscheme/fossieltype,238,mariene fauna|zeeëgel,zeeëgel,https://data.bodemenondergrond.vlaanderen.be/id/conceptscheme/fossieltype,null
https://data.bodemenondergrond.vlaanderen.be/id/concept/fossieltype/239,http://www.w3.org/2004/02/skos/core#Concept,be.vlaanderen.bodemenondergrond.data.id.concept.fossieltype.239,Chenopus sp.,https://data.bodemenondergrond.vlaanderen.be/id/conceptscheme/fossieltype,239,mariene fauna|Chenopus sp.,Chenopus sp.,https://data.bodemenondergrond.vlaanderen.be/id/conceptscheme/fossieltype,null
https://data.bodemenondergrond.vlaanderen.be/id/concept/fossieltype/24,http://www.w3.org/2004/02/skos/core#Concept,be.vlaanderen.bodemenondergrond.data.id.concept.fossieltype.24,Calamites sp.,https://data.bodemenondergrond.vlaanderen.be/id/conceptscheme/fossieltype,24,flora|Calamites sp.,Calamites sp.,https://data.bodemenondergrond.vlaanderen.be/id/conceptscheme/fossieltype,null
https://data.bodemenondergrond.vlaanderen.be/id/concept/fossieltype/240,http://www.w3.org/2004/02/skos/core#Concept,be.vlaanderen.bodemenondergrond.data.id.concept.fossieltype.240,Calianassa fayiasi,https://data.bodemenondergrond.vlaanderen.be/id/conceptscheme/fossieltype,240,marien ichnofossiel|Calianassa fayiasi,Calianassa fayiasi,https://data.bodemenondergrond.vlaanderen.be/id/conceptscheme/fossieltype,null
https://data.bodemenondergrond.vlaanderen.be/id/concept/fossieltype/241,http://www.w3.org/2004/02/skos/core#Concept,be.vlaanderen.bodemenondergrond.data.id.concept.fossieltype.241,Nucula chastelli,https://data.bodemenondergrond.vlaanderen.be/id/conceptscheme/fossieltype,241,mariene fauna|Nucula chastelli,Nucula chastelli,https://data.bodemenondergrond.vlaanderen.be/id/conceptscheme/fossieltype,null
https://data.bodemenondergrond.vlaanderen.be/id/concept/fossieltype/242,http://www.w3.org/2004/02/skos/core#Concept,be.vlaanderen.bodemenondergrond.data.id.concept.fossieltype.242,Trigonia sp.,https://data.bodemenondergrond.vlaanderen.be/id/conceptscheme/fossieltype,242,mariene fauna|Trigonia sp.,Trigonia sp.,https://data.bodemenondergrond.vlaanderen.be/id/conceptscheme/fossieltype,null
https://data.bodemenondergrond.vlaanderen.be/id/concept/fossieltype/243,http://www.w3.org/2004/02/skos/core#Concept,be.vlaanderen.bodemenondergrond.data.id.concept.fossieltype.243,Notidamus sp.,https://data.bodemenondergrond.vlaanderen.be/id/conceptscheme/fossieltype,243,mariene fauna|Notidamus sp.,Notidamus sp.,https://data.bodemenondergrond.vlaanderen.be/id/conceptscheme/fossieltype,null
https://data.bodemenondergrond.vlaanderen.be/id/concept/fossieltype/244,http://www.w3.org/2004/02/skos/core#Concept,be.vlaanderen.bodemenondergrond.data.id.concept.fossieltype.244,Pholadomya sp.,https://data.bodemenondergrond.vlaanderen.be/id/conceptscheme/fossieltype,244,mariene fauna|Pholadomya sp.,Pholadomya sp.,https://data.bodemenondergrond.vlaanderen.be/id/conceptscheme/fossieltype,null
https://data.bodemenondergrond.vlaanderen.be/id/concept/fossieltype/245,http://www.w3.org/2004/02/skos/core#Concept,be.vlaanderen.bodemenondergrond.data.id.concept.fossieltype.245,Dosinia lenticularis,https://data.bodemenondergrond.vlaanderen.be/id/conceptscheme/fossieltype,245,mariene fauna|Dosinia lenticularis,Dosinia lenticularis,https://data.bodemenondergrond.vlaanderen.be/id/conceptscheme/fossieltype,null
https://data.bodemenondergrond.vlaanderen.be/id/concept/fossieltype/246,http://www.w3.org/2004/02/skos/core#Concept,be.vlaanderen.bodemenondergrond.data.id.concept.fossieltype.246,Cypris sp.,https://data.bodemenondergrond.vlaanderen.be/id/conceptscheme/fossieltype,246,zoetwaterfauna|Cypris sp.,Cypris sp.,https://data.bodemenondergrond.vlaanderen.be/id/conceptscheme/fossieltype,null
https://data.bodemenondergrond.vlaanderen.be/id/concept/fossieltype/247,http://www.w3.org/2004/02/skos/core#Concept,be.vlaanderen.bodemenondergrond.data.id.concept.fossieltype.247,Ostrea ventilabrum,https://data.bodemenondergrond.vlaanderen.be/id/conceptscheme/fossieltype,247,mariene fauna|Ostrea ventilabrum,Ostrea ventilabrum,https://data.bodemenondergrond.vlaanderen.be/id/conceptscheme/fossieltype,null
https://data.bodemenondergrond.vlaanderen.be/id/concept/fossieltype/248,http://www.w3.org/2004/02/skos/core#Concept,be.vlaanderen.bodemenondergrond.data.id.concept.fossieltype.248,Panopoea sp.,https://data.bodemenondergrond.vlaanderen.be/id/conceptscheme/fossieltype,248,mariene fauna|Panopoea sp.,Panopoea sp.,https://data.bodemenondergrond.vlaanderen.be/id/conceptscheme/fossieltype,null
https://data.bodemenondergrond.vlaanderen.be/id/concept/fossieltype/249,http://www.w3.org/2004/02/skos/core#Concept,be.vlaanderen.bodemenondergrond.data.id.concept.fossieltype.249,Lepidodendron triangulaire,https://data.bodemenondergrond.vlaanderen.be/id/conceptscheme/fossieltype,249,flora|Lepidodendron triangulaire,Lepidodendron triangulaire,https://data.bodemenondergrond.vlaanderen.be/id/conceptscheme/fossieltype,null
https://data.bodemenondergrond.vlaanderen.be/id/concept/fossieltype/25,http://www.w3.org/2004/02/skos/core#Concept,be.vlaanderen.bodemenondergrond.data.id.concept.fossieltype.25,Calamostachys sp.,https://data.bodemenondergrond.vlaanderen.be/id/conceptscheme/fossieltype,25,flora|Calamostachys sp.,Calamostachys sp.,https://data.bodemenondergrond.vlaanderen.be/id/conceptscheme/fossieltype,null
https://data.bodemenondergrond.vlaanderen.be/id/concept/fossieltype/250,http://www.w3.org/2004/02/skos/core#Concept,be.vlaanderen.bodemenondergrond.data.id.concept.fossieltype.250,Ostrea lateralis,https://data.bodemenondergrond.vlaanderen.be/id/conceptscheme/fossieltype,250,mariene fauna|Ostrea lateralis,Ostrea lateralis,https://data.bodemenondergrond.vlaanderen.be/id/conceptscheme/fossieltype,null
https://data.bodemenondergrond.vlaanderen.be/id/concept/fossieltype/251,http://www.w3.org/2004/02/skos/core#Concept,be.vlaanderen.bodemenondergrond.data.id.concept.fossieltype.251,Alethopteris lonchitifolia davreuxi,https://data.bodemenondergrond.vlaanderen.be/id/conceptscheme/fossieltype,251,flora|Alethopteris lonchitifolia davreuxi,Alethopteris lonchitifolia davreuxi,https://data.bodemenondergrond.vlaanderen.be/id/conceptscheme/fossieltype,null
https://data.bodemenondergrond.vlaanderen.be/id/concept/fossieltype/252,http://www.w3.org/2004/02/skos/core#Concept,be.vlaanderen.bodemenondergrond.data.id.concept.fossieltype.252,Enchodus (Faujasi) sp.,https://data.bodemenondergrond.vlaanderen.be/id/conceptscheme/fossieltype,252,mariene fauna|Enchodus (Faujasi) sp.,Enchodus (Faujasi) sp.,https://data.bodemenondergrond.vlaanderen.be/id/conceptscheme/fossieltype,null
https://data.bodemenondergrond.vlaanderen.be/id/concept/fossieltype/253,http://www.w3.org/2004/02/skos/core#Concept,be.vlaanderen.bodemenondergrond.data.id.concept.fossieltype.253,Lamna sp.,https://data.bodemenondergrond.vlaanderen.be/id/conceptscheme/fossieltype,253,mariene fauna|Lamna sp.,Lamna sp.,https://data.bodemenondergrond.vlaanderen.be/id/conceptscheme/fossieltype,null
https://data.bodemenondergrond.vlaanderen.be/id/concept/fossieltype/254,http://www.w3.org/2004/02/skos/core#Concept,be.vlaanderen.bodemenondergrond.data.id.concept.fossieltype.254,Mactra sp.,https://data.bodemenondergrond.vlaanderen.be/id/conceptscheme/fossieltype,254,mariene fauna|Mactra sp.,Mactra sp.,https://data.bodemenondergrond.vlaanderen.be/id/conceptscheme/fossieltype,null
https://data.bodemenondergrond.vlaanderen.be/id/concept/fossieltype/255,http://www.w3.org/2004/02/skos/core#Concept,be.vlaanderen.bodemenondergrond.data.id.concept.fossieltype.255,Anomya (Terebratula),https://data.bodemenondergrond.vlaanderen.be/id/conceptscheme/fossieltype,255,mariene fauna|Anomya (Terebratula),Anomya (Terebratula),https://data.bodemenondergrond.vlaanderen.be/id/conceptscheme/fossieltype,null
https://data.bodemenondergrond.vlaanderen.be/id/concept/fossieltype/256,http://www.w3.org/2004/02/skos/core#Concept,be.vlaanderen.bodemenondergrond.data.id.concept.fossieltype.256,Buccinum sp.,https://data.bodemenondergrond.vlaanderen.be/id/conceptscheme/fossieltype,256,mariene fauna|Buccinum sp.,Buccinum sp.,https://data.bodemenondergrond.vlaanderen.be/id/conceptscheme/fossieltype,null
https://data.bodemenondergrond.vlaanderen.be/id/concept/fossieltype/257,http://www.w3.org/2004/02/skos/core#Concept,be.vlaanderen.bodemenondergrond.data.id.concept.fossieltype.257,Rostellaria sp.,https://data.bodemenondergrond.vlaanderen.be/id/conceptscheme/fossieltype,257,mariene fauna|Rostellaria sp.,Rostellaria sp.,https://data.bodemenondergrond.vlaanderen.be/id/conceptscheme/fossieltype,null
https://data.bodemenondergrond.vlaanderen.be/id/concept/fossieltype/258,http://www.w3.org/2004/02/skos/core#Concept,be.vlaanderen.bodemenondergrond.data.id.concept.fossieltype.258,Mammalia,https://data.bodemenondergrond.vlaanderen.be/id/conceptscheme/fossieltype,258,onbepaald|Mammalia,Mammalia,https://data.bodemenondergrond.vlaanderen.be/id/conceptscheme/fossieltype,null
https://data.bodemenondergrond.vlaanderen.be/id/concept/fossieltype/259,http://www.w3.org/2004/02/skos/core#Concept,be.vlaanderen.bodemenondergrond.data.id.concept.fossieltype.259,Ostrea callifera,https://data.bodemenondergrond.vlaanderen.be/id/conceptscheme/fossieltype,259,mariene fauna|Ostrea callifera,Ostrea callifera,https://data.bodemenondergrond.vlaanderen.be/id/conceptscheme/fossieltype,null
https://data.bodemenondergrond.vlaanderen.be/id/concept/fossieltype/26,http://www.w3.org/2004/02/skos/core#Concept,be.vlaanderen.bodemenondergrond.data.id.concept.fossieltype.26,Cordaites sp.,https://data.bodemenondergrond.vlaanderen.be/id/conceptscheme/fossieltype,26,flora|Cordaites sp.,Cordaites sp.,https://data.bodemenondergrond.vlaanderen.be/id/conceptscheme/fossieltype,null
https://data.bodemenondergrond.vlaanderen.be/id/concept/fossieltype/260,http://www.w3.org/2004/02/skos/core#Concept,be.vlaanderen.bodemenondergrond.data.id.concept.fossieltype.260,Cardium cingulatum,https://data.bodemenondergrond.vlaanderen.be/id/conceptscheme/fossieltype,260,mariene fauna|Cardium cingulatum,Cardium cingulatum,https://data.bodemenondergrond.vlaanderen.be/id/conceptscheme/fossieltype,null
https://data.bodemenondergrond.vlaanderen.be/id/concept/fossieltype/261,http://www.w3.org/2004/02/skos/core#Concept,be.vlaanderen.bodemenondergrond.data.id.concept.fossieltype.261,Annularia radiata,https://data.bodemenondergrond.vlaanderen.be/id/conceptscheme/fossieltype,261,flora|Annularia radiata,Annularia radiata,https://data.bodemenondergrond.vlaanderen.be/id/conceptscheme/fossieltype,null
https://data.bodemenondergrond.vlaanderen.be/id/concept/fossieltype/262,http://www.w3.org/2004/02/skos/core#Concept,be.vlaanderen.bodemenondergrond.data.id.concept.fossieltype.262,Asterophyllites equisetiformis,https://data.bodemenondergrond.vlaanderen.be/id/conceptscheme/fossieltype,262,flora|Asterophyllites equisetiformis,Asterophyllites equisetiformis,https://data.bodemenondergrond.vlaanderen.be/id/conceptscheme/fossieltype,null
https://data.bodemenondergrond.vlaanderen.be/id/concept/fossieltype/263,http://www.w3.org/2004/02/skos/core#Concept,be.vlaanderen.bodemenondergrond.data.id.concept.fossieltype.263,Asterophyllites grandis,https://data.bodemenondergrond.vlaanderen.be/id/conceptscheme/fossieltype,263,flora|Asterophyllites grandis,Asterophyllites grandis,https://data.bodemenondergrond.vlaanderen.be/id/conceptscheme/fossieltype,null
https://data.bodemenondergrond.vlaanderen.be/id/concept/fossieltype/264,http://www.w3.org/2004/02/skos/core#Concept,be.vlaanderen.bodemenondergrond.data.id.concept.fossieltype.264,Alethopteris decurrens,https://data.bodemenondergrond.vlaanderen.be/id/conceptscheme/fossieltype,264,flora|Alethopteris decurrens,Alethopteris decurrens,https://data.bodemenondergrond.vlaanderen.be/id/conceptscheme/fossieltype,null
https://data.bodemenondergrond.vlaanderen.be/id/concept/fossieltype/265,http://www.w3.org/2004/02/skos/core#Concept,be.vlaanderen.bodemenondergrond.data.id.concept.fossieltype.265,Alethopteris lonchitica,https://data.bodemenondergrond.vlaanderen.be/id/conceptscheme/fossieltype,265,flora|Alethopteris lonchitica,Alethopteris lonchitica,https://data.bodemenondergrond.vlaanderen.be/id/conceptscheme/fossieltype,null
https://data.bodemenondergrond.vlaanderen.be/id/concept/fossieltype/266,http://www.w3.org/2004/02/skos/core#Concept,be.vlaanderen.bodemenondergrond.data.id.concept.fossieltype.266,Alethopteris serli,https://data.bodemenondergrond.vlaanderen.be/id/conceptscheme/fossieltype,266,flora|Alethopteris serli,Alethopteris serli,https://data.bodemenondergrond.vlaanderen.be/id/conceptscheme/fossieltype,null
https://data.bodemenondergrond.vlaanderen.be/id/concept/fossieltype/267,http://www.w3.org/2004/02/skos/core#Concept,be.vlaanderen.bodemenondergrond.data.id.concept.fossieltype.267,Anthracomya minima,https://data.bodemenondergrond.vlaanderen.be/id/conceptscheme/fossieltype,267,brakwaterfauna|Anthracomya minima,Anthracomya minima,https://data.bodemenondergrond.vlaanderen.be/id/conceptscheme/fossieltype,null
https://data.bodemenondergrond.vlaanderen.be/id/concept/fossieltype/268,http://www.w3.org/2004/02/skos/core#Concept,be.vlaanderen.bodemenondergrond.data.id.concept.fossieltype.268,Anthracomya modiolaris,https://data.bodemenondergrond.vlaanderen.be/id/conceptscheme/fossieltype,268,brakwaterfauna|Anthracomya modiolaris,Anthracomya modiolaris,https://data.bodemenondergrond.vlaanderen.be/id/conceptscheme/fossieltype,null
https://data.bodemenondergrond.vlaanderen.be/id/concept/fossieltype/269,http://www.w3.org/2004/02/skos/core#Concept,be.vlaanderen.bodemenondergrond.data.id.concept.fossieltype.269,Anthracomya philippsi,https://data.bodemenondergrond.vlaanderen.be/id/conceptscheme/fossieltype,269,brakwaterfauna|Anthracomya philippsi,Anthracomya philippsi,https://data.bodemenondergrond.vlaanderen.be/id/conceptscheme/fossieltype,null
https://data.bodemenondergrond.vlaanderen.be/id/concept/fossieltype/27,http://www.w3.org/2004/02/skos/core#Concept,be.vlaanderen.bodemenondergrond.data.id.concept.fossieltype.27,Cyclopteris sp.,https://data.bodemenondergrond.vlaanderen.be/id/conceptscheme/fossieltype,27,flora|Cyclopteris sp.,Cyclopteris sp.,https://data.bodemenondergrond.vlaanderen.be/id/conceptscheme/fossieltype,null
https://data.bodemenondergrond.vlaanderen.be/id/concept/fossieltype/270,http://www.w3.org/2004/02/skos/core#Concept,be.vlaanderen.bodemenondergrond.data.id.concept.fossieltype.270,Anthracomya williamsoni,https://data.bodemenondergrond.vlaanderen.be/id/conceptscheme/fossieltype,270,brakwaterfauna|Anthracomya williamsoni,Anthracomya williamsoni,https://data.bodemenondergrond.vlaanderen.be/id/conceptscheme/fossieltype,null
https://data.bodemenondergrond.vlaanderen.be/id/concept/fossieltype/271,http://www.w3.org/2004/02/skos/core#Concept,be.vlaanderen.bodemenondergrond.data.id.concept.fossieltype.271,Bothrodendron minutifolium,https://data.bodemenondergrond.vlaanderen.be/id/conceptscheme/fossieltype,271,flora|Bothrodendron minutifolium,Bothrodendron minutifolium,https://data.bodemenondergrond.vlaanderen.be/id/conceptscheme/fossieltype,null
https://data.bodemenondergrond.vlaanderen.be/id/concept/fossieltype/272,http://www.w3.org/2004/02/skos/core#Concept,be.vlaanderen.bodemenondergrond.data.id.concept.fossieltype.272,Calamites cisti,https://data.bodemenondergrond.vlaanderen.be/id/conceptscheme/fossieltype,272,flora|Calamites cisti,Calamites cisti,https://data.bodemenondergrond.vlaanderen.be/id/conceptscheme/fossieltype,null
https://data.bodemenondergrond.vlaanderen.be/id/concept/fossieltype/273,http://www.w3.org/2004/02/skos/core#Concept,be.vlaanderen.bodemenondergrond.data.id.concept.fossieltype.273,Calamites indulatus,https://data.bodemenondergrond.vlaanderen.be/id/conceptscheme/fossieltype,273,flora|Calamites indulatus,Calamites indulatus,https://data.bodemenondergrond.vlaanderen.be/id/conceptscheme/fossieltype,null
https://data.bodemenondergrond.vlaanderen.be/id/concept/fossieltype/274,http://www.w3.org/2004/02/skos/core#Concept,be.vlaanderen.bodemenondergrond.data.id.concept.fossieltype.274,Calamites ramosus,https://data.bodemenondergrond.vlaanderen.be/id/conceptscheme/fossieltype,274,flora|Calamites ramosus,Calamites ramosus,https://data.bodemenondergrond.vlaanderen.be/id/conceptscheme/fossieltype,null
https://data.bodemenondergrond.vlaanderen.be/id/concept/fossieltype/275,http://www.w3.org/2004/02/skos/core#Concept,be.vlaanderen.bodemenondergrond.data.id.concept.fossieltype.275,Calamites suckowi,https://data.bodemenondergrond.vlaanderen.be/id/conceptscheme/fossieltype,275,flora|Calamites suckowi,Calamites suckowi,https://data.bodemenondergrond.vlaanderen.be/id/conceptscheme/fossieltype,null
https://data.bodemenondergrond.vlaanderen.be/id/concept/fossieltype/276,http://www.w3.org/2004/02/skos/core#Concept,be.vlaanderen.bodemenondergrond.data.id.concept.fossieltype.276,Anthracomya wardi williamsoni,https://data.bodemenondergrond.vlaanderen.be/id/conceptscheme/fossieltype,276,brakwaterfauna|Anthracomya wardi williamsoni,Anthracomya wardi williamsoni,https://data.bodemenondergrond.vlaanderen.be/id/conceptscheme/fossieltype,null
https://data.bodemenondergrond.vlaanderen.be/id/concept/fossieltype/277,http://www.w3.org/2004/02/skos/core#Concept,be.vlaanderen.bodemenondergrond.data.id.concept.fossieltype.277,Calamostachys germanica,https://data.bodemenondergrond.vlaanderen.be/id/conceptscheme/fossieltype,277,flora|Calamostachys germanica,Calamostachys germanica,https://data.bodemenondergrond.vlaanderen.be/id/conceptscheme/fossieltype,null
https://data.bodemenondergrond.vlaanderen.be/id/concept/fossieltype/278,http://www.w3.org/2004/02/skos/core#Concept,be.vlaanderen.bodemenondergrond.data.id.concept.fossieltype.278,Calamophyllites goepperti,https://data.bodemenondergrond.vlaanderen.be/id/conceptscheme/fossieltype,278,flora|Calamophyllites goepperti,Calamophyllites goepperti,https://data.bodemenondergrond.vlaanderen.be/id/conceptscheme/fossieltype,null
https://data.bodemenondergrond.vlaanderen.be/id/concept/fossieltype/279,http://www.w3.org/2004/02/skos/core#Concept,be.vlaanderen.bodemenondergrond.data.id.concept.fossieltype.279,Calamophyllites verticillatus,https://data.bodemenondergrond.vlaanderen.be/id/conceptscheme/fossieltype,279,flora|Calamophyllites verticillatus,Calamophyllites verticillatus,https://data.bodemenondergrond.vlaanderen.be/id/conceptscheme/fossieltype,null
https://data.bodemenondergrond.vlaanderen.be/id/concept/fossieltype/28,http://www.w3.org/2004/02/skos/core#Concept,be.vlaanderen.bodemenondergrond.data.id.concept.fossieltype.28,Diplotmema sp.,https://data.bodemenondergrond.vlaanderen.be/id/conceptscheme/fossieltype,28,flora|Diplotmema sp.,Diplotmema sp.,https://data.bodemenondergrond.vlaanderen.be/id/conceptscheme/fossieltype,null
https://data.bodemenondergrond.vlaanderen.be/id/concept/fossieltype/280,http://www.w3.org/2004/02/skos/core#Concept,be.vlaanderen.bodemenondergrond.data.id.concept.fossieltype.280,Carbonicola acuta,https://data.bodemenondergrond.vlaanderen.be/id/conceptscheme/fossieltype,280,brakwaterfauna|Carbonicola acuta,Carbonicola acuta,https://data.bodemenondergrond.vlaanderen.be/id/conceptscheme/fossieltype,null
https://data.bodemenondergrond.vlaanderen.be/id/concept/fossieltype/281,http://www.w3.org/2004/02/skos/core#Concept,be.vlaanderen.bodemenondergrond.data.id.concept.fossieltype.281,Carbonicola aquilina,https://data.bodemenondergrond.vlaanderen.be/id/conceptscheme/fossieltype,281,brakwaterfauna|Carbonicola aquilina,Carbonicola aquilina,https://data.bodemenondergrond.vlaanderen.be/id/conceptscheme/fossieltype,null
https://data.bodemenondergrond.vlaanderen.be/id/concept/fossieltype/282,http://www.w3.org/2004/02/skos/core#Concept,be.vlaanderen.bodemenondergrond.data.id.concept.fossieltype.282,Carbonicola nucularis,https://data.bodemenondergrond.vlaanderen.be/id/conceptscheme/fossieltype,282,brakwaterfauna|Carbonicola nucularis,Carbonicola nucularis,https://data.bodemenondergrond.vlaanderen.be/id/conceptscheme/fossieltype,null
https://data.bodemenondergrond.vlaanderen.be/id/concept/fossieltype/283,http://www.w3.org/2004/02/skos/core#Concept,be.vlaanderen.bodemenondergrond.data.id.concept.fossieltype.283,Carbonicola ovalis,https://data.bodemenondergrond.vlaanderen.be/id/conceptscheme/fossieltype,283,brakwaterfauna|Carbonicola ovalis,Carbonicola ovalis,https://data.bodemenondergrond.vlaanderen.be/id/conceptscheme/fossieltype,null
https://data.bodemenondergrond.vlaanderen.be/id/concept/fossieltype/284,http://www.w3.org/2004/02/skos/core#Concept,be.vlaanderen.bodemenondergrond.data.id.concept.fossieltype.284,Carbonicola similis,https://data.bodemenondergrond.vlaanderen.be/id/conceptscheme/fossieltype,284,brakwaterfauna|Carbonicola similis,Carbonicola similis,https://data.bodemenondergrond.vlaanderen.be/id/conceptscheme/fossieltype,null
https://data.bodemenondergrond.vlaanderen.be/id/concept/fossieltype/285,http://www.w3.org/2004/02/skos/core#Concept,be.vlaanderen.bodemenondergrond.data.id.concept.fossieltype.285,Cordaites borassifolius,https://data.bodemenondergrond.vlaanderen.be/id/conceptscheme/fossieltype,285,flora|Cordaites borassifolius,Cordaites borassifolius,https://data.bodemenondergrond.vlaanderen.be/id/conceptscheme/fossieltype,null
https://data.bodemenondergrond.vlaanderen.be/id/concept/fossieltype/286,http://www.w3.org/2004/02/skos/core#Concept,be.vlaanderen.bodemenondergrond.data.id.concept.fossieltype.286,Cyclopteris orbicularis,https://data.bodemenondergrond.vlaanderen.be/id/conceptscheme/fossieltype,286,flora|Cyclopteris orbicularis,Cyclopteris orbicularis,https://data.bodemenondergrond.vlaanderen.be/id/conceptscheme/fossieltype,null
https://data.bodemenondergrond.vlaanderen.be/id/concept/fossieltype/287,http://www.w3.org/2004/02/skos/core#Concept,be.vlaanderen.bodemenondergrond.data.id.concept.fossieltype.287,Lepidostrobus squarrosus,https://data.bodemenondergrond.vlaanderen.be/id/conceptscheme/fossieltype,287,flora|Lepidostrobus squarrosus,Lepidostrobus squarrosus,https://data.bodemenondergrond.vlaanderen.be/id/conceptscheme/fossieltype,null
https://data.bodemenondergrond.vlaanderen.be/id/concept/fossieltype/288,http://www.w3.org/2004/02/skos/core#Concept,be.vlaanderen.bodemenondergrond.data.id.concept.fossieltype.288,Lepidostrobus variabilis,https://data.bodemenondergrond.vlaanderen.be/id/conceptscheme/fossieltype,288,flora|Lepidostrobus variabilis,Lepidostrobus variabilis,https://data.bodemenondergrond.vlaanderen.be/id/conceptscheme/fossieltype,null
https://data.bodemenondergrond.vlaanderen.be/id/concept/fossieltype/289,http://www.w3.org/2004/02/skos/core#Concept,be.vlaanderen.bodemenondergrond.data.id.concept.fossieltype.289,Anthraconauta minima phillipsii,https://data.bodemenondergrond.vlaanderen.be/id/conceptscheme/fossieltype,289,brakwaterfauna|Anthraconauta minima phillipsii,Anthraconauta minima phillipsii,https://data.bodemenondergrond.vlaanderen.be/id/conceptscheme/fossieltype,null
https://data.bodemenondergrond.vlaanderen.be/id/concept/fossieltype/29,http://www.w3.org/2004/02/skos/core#Concept,be.vlaanderen.bodemenondergrond.data.id.concept.fossieltype.29,losse bladeren,https://data.bodemenondergrond.vlaanderen.be/id/conceptscheme/fossieltype,29,flora|losse bladeren,losse bladeren,https://data.bodemenondergrond.vlaanderen.be/id/conceptscheme/fossieltype,null
https://data.bodemenondergrond.vlaanderen.be/id/concept/fossieltype/290,http://www.w3.org/2004/02/skos/core#Concept,be.vlaanderen.bodemenondergrond.data.id.concept.fossieltype.290,Lepidodendron lycopodioïdes,https://data.bodemenondergrond.vlaanderen.be/id/conceptscheme/fossieltype,290,flora|Lepidodendron lycopodioïdes,Lepidodendron lycopodioïdes,https://data.bodemenondergrond.vlaanderen.be/id/conceptscheme/fossieltype,null
https://data.bodemenondergrond.vlaanderen.be/id/concept/fossieltype/291,http://www.w3.org/2004/02/skos/core#Concept,be.vlaanderen.bodemenondergrond.data.id.concept.fossieltype.291,Lepidodendron obovatum,https://data.bodemenondergrond.vlaanderen.be/id/conceptscheme/fossieltype,291,flora|Lepidodendron obovatum,Lepidodendron obovatum,https://data.bodemenondergrond.vlaanderen.be/id/conceptscheme/fossieltype,null
https://data.bodemenondergrond.vlaanderen.be/id/concept/fossieltype/292,http://www.w3.org/2004/02/skos/core#Concept,be.vlaanderen.bodemenondergrond.data.id.concept.fossieltype.292,Lepidodendron ophiurus,https://data.bodemenondergrond.vlaanderen.be/id/conceptscheme/fossieltype,292,flora|Lepidodendron ophiurus,Lepidodendron ophiurus,https://data.bodemenondergrond.vlaanderen.be/id/conceptscheme/fossieltype,null
https://data.bodemenondergrond.vlaanderen.be/id/concept/fossieltype/293,http://www.w3.org/2004/02/skos/core#Concept,be.vlaanderen.bodemenondergrond.data.id.concept.fossieltype.293,Lepidodendron sternbergi,https://data.bodemenondergrond.vlaanderen.be/id/conceptscheme/fossieltype,293,flora|Lepidodendron sternbergi,Lepidodendron sternbergi,https://data.bodemenondergrond.vlaanderen.be/id/conceptscheme/fossieltype,null
https://data.bodemenondergrond.vlaanderen.be/id/concept/fossieltype/294,http://www.w3.org/2004/02/skos/core#Concept,be.vlaanderen.bodemenondergrond.data.id.concept.fossieltype.294,Lepidodendron wortheni,https://data.bodemenondergrond.vlaanderen.be/id/conceptscheme/fossieltype,294,flora|Lepidodendron wortheni,Lepidodendron wortheni,https://data.bodemenondergrond.vlaanderen.be/id/conceptscheme/fossieltype,null
https://data.bodemenondergrond.vlaanderen.be/id/concept/fossieltype/295,http://www.w3.org/2004/02/skos/core#Concept,be.vlaanderen.bodemenondergrond.data.id.concept.fossieltype.295,Lepidophloios caricinus,https://data.bodemenondergrond.vlaanderen.be/id/conceptscheme/fossieltype,295,flora|Lepidophloios caricinus,Lepidophloios caricinus,https://data.bodemenondergrond.vlaanderen.be/id/conceptscheme/fossieltype,null
https://data.bodemenondergrond.vlaanderen.be/id/concept/fossieltype/296,http://www.w3.org/2004/02/skos/core#Concept,be.vlaanderen.bodemenondergrond.data.id.concept.fossieltype.296,Lepidophloios laricinus,https://data.bodemenondergrond.vlaanderen.be/id/conceptscheme/fossieltype,296,flora|Lepidophloios laricinus,Lepidophloios laricinus,https://data.bodemenondergrond.vlaanderen.be/id/conceptscheme/fossieltype,null
https://data.bodemenondergrond.vlaanderen.be/id/concept/fossieltype/297,http://www.w3.org/2004/02/skos/core#Concept,be.vlaanderen.bodemenondergrond.data.id.concept.fossieltype.297,Lepidophyllum lanceolatum,https://data.bodemenondergrond.vlaanderen.be/id/conceptscheme/fossieltype,297,flora|Lepidophyllum lanceolatum,Lepidophyllum lanceolatum,https://data.bodemenondergrond.vlaanderen.be/id/conceptscheme/fossieltype,null
https://data.bodemenondergrond.vlaanderen.be/id/concept/fossieltype/298,http://www.w3.org/2004/02/skos/core#Concept,be.vlaanderen.bodemenondergrond.data.id.concept.fossieltype.298,Lepidophyllum obovatum,https://data.bodemenondergrond.vlaanderen.be/id/conceptscheme/fossieltype,298,flora|Lepidophyllum obovatum,Lepidophyllum obovatum,https://data.bodemenondergrond.vlaanderen.be/id/conceptscheme/fossieltype,null
https://data.bodemenondergrond.vlaanderen.be/id/concept/fossieltype/299,http://www.w3.org/2004/02/skos/core#Concept,be.vlaanderen.bodemenondergrond.data.id.concept.fossieltype.299,Lepidophyllum triangulare,https://data.bodemenondergrond.vlaanderen.be/id/conceptscheme/fossieltype,299,flora|Lepidophyllum triangulare,Lepidophyllum triangulare,https://data.bodemenondergrond.vlaanderen.be/id/conceptscheme/fossieltype,null
https://data.bodemenondergrond.vlaanderen.be/id/concept/fossieltype/3,http://www.w3.org/2004/02/skos/core#Concept,be.vlaanderen.bodemenondergrond.data.id.concept.fossieltype.3,Spirorbis sp.,https://data.bodemenondergrond.vlaanderen.be/id/conceptscheme/fossieltype,3,fauna|Spirorbis sp.,Spirorbis sp.,https://data.bodemenondergrond.vlaanderen.be/id/conceptscheme/fossieltype,null
https://data.bodemenondergrond.vlaanderen.be/id/concept/fossieltype/30,http://www.w3.org/2004/02/skos/core#Concept,be.vlaanderen.bodemenondergrond.data.id.concept.fossieltype.30,zaden,https://data.bodemenondergrond.vlaanderen.be/id/conceptscheme/fossieltype,30,flora|zaden,zaden,https://data.bodemenondergrond.vlaanderen.be/id/conceptscheme/fossieltype,null
https://data.bodemenondergrond.vlaanderen.be/id/concept/fossieltype/300,http://www.w3.org/2004/02/skos/core#Concept,be.vlaanderen.bodemenondergrond.data.id.concept.fossieltype.300,Coelacanthus elegans,https://data.bodemenondergrond.vlaanderen.be/id/conceptscheme/fossieltype,300,fauna|Coelacanthus elegans,Coelacanthus elegans,https://data.bodemenondergrond.vlaanderen.be/id/conceptscheme/fossieltype,null
https://data.bodemenondergrond.vlaanderen.be/id/concept/fossieltype/301,http://www.w3.org/2004/02/skos/core#Concept,be.vlaanderen.bodemenondergrond.data.id.concept.fossieltype.301,Lingula mytiloïdes,https://data.bodemenondergrond.vlaanderen.be/id/conceptscheme/fossieltype,301,brakwaterfauna|Lingula mytiloïdes,Lingula mytiloïdes,https://data.bodemenondergrond.vlaanderen.be/id/conceptscheme/fossieltype,null
https://data.bodemenondergrond.vlaanderen.be/id/concept/fossieltype/302,http://www.w3.org/2004/02/skos/core#Concept,be.vlaanderen.bodemenondergrond.data.id.concept.fossieltype.302,Linopteris obliqua,https://data.bodemenondergrond.vlaanderen.be/id/conceptscheme/fossieltype,302,flora|Linopteris obliqua,Linopteris obliqua,https://data.bodemenondergrond.vlaanderen.be/id/conceptscheme/fossieltype,null
https://data.bodemenondergrond.vlaanderen.be/id/concept/fossieltype/303,http://www.w3.org/2004/02/skos/core#Concept,be.vlaanderen.bodemenondergrond.data.id.concept.fossieltype.303,Lonchopteris bricei,https://data.bodemenondergrond.vlaanderen.be/id/conceptscheme/fossieltype,303,flora|Lonchopteris bricei,Lonchopteris bricei,https://data.bodemenondergrond.vlaanderen.be/id/conceptscheme/fossieltype,null
https://data.bodemenondergrond.vlaanderen.be/id/concept/fossieltype/304,http://www.w3.org/2004/02/skos/core#Concept,be.vlaanderen.bodemenondergrond.data.id.concept.fossieltype.304,Lycopodites carbonaceus,https://data.bodemenondergrond.vlaanderen.be/id/conceptscheme/fossieltype,304,flora|Lycopodites carbonaceus,Lycopodites carbonaceus,https://data.bodemenondergrond.vlaanderen.be/id/conceptscheme/fossieltype,null
https://data.bodemenondergrond.vlaanderen.be/id/concept/fossieltype/305,http://www.w3.org/2004/02/skos/core#Concept,be.vlaanderen.bodemenondergrond.data.id.concept.fossieltype.305,Mariopteris acuta,https://data.bodemenondergrond.vlaanderen.be/id/conceptscheme/fossieltype,305,flora|Mariopteris acuta,Mariopteris acuta,https://data.bodemenondergrond.vlaanderen.be/id/conceptscheme/fossieltype,null
https://data.bodemenondergrond.vlaanderen.be/id/concept/fossieltype/306,http://www.w3.org/2004/02/skos/core#Concept,be.vlaanderen.bodemenondergrond.data.id.concept.fossieltype.306,Mariopteris muricata,https://data.bodemenondergrond.vlaanderen.be/id/conceptscheme/fossieltype,306,flora|Mariopteris muricata,Mariopteris muricata,https://data.bodemenondergrond.vlaanderen.be/id/conceptscheme/fossieltype,null
https://data.bodemenondergrond.vlaanderen.be/id/concept/fossieltype/307,http://www.w3.org/2004/02/skos/core#Concept,be.vlaanderen.bodemenondergrond.data.id.concept.fossieltype.307,Naiadites carinata,https://data.bodemenondergrond.vlaanderen.be/id/conceptscheme/fossieltype,307,brakwaterfauna|Naiadites carinata,Naiadites carinata,https://data.bodemenondergrond.vlaanderen.be/id/conceptscheme/fossieltype,null
https://data.bodemenondergrond.vlaanderen.be/id/concept/fossieltype/308,http://www.w3.org/2004/02/skos/core#Concept,be.vlaanderen.bodemenondergrond.data.id.concept.fossieltype.308,Naiadites quadrata,https://data.bodemenondergrond.vlaanderen.be/id/conceptscheme/fossieltype,308,brakwaterfauna|Naiadites quadrata,Naiadites quadrata,https://data.bodemenondergrond.vlaanderen.be/id/conceptscheme/fossieltype,null
https://data.bodemenondergrond.vlaanderen.be/id/concept/fossieltype/309,http://www.w3.org/2004/02/skos/core#Concept,be.vlaanderen.bodemenondergrond.data.id.concept.fossieltype.309,Neuropteris fleonosa,https://data.bodemenondergrond.vlaanderen.be/id/conceptscheme/fossieltype,309,flora|Neuropteris fleonosa,Neuropteris fleonosa,https://data.bodemenondergrond.vlaanderen.be/id/conceptscheme/fossieltype,null
https://data.bodemenondergrond.vlaanderen.be/id/concept/fossieltype/31,http://www.w3.org/2004/02/skos/core#Concept,be.vlaanderen.bodemenondergrond.data.id.concept.fossieltype.31,Lepidodendron sp.,https://data.bodemenondergrond.vlaanderen.be/id/conceptscheme/fossieltype,31,flora|Lepidodendron sp.,Lepidodendron sp.,https://data.bodemenondergrond.vlaanderen.be/id/conceptscheme/fossieltype,null
https://data.bodemenondergrond.vlaanderen.be/id/concept/fossieltype/310,http://www.w3.org/2004/02/skos/core#Concept,be.vlaanderen.bodemenondergrond.data.id.concept.fossieltype.310,Carbonicola callopristodus,https://data.bodemenondergrond.vlaanderen.be/id/conceptscheme/fossieltype,310,brakwaterfauna|Carbonicola callopristodus,Carbonicola callopristodus,https://data.bodemenondergrond.vlaanderen.be/id/conceptscheme/fossieltype,null
https://data.bodemenondergrond.vlaanderen.be/id/concept/fossieltype/311,http://www.w3.org/2004/02/skos/core#Concept,be.vlaanderen.bodemenondergrond.data.id.concept.fossieltype.311,Neuropteris heterophylla,https://data.bodemenondergrond.vlaanderen.be/id/conceptscheme/fossieltype,311,flora|Neuropteris heterophylla,Neuropteris heterophylla,https://data.bodemenondergrond.vlaanderen.be/id/conceptscheme/fossieltype,null
https://data.bodemenondergrond.vlaanderen.be/id/concept/fossieltype/312,http://www.w3.org/2004/02/skos/core#Concept,be.vlaanderen.bodemenondergrond.data.id.concept.fossieltype.312,Neuropteris antecedens,https://data.bodemenondergrond.vlaanderen.be/id/conceptscheme/fossieltype,312,flora|Neuropteris antecedens,Neuropteris antecedens,https://data.bodemenondergrond.vlaanderen.be/id/conceptscheme/fossieltype,null
https://data.bodemenondergrond.vlaanderen.be/id/concept/fossieltype/313,http://www.w3.org/2004/02/skos/core#Concept,be.vlaanderen.bodemenondergrond.data.id.concept.fossieltype.313,Neuropteris obliqua,https://data.bodemenondergrond.vlaanderen.be/id/conceptscheme/fossieltype,313,flora|Neuropteris obliqua,Neuropteris obliqua,https://data.bodemenondergrond.vlaanderen.be/id/conceptscheme/fossieltype,null
https://data.bodemenondergrond.vlaanderen.be/id/concept/fossieltype/314,http://www.w3.org/2004/02/skos/core#Concept,be.vlaanderen.bodemenondergrond.data.id.concept.fossieltype.314,Neuropteris rarinervis,https://data.bodemenondergrond.vlaanderen.be/id/conceptscheme/fossieltype,314,flora|Neuropteris rarinervis,Neuropteris rarinervis,https://data.bodemenondergrond.vlaanderen.be/id/conceptscheme/fossieltype,null
https://data.bodemenondergrond.vlaanderen.be/id/concept/fossieltype/315,http://www.w3.org/2004/02/skos/core#Concept,be.vlaanderen.bodemenondergrond.data.id.concept.fossieltype.315,Neuropteris scheuchzeri,https://data.bodemenondergrond.vlaanderen.be/id/conceptscheme/fossieltype,315,flora|Neuropteris scheuchzeri,Neuropteris scheuchzeri,https://data.bodemenondergrond.vlaanderen.be/id/conceptscheme/fossieltype,null
https://data.bodemenondergrond.vlaanderen.be/id/concept/fossieltype/316,http://www.w3.org/2004/02/skos/core#Concept,be.vlaanderen.bodemenondergrond.data.id.concept.fossieltype.316,Neuropteris sporenges,https://data.bodemenondergrond.vlaanderen.be/id/conceptscheme/fossieltype,316,flora|Neuropteris sporenges,Neuropteris sporenges,https://data.bodemenondergrond.vlaanderen.be/id/conceptscheme/fossieltype,null
https://data.bodemenondergrond.vlaanderen.be/id/concept/fossieltype/317,http://www.w3.org/2004/02/skos/core#Concept,be.vlaanderen.bodemenondergrond.data.id.concept.fossieltype.317,Cheirodus sp.,https://data.bodemenondergrond.vlaanderen.be/id/conceptscheme/fossieltype,317,mariene fauna|Cheirodus sp.,Cheirodus sp.,https://data.bodemenondergrond.vlaanderen.be/id/conceptscheme/fossieltype,null
https://data.bodemenondergrond.vlaanderen.be/id/concept/fossieltype/318,http://www.w3.org/2004/02/skos/core#Concept,be.vlaanderen.bodemenondergrond.data.id.concept.fossieltype.318,Palaeostachya pedunculata,https://data.bodemenondergrond.vlaanderen.be/id/conceptscheme/fossieltype,318,flora|Palaeostachya pedunculata,Palaeostachya pedunculata,https://data.bodemenondergrond.vlaanderen.be/id/conceptscheme/fossieltype,null
https://data.bodemenondergrond.vlaanderen.be/id/concept/fossieltype/319,http://www.w3.org/2004/02/skos/core#Concept,be.vlaanderen.bodemenondergrond.data.id.concept.fossieltype.319,Palaeostachya volkmanni,https://data.bodemenondergrond.vlaanderen.be/id/conceptscheme/fossieltype,319,flora|Palaeostachya volkmanni,Palaeostachya volkmanni,https://data.bodemenondergrond.vlaanderen.be/id/conceptscheme/fossieltype,null
https://data.bodemenondergrond.vlaanderen.be/id/concept/fossieltype/32,http://www.w3.org/2004/02/skos/core#Concept,be.vlaanderen.bodemenondergrond.data.id.concept.fossieltype.32,Lepidophyllum sp.,https://data.bodemenondergrond.vlaanderen.be/id/conceptscheme/fossieltype,32,flora|Lepidophyllum sp.,Lepidophyllum sp.,https://data.bodemenondergrond.vlaanderen.be/id/conceptscheme/fossieltype,null
https://data.bodemenondergrond.vlaanderen.be/id/concept/fossieltype/320,http://www.w3.org/2004/02/skos/core#Concept,be.vlaanderen.bodemenondergrond.data.id.concept.fossieltype.320,Pecopteris aspera,https://data.bodemenondergrond.vlaanderen.be/id/conceptscheme/fossieltype,320,flora|Pecopteris aspera,Pecopteris aspera,https://data.bodemenondergrond.vlaanderen.be/id/conceptscheme/fossieltype,null
https://data.bodemenondergrond.vlaanderen.be/id/concept/fossieltype/321,http://www.w3.org/2004/02/skos/core#Concept,be.vlaanderen.bodemenondergrond.data.id.concept.fossieltype.321,Pecopteris abbreviata,https://data.bodemenondergrond.vlaanderen.be/id/conceptscheme/fossieltype,321,flora|Pecopteris abbreviata,Pecopteris abbreviata,https://data.bodemenondergrond.vlaanderen.be/id/conceptscheme/fossieltype,null
https://data.bodemenondergrond.vlaanderen.be/id/concept/fossieltype/322,http://www.w3.org/2004/02/skos/core#Concept,be.vlaanderen.bodemenondergrond.data.id.concept.fossieltype.322,Pecopteris dentata,https://data.bodemenondergrond.vlaanderen.be/id/conceptscheme/fossieltype,322,flora|Pecopteris dentata,Pecopteris dentata,https://data.bodemenondergrond.vlaanderen.be/id/conceptscheme/fossieltype,null
https://data.bodemenondergrond.vlaanderen.be/id/concept/fossieltype/323,http://www.w3.org/2004/02/skos/core#Concept,be.vlaanderen.bodemenondergrond.data.id.concept.fossieltype.323,Pecopteris dentata var. delicatula,https://data.bodemenondergrond.vlaanderen.be/id/conceptscheme/fossieltype,323,flora|Pecopteris dentata var. delicatula,Pecopteris dentata var. delicatula,https://data.bodemenondergrond.vlaanderen.be/id/conceptscheme/fossieltype,null
https://data.bodemenondergrond.vlaanderen.be/id/concept/fossieltype/324,http://www.w3.org/2004/02/skos/core#Concept,be.vlaanderen.bodemenondergrond.data.id.concept.fossieltype.324,Pecopteris plumosa,https://data.bodemenondergrond.vlaanderen.be/id/conceptscheme/fossieltype,324,flora|Pecopteris plumosa,Pecopteris plumosa,https://data.bodemenondergrond.vlaanderen.be/id/conceptscheme/fossieltype,null
https://data.bodemenondergrond.vlaanderen.be/id/concept/fossieltype/325,http://www.w3.org/2004/02/skos/core#Concept,be.vlaanderen.bodemenondergrond.data.id.concept.fossieltype.325,Radicites columnaris,https://data.bodemenondergrond.vlaanderen.be/id/conceptscheme/fossieltype,325,flora|Radicites columnaris,Radicites columnaris,https://data.bodemenondergrond.vlaanderen.be/id/conceptscheme/fossieltype,null
https://data.bodemenondergrond.vlaanderen.be/id/concept/fossieltype/326,http://www.w3.org/2004/02/skos/core#Concept,be.vlaanderen.bodemenondergrond.data.id.concept.fossieltype.326,Sigillaria elongata,https://data.bodemenondergrond.vlaanderen.be/id/conceptscheme/fossieltype,326,flora|Sigillaria elongata,Sigillaria elongata,https://data.bodemenondergrond.vlaanderen.be/id/conceptscheme/fossieltype,null
https://data.bodemenondergrond.vlaanderen.be/id/concept/fossieltype/327,http://www.w3.org/2004/02/skos/core#Concept,be.vlaanderen.bodemenondergrond.data.id.concept.fossieltype.327,Sigillaria ovata,https://data.bodemenondergrond.vlaanderen.be/id/conceptscheme/fossieltype,327,flora|Sigillaria ovata,Sigillaria ovata,https://data.bodemenondergrond.vlaanderen.be/id/conceptscheme/fossieltype,null
https://data.bodemenondergrond.vlaanderen.be/id/concept/fossieltype/328,http://www.w3.org/2004/02/skos/core#Concept,be.vlaanderen.bodemenondergrond.data.id.concept.fossieltype.328,Sigillaria rugosa,https://data.bodemenondergrond.vlaanderen.be/id/conceptscheme/fossieltype,328,flora|Sigillaria rugosa,Sigillaria rugosa,https://data.bodemenondergrond.vlaanderen.be/id/conceptscheme/fossieltype,null
https://data.bodemenondergrond.vlaanderen.be/id/concept/fossieltype/329,http://www.w3.org/2004/02/skos/core#Concept,be.vlaanderen.bodemenondergrond.data.id.concept.fossieltype.329,Sigillaria scutellata,https://data.bodemenondergrond.vlaanderen.be/id/conceptscheme/fossieltype,329,flora|Sigillaria scutellata,Sigillaria scutellata,https://data.bodemenondergrond.vlaanderen.be/id/conceptscheme/fossieltype,null
https://data.bodemenondergrond.vlaanderen.be/id/concept/fossieltype/33,http://www.w3.org/2004/02/skos/core#Concept,be.vlaanderen.bodemenondergrond.data.id.concept.fossieltype.33,Lepidostrobus sp.,https://data.bodemenondergrond.vlaanderen.be/id/conceptscheme/fossieltype,33,flora|Lepidostrobus sp.,Lepidostrobus sp.,https://data.bodemenondergrond.vlaanderen.be/id/conceptscheme/fossieltype,null
https://data.bodemenondergrond.vlaanderen.be/id/concept/fossieltype/330,http://www.w3.org/2004/02/skos/core#Concept,be.vlaanderen.bodemenondergrond.data.id.concept.fossieltype.330,Sigillaria tessellata,https://data.bodemenondergrond.vlaanderen.be/id/conceptscheme/fossieltype,330,flora|Sigillaria tessellata,Sigillaria tessellata,https://data.bodemenondergrond.vlaanderen.be/id/conceptscheme/fossieltype,null
https://data.bodemenondergrond.vlaanderen.be/id/concept/fossieltype/331,http://www.w3.org/2004/02/skos/core#Concept,be.vlaanderen.bodemenondergrond.data.id.concept.fossieltype.331,Sphenophyllum cuneifolium,https://data.bodemenondergrond.vlaanderen.be/id/conceptscheme/fossieltype,331,flora|Sphenophyllum cuneifolium,Sphenophyllum cuneifolium,https://data.bodemenondergrond.vlaanderen.be/id/conceptscheme/fossieltype,null
https://data.bodemenondergrond.vlaanderen.be/id/concept/fossieltype/332,http://www.w3.org/2004/02/skos/core#Concept,be.vlaanderen.bodemenondergrond.data.id.concept.fossieltype.332,Sphenophyllum myriophyllum,https://data.bodemenondergrond.vlaanderen.be/id/conceptscheme/fossieltype,332,flora|Sphenophyllum myriophyllum,Sphenophyllum myriophyllum,https://data.bodemenondergrond.vlaanderen.be/id/conceptscheme/fossieltype,null
https://data.bodemenondergrond.vlaanderen.be/id/concept/fossieltype/333,http://www.w3.org/2004/02/skos/core#Concept,be.vlaanderen.bodemenondergrond.data.id.concept.fossieltype.333,Sphenopteris artemisiaefolioides,https://data.bodemenondergrond.vlaanderen.be/id/conceptscheme/fossieltype,333,flora|Sphenopteris artemisiaefolioides,Sphenopteris artemisiaefolioides,https://data.bodemenondergrond.vlaanderen.be/id/conceptscheme/fossieltype,null
https://data.bodemenondergrond.vlaanderen.be/id/concept/fossieltype/334,http://www.w3.org/2004/02/skos/core#Concept,be.vlaanderen.bodemenondergrond.data.id.concept.fossieltype.334,Sphenopteris coralloïdes,https://data.bodemenondergrond.vlaanderen.be/id/conceptscheme/fossieltype,334,flora|Sphenopteris coralloïdes,Sphenopteris coralloïdes,https://data.bodemenondergrond.vlaanderen.be/id/conceptscheme/fossieltype,null
https://data.bodemenondergrond.vlaanderen.be/id/concept/fossieltype/335,http://www.w3.org/2004/02/skos/core#Concept,be.vlaanderen.bodemenondergrond.data.id.concept.fossieltype.335,Sphenopteris herbacea,https://data.bodemenondergrond.vlaanderen.be/id/conceptscheme/fossieltype,335,flora|Sphenopteris herbacea,Sphenopteris herbacea,https://data.bodemenondergrond.vlaanderen.be/id/conceptscheme/fossieltype,null
https://data.bodemenondergrond.vlaanderen.be/id/concept/fossieltype/336,http://www.w3.org/2004/02/skos/core#Concept,be.vlaanderen.bodemenondergrond.data.id.concept.fossieltype.336,Sphenopteris hoeninghausi,https://data.bodemenondergrond.vlaanderen.be/id/conceptscheme/fossieltype,336,flora|Sphenopteris hoeninghausi,Sphenopteris hoeninghausi,https://data.bodemenondergrond.vlaanderen.be/id/conceptscheme/fossieltype,null
https://data.bodemenondergrond.vlaanderen.be/id/concept/fossieltype/337,http://www.w3.org/2004/02/skos/core#Concept,be.vlaanderen.bodemenondergrond.data.id.concept.fossieltype.337,Sphenopteris obtusiloba,https://data.bodemenondergrond.vlaanderen.be/id/conceptscheme/fossieltype,337,flora|Sphenopteris obtusiloba,Sphenopteris obtusiloba,https://data.bodemenondergrond.vlaanderen.be/id/conceptscheme/fossieltype,null
https://data.bodemenondergrond.vlaanderen.be/id/concept/fossieltype/338,http://www.w3.org/2004/02/skos/core#Concept,be.vlaanderen.bodemenondergrond.data.id.concept.fossieltype.338,Sphenopteris quadridactylites,https://data.bodemenondergrond.vlaanderen.be/id/conceptscheme/fossieltype,338,flora|Sphenopteris quadridactylites,Sphenopteris quadridactylites,https://data.bodemenondergrond.vlaanderen.be/id/conceptscheme/fossieltype,null
https://data.bodemenondergrond.vlaanderen.be/id/concept/fossieltype/339,http://www.w3.org/2004/02/skos/core#Concept,be.vlaanderen.bodemenondergrond.data.id.concept.fossieltype.339,Sphenopteris trifoliolata,https://data.bodemenondergrond.vlaanderen.be/id/conceptscheme/fossieltype,339,flora|Sphenopteris trifoliolata,Sphenopteris trifoliolata,https://data.bodemenondergrond.vlaanderen.be/id/conceptscheme/fossieltype,null
https://data.bodemenondergrond.vlaanderen.be/id/concept/fossieltype/34,http://www.w3.org/2004/02/skos/core#Concept,be.vlaanderen.bodemenondergrond.data.id.concept.fossieltype.34,Linopteris sp.,https://data.bodemenondergrond.vlaanderen.be/id/conceptscheme/fossieltype,34,flora|Linopteris sp.,Linopteris sp.,https://data.bodemenondergrond.vlaanderen.be/id/conceptscheme/fossieltype,null
https://data.bodemenondergrond.vlaanderen.be/id/concept/fossieltype/340,http://www.w3.org/2004/02/skos/core#Concept,be.vlaanderen.bodemenondergrond.data.id.concept.fossieltype.340,Spirorbis carbonarius,https://data.bodemenondergrond.vlaanderen.be/id/conceptscheme/fossieltype,340,fauna|Spirorbis carbonarius,Spirorbis carbonarius,https://data.bodemenondergrond.vlaanderen.be/id/conceptscheme/fossieltype,null
https://data.bodemenondergrond.vlaanderen.be/id/concept/fossieltype/341,http://www.w3.org/2004/02/skos/core#Concept,be.vlaanderen.bodemenondergrond.data.id.concept.fossieltype.341,Stigmaria ficoïdes,https://data.bodemenondergrond.vlaanderen.be/id/conceptscheme/fossieltype,341,flora|Stigmaria ficoïdes,Stigmaria ficoïdes,https://data.bodemenondergrond.vlaanderen.be/id/conceptscheme/fossieltype,null
https://data.bodemenondergrond.vlaanderen.be/id/concept/fossieltype/342,http://www.w3.org/2004/02/skos/core#Concept,be.vlaanderen.bodemenondergrond.data.id.concept.fossieltype.342,Trigonocarpus noeggerathi,https://data.bodemenondergrond.vlaanderen.be/id/conceptscheme/fossieltype,342,flora|Trigonocarpus noeggerathi,Trigonocarpus noeggerathi,https://data.bodemenondergrond.vlaanderen.be/id/conceptscheme/fossieltype,null
https://data.bodemenondergrond.vlaanderen.be/id/concept/fossieltype/343,http://www.w3.org/2004/02/skos/core#Concept,be.vlaanderen.bodemenondergrond.data.id.concept.fossieltype.343,Ulodendron majus,https://data.bodemenondergrond.vlaanderen.be/id/conceptscheme/fossieltype,343,flora|Ulodendron majus,Ulodendron majus,https://data.bodemenondergrond.vlaanderen.be/id/conceptscheme/fossieltype,null
https://data.bodemenondergrond.vlaanderen.be/id/concept/fossieltype/344,http://www.w3.org/2004/02/skos/core#Concept,be.vlaanderen.bodemenondergrond.data.id.concept.fossieltype.344,Asterophyllites charaeformis,https://data.bodemenondergrond.vlaanderen.be/id/conceptscheme/fossieltype,344,flora|Asterophyllites charaeformis,Asterophyllites charaeformis,https://data.bodemenondergrond.vlaanderen.be/id/conceptscheme/fossieltype,null
https://data.bodemenondergrond.vlaanderen.be/id/concept/fossieltype/345,http://www.w3.org/2004/02/skos/core#Concept,be.vlaanderen.bodemenondergrond.data.id.concept.fossieltype.345,Cardita sp.,https://data.bodemenondergrond.vlaanderen.be/id/conceptscheme/fossieltype,345,mariene fauna|Cardita sp.,Cardita sp.,https://data.bodemenondergrond.vlaanderen.be/id/conceptscheme/fossieltype,null
https://data.bodemenondergrond.vlaanderen.be/id/concept/fossieltype/346,http://www.w3.org/2004/02/skos/core#Concept,be.vlaanderen.bodemenondergrond.data.id.concept.fossieltype.346,Lucina sp.,https://data.bodemenondergrond.vlaanderen.be/id/conceptscheme/fossieltype,346,mariene fauna|Lucina sp.,Lucina sp.,https://data.bodemenondergrond.vlaanderen.be/id/conceptscheme/fossieltype,null
https://data.bodemenondergrond.vlaanderen.be/id/concept/fossieltype/347,http://www.w3.org/2004/02/skos/core#Concept,be.vlaanderen.bodemenondergrond.data.id.concept.fossieltype.347,Cheirodus striatus,https://data.bodemenondergrond.vlaanderen.be/id/conceptscheme/fossieltype,347,mariene fauna|Cheirodus striatus,Cheirodus striatus,https://data.bodemenondergrond.vlaanderen.be/id/conceptscheme/fossieltype,null
https://data.bodemenondergrond.vlaanderen.be/id/concept/fossieltype/348,http://www.w3.org/2004/02/skos/core#Concept,be.vlaanderen.bodemenondergrond.data.id.concept.fossieltype.348,Pinites sp.,https://data.bodemenondergrond.vlaanderen.be/id/conceptscheme/fossieltype,348,flora|Pinites sp.,Pinites sp.,https://data.bodemenondergrond.vlaanderen.be/id/conceptscheme/fossieltype,null
https://data.bodemenondergrond.vlaanderen.be/id/concept/fossieltype/349,http://www.w3.org/2004/02/skos/core#Concept,be.vlaanderen.bodemenondergrond.data.id.concept.fossieltype.349,coniferen,https://data.bodemenondergrond.vlaanderen.be/id/conceptscheme/fossieltype,349,flora|coniferen,coniferen,https://data.bodemenondergrond.vlaanderen.be/id/conceptscheme/fossieltype,null
https://data.bodemenondergrond.vlaanderen.be/id/concept/fossieltype/35,http://www.w3.org/2004/02/skos/core#Concept,be.vlaanderen.bodemenondergrond.data.id.concept.fossieltype.35,Lonchopteris sp.,https://data.bodemenondergrond.vlaanderen.be/id/conceptscheme/fossieltype,35,flora|Lonchopteris sp.,Lonchopteris sp.,https://data.bodemenondergrond.vlaanderen.be/id/conceptscheme/fossieltype,null
https://data.bodemenondergrond.vlaanderen.be/id/concept/fossieltype/350,http://www.w3.org/2004/02/skos/core#Concept,be.vlaanderen.bodemenondergrond.data.id.concept.fossieltype.350,Murex sp.,https://data.bodemenondergrond.vlaanderen.be/id/conceptscheme/fossieltype,350,mariene fauna|Murex sp.,Murex sp.,https://data.bodemenondergrond.vlaanderen.be/id/conceptscheme/fossieltype,null
https://data.bodemenondergrond.vlaanderen.be/id/concept/fossieltype/351,http://www.w3.org/2004/02/skos/core#Concept,be.vlaanderen.bodemenondergrond.data.id.concept.fossieltype.351,Arca sp.,https://data.bodemenondergrond.vlaanderen.be/id/conceptscheme/fossieltype,351,mariene fauna|Arca sp.,Arca sp.,https://data.bodemenondergrond.vlaanderen.be/id/conceptscheme/fossieltype,null
https://data.bodemenondergrond.vlaanderen.be/id/concept/fossieltype/352,http://www.w3.org/2004/02/skos/core#Concept,be.vlaanderen.bodemenondergrond.data.id.concept.fossieltype.352,Nautilus sp.,https://data.bodemenondergrond.vlaanderen.be/id/conceptscheme/fossieltype,352,mariene fauna|Nautilus sp.,Nautilus sp.,https://data.bodemenondergrond.vlaanderen.be/id/conceptscheme/fossieltype,null
https://data.bodemenondergrond.vlaanderen.be/id/concept/fossieltype/353,http://www.w3.org/2004/02/skos/core#Concept,be.vlaanderen.bodemenondergrond.data.id.concept.fossieltype.353,stromatolieten (sedimentaire fijngelaagde kalkgesteenten van microbiële biologische oorsprong),https://data.bodemenondergrond.vlaanderen.be/id/conceptscheme/fossieltype,353,mariene fauna|stromatolieten (sedimentaire fijngelaagde kalkgesteenten van microbiële biologische oorsprong),stromatolieten,https://data.bodemenondergrond.vlaanderen.be/id/conceptscheme/fossieltype,null
https://data.bodemenondergrond.vlaanderen.be/id/concept/fossieltype/354,http://www.w3.org/2004/02/skos/core#Concept,be.vlaanderen.bodemenondergrond.data.id.concept.fossieltype.354,Pholadomya margaritacea,https://data.bodemenondergrond.vlaanderen.be/id/conceptscheme/fossieltype,354,mariene fauna|Pholadomya margaritacea,Pholadomya margaritacea,https://data.bodemenondergrond.vlaanderen.be/id/conceptscheme/fossieltype,null
https://data.bodemenondergrond.vlaanderen.be/id/concept/fossieltype/355,http://www.w3.org/2004/02/skos/core#Concept,be.vlaanderen.bodemenondergrond.data.id.concept.fossieltype.355,Squales sp.,https://data.bodemenondergrond.vlaanderen.be/id/conceptscheme/fossieltype,355,mariene fauna|Squales sp.,Squales sp.,https://data.bodemenondergrond.vlaanderen.be/id/conceptscheme/fossieltype,null
https://data.bodemenondergrond.vlaanderen.be/id/concept/fossieltype/356,http://www.w3.org/2004/02/skos/core#Concept,be.vlaanderen.bodemenondergrond.data.id.concept.fossieltype.356,Cardita kickxi,https://data.bodemenondergrond.vlaanderen.be/id/conceptscheme/fossieltype,356,mariene fauna|Cardita kickxi,Cardita kickxi,https://data.bodemenondergrond.vlaanderen.be/id/conceptscheme/fossieltype,null
https://data.bodemenondergrond.vlaanderen.be/id/concept/fossieltype/357,http://www.w3.org/2004/02/skos/core#Concept,be.vlaanderen.bodemenondergrond.data.id.concept.fossieltype.357,Nummulites variolarius,https://data.bodemenondergrond.vlaanderen.be/id/conceptscheme/fossieltype,357,mariene fauna|Nummulites variolarius,Nummulites variolarius,https://data.bodemenondergrond.vlaanderen.be/id/conceptscheme/fossieltype,null
https://data.bodemenondergrond.vlaanderen.be/id/concept/fossieltype/358,http://www.w3.org/2004/02/skos/core#Concept,be.vlaanderen.bodemenondergrond.data.id.concept.fossieltype.358,Pecten corneus,https://data.bodemenondergrond.vlaanderen.be/id/conceptscheme/fossieltype,358,mariene fauna|Pecten corneus,Pecten corneus,https://data.bodemenondergrond.vlaanderen.be/id/conceptscheme/fossieltype,null
https://data.bodemenondergrond.vlaanderen.be/id/concept/fossieltype/359,http://www.w3.org/2004/02/skos/core#Concept,be.vlaanderen.bodemenondergrond.data.id.concept.fossieltype.359,Pecten plebejus,https://data.bodemenondergrond.vlaanderen.be/id/conceptscheme/fossieltype,359,mariene fauna|Pecten plebejus,Pecten plebejus,https://data.bodemenondergrond.vlaanderen.be/id/conceptscheme/fossieltype,null
https://data.bodemenondergrond.vlaanderen.be/id/concept/fossieltype/36,http://www.w3.org/2004/02/skos/core#Concept,be.vlaanderen.bodemenondergrond.data.id.concept.fossieltype.36,Mariopteris sp.,https://data.bodemenondergrond.vlaanderen.be/id/conceptscheme/fossieltype,36,flora|Mariopteris sp.,Mariopteris sp.,https://data.bodemenondergrond.vlaanderen.be/id/conceptscheme/fossieltype,null
https://data.bodemenondergrond.vlaanderen.be/id/concept/fossieltype/360,http://www.w3.org/2004/02/skos/core#Concept,be.vlaanderen.bodemenondergrond.data.id.concept.fossieltype.360,Pinna margaritacea,https://data.bodemenondergrond.vlaanderen.be/id/conceptscheme/fossieltype,360,mariene fauna|Pinna margaritacea,Pinna margaritacea,https://data.bodemenondergrond.vlaanderen.be/id/conceptscheme/fossieltype,null
https://data.bodemenondergrond.vlaanderen.be/id/concept/fossieltype/361,http://www.w3.org/2004/02/skos/core#Concept,be.vlaanderen.bodemenondergrond.data.id.concept.fossieltype.361,Nummulites planulatus,https://data.bodemenondergrond.vlaanderen.be/id/conceptscheme/fossieltype,361,mariene fauna|Nummulites planulatus,Nummulites planulatus,https://data.bodemenondergrond.vlaanderen.be/id/conceptscheme/fossieltype,null
https://data.bodemenondergrond.vlaanderen.be/id/concept/fossieltype/362,http://www.w3.org/2004/02/skos/core#Concept,be.vlaanderen.bodemenondergrond.data.id.concept.fossieltype.362,Odontaspis winkleri,https://data.bodemenondergrond.vlaanderen.be/id/conceptscheme/fossieltype,362,mariene fauna|Odontaspis winkleri,Odontaspis winkleri,https://data.bodemenondergrond.vlaanderen.be/id/conceptscheme/fossieltype,null
https://data.bodemenondergrond.vlaanderen.be/id/concept/fossieltype/363,http://www.w3.org/2004/02/skos/core#Concept,be.vlaanderen.bodemenondergrond.data.id.concept.fossieltype.363,Nodosaria raphanistrum,https://data.bodemenondergrond.vlaanderen.be/id/conceptscheme/fossieltype,363,mariene fauna|Nodosaria raphanistrum,Nodosaria raphanistrum,https://data.bodemenondergrond.vlaanderen.be/id/conceptscheme/fossieltype,null
https://data.bodemenondergrond.vlaanderen.be/id/concept/fossieltype/364,http://www.w3.org/2004/02/skos/core#Concept,be.vlaanderen.bodemenondergrond.data.id.concept.fossieltype.364,Balanocrinus sp.,https://data.bodemenondergrond.vlaanderen.be/id/conceptscheme/fossieltype,364,mariene fauna|Balanocrinus sp.,Balanocrinus sp.,https://data.bodemenondergrond.vlaanderen.be/id/conceptscheme/fossieltype,null
https://data.bodemenondergrond.vlaanderen.be/id/concept/fossieltype/365,http://www.w3.org/2004/02/skos/core#Concept,be.vlaanderen.bodemenondergrond.data.id.concept.fossieltype.365,Micraster sp.,https://data.bodemenondergrond.vlaanderen.be/id/conceptscheme/fossieltype,365,mariene fauna|Micraster sp.,Micraster sp.,https://data.bodemenondergrond.vlaanderen.be/id/conceptscheme/fossieltype,null
https://data.bodemenondergrond.vlaanderen.be/id/concept/fossieltype/366,http://www.w3.org/2004/02/skos/core#Concept,be.vlaanderen.bodemenondergrond.data.id.concept.fossieltype.366,Pecten campaniensis,https://data.bodemenondergrond.vlaanderen.be/id/conceptscheme/fossieltype,366,mariene fauna|Pecten campaniensis,Pecten campaniensis,https://data.bodemenondergrond.vlaanderen.be/id/conceptscheme/fossieltype,null
https://data.bodemenondergrond.vlaanderen.be/id/concept/fossieltype/367,http://www.w3.org/2004/02/skos/core#Concept,be.vlaanderen.bodemenondergrond.data.id.concept.fossieltype.367,Inoceramus balticus,https://data.bodemenondergrond.vlaanderen.be/id/conceptscheme/fossieltype,367,mariene fauna|Inoceramus balticus,Inoceramus balticus,https://data.bodemenondergrond.vlaanderen.be/id/conceptscheme/fossieltype,null
https://data.bodemenondergrond.vlaanderen.be/id/concept/fossieltype/368,http://www.w3.org/2004/02/skos/core#Concept,be.vlaanderen.bodemenondergrond.data.id.concept.fossieltype.368,Inoceramus lamarcki var. websteri,https://data.bodemenondergrond.vlaanderen.be/id/conceptscheme/fossieltype,368,mariene fauna|Inoceramus lamarcki var. websteri,Inoceramus lamarcki var. websteri,https://data.bodemenondergrond.vlaanderen.be/id/conceptscheme/fossieltype,null
https://data.bodemenondergrond.vlaanderen.be/id/concept/fossieltype/369,http://www.w3.org/2004/02/skos/core#Concept,be.vlaanderen.bodemenondergrond.data.id.concept.fossieltype.369,Vola sexcostata,https://data.bodemenondergrond.vlaanderen.be/id/conceptscheme/fossieltype,369,mariene fauna|Vola sexcostata,Vola sexcostata,https://data.bodemenondergrond.vlaanderen.be/id/conceptscheme/fossieltype,null
https://data.bodemenondergrond.vlaanderen.be/id/concept/fossieltype/37,http://www.w3.org/2004/02/skos/core#Concept,be.vlaanderen.bodemenondergrond.data.id.concept.fossieltype.37,Neuropteris sp.,https://data.bodemenondergrond.vlaanderen.be/id/conceptscheme/fossieltype,37,flora|Neuropteris sp.,Neuropteris sp.,https://data.bodemenondergrond.vlaanderen.be/id/conceptscheme/fossieltype,null
https://data.bodemenondergrond.vlaanderen.be/id/concept/fossieltype/370,http://www.w3.org/2004/02/skos/core#Concept,be.vlaanderen.bodemenondergrond.data.id.concept.fossieltype.370,Magas pumilus,https://data.bodemenondergrond.vlaanderen.be/id/conceptscheme/fossieltype,370,mariene fauna|Magas pumilus,Magas pumilus,https://data.bodemenondergrond.vlaanderen.be/id/conceptscheme/fossieltype,null
https://data.bodemenondergrond.vlaanderen.be/id/concept/fossieltype/371,http://www.w3.org/2004/02/skos/core#Concept,be.vlaanderen.bodemenondergrond.data.id.concept.fossieltype.371,Pteria coerulescens,https://data.bodemenondergrond.vlaanderen.be/id/conceptscheme/fossieltype,371,mariene fauna|Pteria coerulescens,Pteria coerulescens,https://data.bodemenondergrond.vlaanderen.be/id/conceptscheme/fossieltype,null
https://data.bodemenondergrond.vlaanderen.be/id/concept/fossieltype/372,http://www.w3.org/2004/02/skos/core#Concept,be.vlaanderen.bodemenondergrond.data.id.concept.fossieltype.372,Pteria sp.,https://data.bodemenondergrond.vlaanderen.be/id/conceptscheme/fossieltype,372,mariene fauna|Pteria sp.,Pteria sp.,https://data.bodemenondergrond.vlaanderen.be/id/conceptscheme/fossieltype,null
https://data.bodemenondergrond.vlaanderen.be/id/concept/fossieltype/373,http://www.w3.org/2004/02/skos/core#Concept,be.vlaanderen.bodemenondergrond.data.id.concept.fossieltype.373,Teredo voracissima,https://data.bodemenondergrond.vlaanderen.be/id/conceptscheme/fossieltype,373,mariene fauna|Teredo voracissima,Teredo voracissima,https://data.bodemenondergrond.vlaanderen.be/id/conceptscheme/fossieltype,null
https://data.bodemenondergrond.vlaanderen.be/id/concept/fossieltype/374,http://www.w3.org/2004/02/skos/core#Concept,be.vlaanderen.bodemenondergrond.data.id.concept.fossieltype.374,Trigonia vaalsiensis,https://data.bodemenondergrond.vlaanderen.be/id/conceptscheme/fossieltype,374,mariene fauna|Trigonia vaalsiensis,Trigonia vaalsiensis,https://data.bodemenondergrond.vlaanderen.be/id/conceptscheme/fossieltype,null
https://data.bodemenondergrond.vlaanderen.be/id/concept/fossieltype/375,http://www.w3.org/2004/02/skos/core#Concept,be.vlaanderen.bodemenondergrond.data.id.concept.fossieltype.375,Crassatella sp.,https://data.bodemenondergrond.vlaanderen.be/id/conceptscheme/fossieltype,375,mariene fauna|Crassatella sp.,Crassatella sp.,https://data.bodemenondergrond.vlaanderen.be/id/conceptscheme/fossieltype,null
https://data.bodemenondergrond.vlaanderen.be/id/concept/fossieltype/376,http://www.w3.org/2004/02/skos/core#Concept,be.vlaanderen.bodemenondergrond.data.id.concept.fossieltype.376,Crassatella aracaea,https://data.bodemenondergrond.vlaanderen.be/id/conceptscheme/fossieltype,376,mariene fauna|Crassatella aracaea,Crassatella aracaea,https://data.bodemenondergrond.vlaanderen.be/id/conceptscheme/fossieltype,null
https://data.bodemenondergrond.vlaanderen.be/id/concept/fossieltype/377,http://www.w3.org/2004/02/skos/core#Concept,be.vlaanderen.bodemenondergrond.data.id.concept.fossieltype.377,Schlotheimia sp.,https://data.bodemenondergrond.vlaanderen.be/id/conceptscheme/fossieltype,377,mariene fauna|Schlotheimia sp.,Schlotheimia sp.,https://data.bodemenondergrond.vlaanderen.be/id/conceptscheme/fossieltype,null
https://data.bodemenondergrond.vlaanderen.be/id/concept/fossieltype/378,http://www.w3.org/2004/02/skos/core#Concept,be.vlaanderen.bodemenondergrond.data.id.concept.fossieltype.378,Schlotheimia angulata,https://data.bodemenondergrond.vlaanderen.be/id/conceptscheme/fossieltype,378,mariene fauna|Schlotheimia angulata,Schlotheimia angulata,https://data.bodemenondergrond.vlaanderen.be/id/conceptscheme/fossieltype,null
https://data.bodemenondergrond.vlaanderen.be/id/concept/fossieltype/379,http://www.w3.org/2004/02/skos/core#Concept,be.vlaanderen.bodemenondergrond.data.id.concept.fossieltype.379,Schlotheimia charmassei,https://data.bodemenondergrond.vlaanderen.be/id/conceptscheme/fossieltype,379,mariene fauna|Schlotheimia charmassei,Schlotheimia charmassei,https://data.bodemenondergrond.vlaanderen.be/id/conceptscheme/fossieltype,null
https://data.bodemenondergrond.vlaanderen.be/id/concept/fossieltype/38,http://www.w3.org/2004/02/skos/core#Concept,be.vlaanderen.bodemenondergrond.data.id.concept.fossieltype.38,Pecopteris sp.,https://data.bodemenondergrond.vlaanderen.be/id/conceptscheme/fossieltype,38,flora|Pecopteris sp.,Pecopteris sp.,https://data.bodemenondergrond.vlaanderen.be/id/conceptscheme/fossieltype,null
https://data.bodemenondergrond.vlaanderen.be/id/concept/fossieltype/380,http://www.w3.org/2004/02/skos/core#Concept,be.vlaanderen.bodemenondergrond.data.id.concept.fossieltype.380,Lingula tenuissima,https://data.bodemenondergrond.vlaanderen.be/id/conceptscheme/fossieltype,380,mariene fauna|Lingula tenuissima,Lingula tenuissima,https://data.bodemenondergrond.vlaanderen.be/id/conceptscheme/fossieltype,null
https://data.bodemenondergrond.vlaanderen.be/id/concept/fossieltype/381,http://www.w3.org/2004/02/skos/core#Concept,be.vlaanderen.bodemenondergrond.data.id.concept.fossieltype.381,krabben,https://data.bodemenondergrond.vlaanderen.be/id/conceptscheme/fossieltype,381,mariene fauna|krabben,krabben,https://data.bodemenondergrond.vlaanderen.be/id/conceptscheme/fossieltype,null
https://data.bodemenondergrond.vlaanderen.be/id/concept/fossieltype/382,http://www.w3.org/2004/02/skos/core#Concept,be.vlaanderen.bodemenondergrond.data.id.concept.fossieltype.382,Dosinia sp.,https://data.bodemenondergrond.vlaanderen.be/id/conceptscheme/fossieltype,382,mariene fauna|Dosinia sp.,Dosinia sp.,https://data.bodemenondergrond.vlaanderen.be/id/conceptscheme/fossieltype,null
https://data.bodemenondergrond.vlaanderen.be/id/concept/fossieltype/383,http://www.w3.org/2004/02/skos/core#Concept,be.vlaanderen.bodemenondergrond.data.id.concept.fossieltype.383,Geinitzia sp.,https://data.bodemenondergrond.vlaanderen.be/id/conceptscheme/fossieltype,383,mariene fauna|Geinitzia sp.,Geinitzia sp.,https://data.bodemenondergrond.vlaanderen.be/id/conceptscheme/fossieltype,null
https://data.bodemenondergrond.vlaanderen.be/id/concept/fossieltype/384,http://www.w3.org/2004/02/skos/core#Concept,be.vlaanderen.bodemenondergrond.data.id.concept.fossieltype.384,Geinitzia elegans,https://data.bodemenondergrond.vlaanderen.be/id/conceptscheme/fossieltype,384,flora|Geinitzia elegans,Geinitzia elegans,https://data.bodemenondergrond.vlaanderen.be/id/conceptscheme/fossieltype,null
https://data.bodemenondergrond.vlaanderen.be/id/concept/fossieltype/385,http://www.w3.org/2004/02/skos/core#Concept,be.vlaanderen.bodemenondergrond.data.id.concept.fossieltype.385,Turritella sexlineata,https://data.bodemenondergrond.vlaanderen.be/id/conceptscheme/fossieltype,385,mariene fauna|Turritella sexlineata,Turritella sexlineata,https://data.bodemenondergrond.vlaanderen.be/id/conceptscheme/fossieltype,null
https://data.bodemenondergrond.vlaanderen.be/id/concept/fossieltype/386,http://www.w3.org/2004/02/skos/core#Concept,be.vlaanderen.bodemenondergrond.data.id.concept.fossieltype.386,Cucullea matheroniana,https://data.bodemenondergrond.vlaanderen.be/id/conceptscheme/fossieltype,386,mariene fauna|Cucullea matheroniana,Cucullea matheroniana,https://data.bodemenondergrond.vlaanderen.be/id/conceptscheme/fossieltype,null
https://data.bodemenondergrond.vlaanderen.be/id/concept/fossieltype/387,http://www.w3.org/2004/02/skos/core#Concept,be.vlaanderen.bodemenondergrond.data.id.concept.fossieltype.387,Turritella multilincata,https://data.bodemenondergrond.vlaanderen.be/id/conceptscheme/fossieltype,387,mariene fauna|Turritella multilincata,Turritella multilincata,https://data.bodemenondergrond.vlaanderen.be/id/conceptscheme/fossieltype,null
https://data.bodemenondergrond.vlaanderen.be/id/concept/fossieltype/388,http://www.w3.org/2004/02/skos/core#Concept,be.vlaanderen.bodemenondergrond.data.id.concept.fossieltype.388,Terebella sp.,https://data.bodemenondergrond.vlaanderen.be/id/conceptscheme/fossieltype,388,mariene fauna|Terebella sp.,Terebella sp.,https://data.bodemenondergrond.vlaanderen.be/id/conceptscheme/fossieltype,null
https://data.bodemenondergrond.vlaanderen.be/id/concept/fossieltype/389,http://www.w3.org/2004/02/skos/core#Concept,be.vlaanderen.bodemenondergrond.data.id.concept.fossieltype.389,Terebella lewiensis,https://data.bodemenondergrond.vlaanderen.be/id/conceptscheme/fossieltype,389,mariene fauna|Terebella lewiensis,Terebella lewiensis,https://data.bodemenondergrond.vlaanderen.be/id/conceptscheme/fossieltype,null
https://data.bodemenondergrond.vlaanderen.be/id/concept/fossieltype/39,http://www.w3.org/2004/02/skos/core#Concept,be.vlaanderen.bodemenondergrond.data.id.concept.fossieltype.39,Pinnularia sp.,https://data.bodemenondergrond.vlaanderen.be/id/conceptscheme/fossieltype,39,flora|Pinnularia sp.,Pinnularia sp.,https://data.bodemenondergrond.vlaanderen.be/id/conceptscheme/fossieltype,null
https://data.bodemenondergrond.vlaanderen.be/id/concept/fossieltype/390,http://www.w3.org/2004/02/skos/core#Concept,be.vlaanderen.bodemenondergrond.data.id.concept.fossieltype.390,Neuropteris linguaefolia,https://data.bodemenondergrond.vlaanderen.be/id/conceptscheme/fossieltype,390,flora|Neuropteris linguaefolia,Neuropteris linguaefolia,https://data.bodemenondergrond.vlaanderen.be/id/conceptscheme/fossieltype,null
https://data.bodemenondergrond.vlaanderen.be/id/concept/fossieltype/391,http://www.w3.org/2004/02/skos/core#Concept,be.vlaanderen.bodemenondergrond.data.id.concept.fossieltype.391,Sphenopteris striata,https://data.bodemenondergrond.vlaanderen.be/id/conceptscheme/fossieltype,391,flora|Sphenopteris striata,Sphenopteris striata,https://data.bodemenondergrond.vlaanderen.be/id/conceptscheme/fossieltype,null
https://data.bodemenondergrond.vlaanderen.be/id/concept/fossieltype/392,http://www.w3.org/2004/02/skos/core#Concept,be.vlaanderen.bodemenondergrond.data.id.concept.fossieltype.392,Sphenopteris neuropteroides,https://data.bodemenondergrond.vlaanderen.be/id/conceptscheme/fossieltype,392,flora|Sphenopteris neuropteroides,Sphenopteris neuropteroides,https://data.bodemenondergrond.vlaanderen.be/id/conceptscheme/fossieltype,null
https://data.bodemenondergrond.vlaanderen.be/id/concept/fossieltype/393,http://www.w3.org/2004/02/skos/core#Concept,be.vlaanderen.bodemenondergrond.data.id.concept.fossieltype.393,Artisia transversa,https://data.bodemenondergrond.vlaanderen.be/id/conceptscheme/fossieltype,393,flora|Artisia transversa,Artisia transversa,https://data.bodemenondergrond.vlaanderen.be/id/conceptscheme/fossieltype,null
https://data.bodemenondergrond.vlaanderen.be/id/concept/fossieltype/394,http://www.w3.org/2004/02/skos/core#Concept,be.vlaanderen.bodemenondergrond.data.id.concept.fossieltype.394,Neuropteris pseudogigantea,https://data.bodemenondergrond.vlaanderen.be/id/conceptscheme/fossieltype,394,flora|Neuropteris pseudogigantea,Neuropteris pseudogigantea,https://data.bodemenondergrond.vlaanderen.be/id/conceptscheme/fossieltype,null
https://data.bodemenondergrond.vlaanderen.be/id/concept/fossieltype/395,http://www.w3.org/2004/02/skos/core#Concept,be.vlaanderen.bodemenondergrond.data.id.concept.fossieltype.395,Lepidodendron dissitum,https://data.bodemenondergrond.vlaanderen.be/id/conceptscheme/fossieltype,395,flora|Lepidodendron dissitum,Lepidodendron dissitum,https://data.bodemenondergrond.vlaanderen.be/id/conceptscheme/fossieltype,null
https://data.bodemenondergrond.vlaanderen.be/id/concept/fossieltype/396,http://www.w3.org/2004/02/skos/core#Concept,be.vlaanderen.bodemenondergrond.data.id.concept.fossieltype.396,Radicites capillacea,https://data.bodemenondergrond.vlaanderen.be/id/conceptscheme/fossieltype,396,flora|Radicites capillacea,Radicites capillacea,https://data.bodemenondergrond.vlaanderen.be/id/conceptscheme/fossieltype,null
https://data.bodemenondergrond.vlaanderen.be/id/concept/fossieltype/397,http://www.w3.org/2004/02/skos/core#Concept,be.vlaanderen.bodemenondergrond.data.id.concept.fossieltype.397,Lepidophloios acerosus,https://data.bodemenondergrond.vlaanderen.be/id/conceptscheme/fossieltype,397,flora|Lepidophloios acerosus,Lepidophloios acerosus,https://data.bodemenondergrond.vlaanderen.be/id/conceptscheme/fossieltype,null
https://data.bodemenondergrond.vlaanderen.be/id/concept/fossieltype/398,http://www.w3.org/2004/02/skos/core#Concept,be.vlaanderen.bodemenondergrond.data.id.concept.fossieltype.398,Asolanus camptotaenia,https://data.bodemenondergrond.vlaanderen.be/id/conceptscheme/fossieltype,398,flora|Asolanus camptotaenia,Asolanus camptotaenia,https://data.bodemenondergrond.vlaanderen.be/id/conceptscheme/fossieltype,null
https://data.bodemenondergrond.vlaanderen.be/id/concept/fossieltype/399,http://www.w3.org/2004/02/skos/core#Concept,be.vlaanderen.bodemenondergrond.data.id.concept.fossieltype.399,Annularia sphenophylloides,https://data.bodemenondergrond.vlaanderen.be/id/conceptscheme/fossieltype,399,flora|Annularia sphenophylloides,Annularia sphenophylloides,https://data.bodemenondergrond.vlaanderen.be/id/conceptscheme/fossieltype,null
https://data.bodemenondergrond.vlaanderen.be/id/concept/fossieltype/4,http://www.w3.org/2004/02/skos/core#Concept,be.vlaanderen.bodemenondergrond.data.id.concept.fossieltype.4,Lingula sp.,https://data.bodemenondergrond.vlaanderen.be/id/conceptscheme/fossieltype,4,fauna|Lingula sp.,Lingula sp.,https://data.bodemenondergrond.vlaanderen.be/id/conceptscheme/fossieltype,null
https://data.bodemenondergrond.vlaanderen.be/id/concept/fossieltype/40,http://www.w3.org/2004/02/skos/core#Concept,be.vlaanderen.bodemenondergrond.data.id.concept.fossieltype.40,Radicites sp.,https://data.bodemenondergrond.vlaanderen.be/id/conceptscheme/fossieltype,40,flora|Radicites sp.,Radicites sp.,https://data.bodemenondergrond.vlaanderen.be/id/conceptscheme/fossieltype,null
https://data.bodemenondergrond.vlaanderen.be/id/concept/fossieltype/400,http://www.w3.org/2004/02/skos/core#Concept,be.vlaanderen.bodemenondergrond.data.id.concept.fossieltype.400,Mariopteris sauveuri,https://data.bodemenondergrond.vlaanderen.be/id/conceptscheme/fossieltype,400,flora|Mariopteris sauveuri,Mariopteris sauveuri,https://data.bodemenondergrond.vlaanderen.be/id/conceptscheme/fossieltype,null
https://data.bodemenondergrond.vlaanderen.be/id/concept/fossieltype/401,http://www.w3.org/2004/02/skos/core#Concept,be.vlaanderen.bodemenondergrond.data.id.concept.fossieltype.401,Mariopteris latifolia,https://data.bodemenondergrond.vlaanderen.be/id/conceptscheme/fossieltype,401,flora|Mariopteris latifolia,Mariopteris latifolia,https://data.bodemenondergrond.vlaanderen.be/id/conceptscheme/fossieltype,null
https://data.bodemenondergrond.vlaanderen.be/id/concept/fossieltype/402,http://www.w3.org/2004/02/skos/core#Concept,be.vlaanderen.bodemenondergrond.data.id.concept.fossieltype.402,Pecopteris avoldensis,https://data.bodemenondergrond.vlaanderen.be/id/conceptscheme/fossieltype,402,flora|Pecopteris avoldensis,Pecopteris avoldensis,https://data.bodemenondergrond.vlaanderen.be/id/conceptscheme/fossieltype,null
https://data.bodemenondergrond.vlaanderen.be/id/concept/fossieltype/403,http://www.w3.org/2004/02/skos/core#Concept,be.vlaanderen.bodemenondergrond.data.id.concept.fossieltype.403,Sphenopteris nummularia,https://data.bodemenondergrond.vlaanderen.be/id/conceptscheme/fossieltype,403,flora|Sphenopteris nummularia,Sphenopteris nummularia,https://data.bodemenondergrond.vlaanderen.be/id/conceptscheme/fossieltype,null
https://data.bodemenondergrond.vlaanderen.be/id/concept/fossieltype/404,http://www.w3.org/2004/02/skos/core#Concept,be.vlaanderen.bodemenondergrond.data.id.concept.fossieltype.404,Carbonia fabulina,https://data.bodemenondergrond.vlaanderen.be/id/conceptscheme/fossieltype,404,zoetwaterfauna|Carbonia fabulina,Carbonia fabulina,https://data.bodemenondergrond.vlaanderen.be/id/conceptscheme/fossieltype,null
https://data.bodemenondergrond.vlaanderen.be/id/concept/fossieltype/405,http://www.w3.org/2004/02/skos/core#Concept,be.vlaanderen.bodemenondergrond.data.id.concept.fossieltype.405,Carpolites perpusillus,https://data.bodemenondergrond.vlaanderen.be/id/conceptscheme/fossieltype,405,flora|Carpolites perpusillus,Carpolites perpusillus,https://data.bodemenondergrond.vlaanderen.be/id/conceptscheme/fossieltype,null
https://data.bodemenondergrond.vlaanderen.be/id/concept/fossieltype/406,http://www.w3.org/2004/02/skos/core#Concept,be.vlaanderen.bodemenondergrond.data.id.concept.fossieltype.406,Naiadites modiolaris,https://data.bodemenondergrond.vlaanderen.be/id/conceptscheme/fossieltype,406,brakwaterfauna|Naiadites modiolaris,Naiadites modiolaris,https://data.bodemenondergrond.vlaanderen.be/id/conceptscheme/fossieltype,null
https://data.bodemenondergrond.vlaanderen.be/id/concept/fossieltype/407,http://www.w3.org/2004/02/skos/core#Concept,be.vlaanderen.bodemenondergrond.data.id.concept.fossieltype.407,Ostrea goldfussi,https://data.bodemenondergrond.vlaanderen.be/id/conceptscheme/fossieltype,407,mariene fauna|Ostrea goldfussi,Ostrea goldfussi,https://data.bodemenondergrond.vlaanderen.be/id/conceptscheme/fossieltype,null
https://data.bodemenondergrond.vlaanderen.be/id/concept/fossieltype/409,http://www.w3.org/2004/02/skos/core#Concept,be.vlaanderen.bodemenondergrond.data.id.concept.fossieltype.409,Calamites verticillatus,https://data.bodemenondergrond.vlaanderen.be/id/conceptscheme/fossieltype,409,flora|Calamites verticillatus,Calamites verticillatus,https://data.bodemenondergrond.vlaanderen.be/id/conceptscheme/fossieltype,null
https://data.bodemenondergrond.vlaanderen.be/id/concept/fossieltype/41,http://www.w3.org/2004/02/skos/core#Concept,be.vlaanderen.bodemenondergrond.data.id.concept.fossieltype.41,Samaropsis sp.,https://data.bodemenondergrond.vlaanderen.be/id/conceptscheme/fossieltype,41,flora|Samaropsis sp.,Samaropsis sp.,https://data.bodemenondergrond.vlaanderen.be/id/conceptscheme/fossieltype,null
https://data.bodemenondergrond.vlaanderen.be/id/concept/fossieltype/410,http://www.w3.org/2004/02/skos/core#Concept,be.vlaanderen.bodemenondergrond.data.id.concept.fossieltype.410,Annularia microphylla,https://data.bodemenondergrond.vlaanderen.be/id/conceptscheme/fossieltype,410,flora|Annularia microphylla,Annularia microphylla,https://data.bodemenondergrond.vlaanderen.be/id/conceptscheme/fossieltype,null
https://data.bodemenondergrond.vlaanderen.be/id/concept/fossieltype/411,http://www.w3.org/2004/02/skos/core#Concept,be.vlaanderen.bodemenondergrond.data.id.concept.fossieltype.411,Adiantites sessilis,https://data.bodemenondergrond.vlaanderen.be/id/conceptscheme/fossieltype,411,flora|Adiantites sessilis,Adiantites sessilis,https://data.bodemenondergrond.vlaanderen.be/id/conceptscheme/fossieltype,null
https://data.bodemenondergrond.vlaanderen.be/id/concept/fossieltype/412,http://www.w3.org/2004/02/skos/core#Concept,be.vlaanderen.bodemenondergrond.data.id.concept.fossieltype.412,Alethopteris davreuxi,https://data.bodemenondergrond.vlaanderen.be/id/conceptscheme/fossieltype,412,flora|Alethopteris davreuxi,Alethopteris davreuxi,https://data.bodemenondergrond.vlaanderen.be/id/conceptscheme/fossieltype,null
https://data.bodemenondergrond.vlaanderen.be/id/concept/fossieltype/413,http://www.w3.org/2004/02/skos/core#Concept,be.vlaanderen.bodemenondergrond.data.id.concept.fossieltype.413,Alethopteris decurrens var. Gracillima,https://data.bodemenondergrond.vlaanderen.be/id/conceptscheme/fossieltype,413,flora|Alethopteris decurrens var. Gracillima,Alethopteris decurrens var. Gracillima,https://data.bodemenondergrond.vlaanderen.be/id/conceptscheme/fossieltype,null
https://data.bodemenondergrond.vlaanderen.be/id/concept/fossieltype/414,http://www.w3.org/2004/02/skos/core#Concept,be.vlaanderen.bodemenondergrond.data.id.concept.fossieltype.414,Alethopteris gracillima,https://data.bodemenondergrond.vlaanderen.be/id/conceptscheme/fossieltype,414,flora|Alethopteris gracillima,Alethopteris gracillima,https://data.bodemenondergrond.vlaanderen.be/id/conceptscheme/fossieltype,null
https://data.bodemenondergrond.vlaanderen.be/id/concept/fossieltype/415,http://www.w3.org/2004/02/skos/core#Concept,be.vlaanderen.bodemenondergrond.data.id.concept.fossieltype.415,Alethopteris valida,https://data.bodemenondergrond.vlaanderen.be/id/conceptscheme/fossieltype,415,flora|Alethopteris valida,Alethopteris valida,https://data.bodemenondergrond.vlaanderen.be/id/conceptscheme/fossieltype,null
https://data.bodemenondergrond.vlaanderen.be/id/concept/fossieltype/416,http://www.w3.org/2004/02/skos/core#Concept,be.vlaanderen.bodemenondergrond.data.id.concept.fossieltype.416,Annularia gallioides,https://data.bodemenondergrond.vlaanderen.be/id/conceptscheme/fossieltype,416,flora|Annularia gallioides,Annularia gallioides,https://data.bodemenondergrond.vlaanderen.be/id/conceptscheme/fossieltype,null
https://data.bodemenondergrond.vlaanderen.be/id/concept/fossieltype/417,http://www.w3.org/2004/02/skos/core#Concept,be.vlaanderen.bodemenondergrond.data.id.concept.fossieltype.417,Annularia ramosa,https://data.bodemenondergrond.vlaanderen.be/id/conceptscheme/fossieltype,417,flora|Annularia ramosa,Annularia ramosa,https://data.bodemenondergrond.vlaanderen.be/id/conceptscheme/fossieltype,null
https://data.bodemenondergrond.vlaanderen.be/id/concept/fossieltype/418,http://www.w3.org/2004/02/skos/core#Concept,be.vlaanderen.bodemenondergrond.data.id.concept.fossieltype.418,Anomya sp.,https://data.bodemenondergrond.vlaanderen.be/id/conceptscheme/fossieltype,418,mariene fauna|Anomya sp.,Anomya sp.,https://data.bodemenondergrond.vlaanderen.be/id/conceptscheme/fossieltype,null
https://data.bodemenondergrond.vlaanderen.be/id/concept/fossieltype/419,http://www.w3.org/2004/02/skos/core#Concept,be.vlaanderen.bodemenondergrond.data.id.concept.fossieltype.419,Anthracomya discordata,https://data.bodemenondergrond.vlaanderen.be/id/conceptscheme/fossieltype,419,brakwaterfauna|Anthracomya discordata,Anthracomya discordata,https://data.bodemenondergrond.vlaanderen.be/id/conceptscheme/fossieltype,null
https://data.bodemenondergrond.vlaanderen.be/id/concept/fossieltype/42,http://www.w3.org/2004/02/skos/core#Concept,be.vlaanderen.bodemenondergrond.data.id.concept.fossieltype.42,Sigillaria sp.,https://data.bodemenondergrond.vlaanderen.be/id/conceptscheme/fossieltype,42,flora|Sigillaria sp.,Sigillaria sp.,https://data.bodemenondergrond.vlaanderen.be/id/conceptscheme/fossieltype,null
https://data.bodemenondergrond.vlaanderen.be/id/concept/fossieltype/420,http://www.w3.org/2004/02/skos/core#Concept,be.vlaanderen.bodemenondergrond.data.id.concept.fossieltype.420,Anthracomya minima Phillipsii,https://data.bodemenondergrond.vlaanderen.be/id/conceptscheme/fossieltype,420,brakwaterfauna|Anthracomya minima Phillipsii,Anthracomya minima Phillipsii,https://data.bodemenondergrond.vlaanderen.be/id/conceptscheme/fossieltype,null
https://data.bodemenondergrond.vlaanderen.be/id/concept/fossieltype/421,http://www.w3.org/2004/02/skos/core#Concept,be.vlaanderen.bodemenondergrond.data.id.concept.fossieltype.421,Anthracomya oblonga,https://data.bodemenondergrond.vlaanderen.be/id/conceptscheme/fossieltype,421,brakwaterfauna|Anthracomya oblonga,Anthracomya oblonga,https://data.bodemenondergrond.vlaanderen.be/id/conceptscheme/fossieltype,null
https://data.bodemenondergrond.vlaanderen.be/id/concept/fossieltype/422,http://www.w3.org/2004/02/skos/core#Concept,be.vlaanderen.bodemenondergrond.data.id.concept.fossieltype.422,Anthracomya wardi,https://data.bodemenondergrond.vlaanderen.be/id/conceptscheme/fossieltype,422,brakwaterfauna|Anthracomya wardi,Anthracomya wardi,https://data.bodemenondergrond.vlaanderen.be/id/conceptscheme/fossieltype,null
https://data.bodemenondergrond.vlaanderen.be/id/concept/fossieltype/423,http://www.w3.org/2004/02/skos/core#Concept,be.vlaanderen.bodemenondergrond.data.id.concept.fossieltype.423,Anthraconauta minima,https://data.bodemenondergrond.vlaanderen.be/id/conceptscheme/fossieltype,423,brakwaterfauna|Anthraconauta minima,Anthraconauta minima,https://data.bodemenondergrond.vlaanderen.be/id/conceptscheme/fossieltype,null
https://data.bodemenondergrond.vlaanderen.be/id/concept/fossieltype/424,http://www.w3.org/2004/02/skos/core#Concept,be.vlaanderen.bodemenondergrond.data.id.concept.fossieltype.424,Anthraconauta Phillipsii,https://data.bodemenondergrond.vlaanderen.be/id/conceptscheme/fossieltype,424,brakwaterfauna|Anthraconauta Phillipsii,Anthraconauta Phillipsii,https://data.bodemenondergrond.vlaanderen.be/id/conceptscheme/fossieltype,null
https://data.bodemenondergrond.vlaanderen.be/id/concept/fossieltype/425,http://www.w3.org/2004/02/skos/core#Concept,be.vlaanderen.bodemenondergrond.data.id.concept.fossieltype.425,Anthraconauta scotica,https://data.bodemenondergrond.vlaanderen.be/id/conceptscheme/fossieltype,425,brakwaterfauna|Anthraconauta scotica,Anthraconauta scotica,https://data.bodemenondergrond.vlaanderen.be/id/conceptscheme/fossieltype,null
https://data.bodemenondergrond.vlaanderen.be/id/concept/fossieltype/426,http://www.w3.org/2004/02/skos/core#Concept,be.vlaanderen.bodemenondergrond.data.id.concept.fossieltype.426,Anthraconauta subovata,https://data.bodemenondergrond.vlaanderen.be/id/conceptscheme/fossieltype,426,zoetwaterfauna|Anthraconauta subovata,Anthraconauta subovata,https://data.bodemenondergrond.vlaanderen.be/id/conceptscheme/fossieltype,null
https://data.bodemenondergrond.vlaanderen.be/id/concept/fossieltype/427,http://www.w3.org/2004/02/skos/core#Concept,be.vlaanderen.bodemenondergrond.data.id.concept.fossieltype.427,Aporrhais sp.,https://data.bodemenondergrond.vlaanderen.be/id/conceptscheme/fossieltype,427,mariene fauna|Aporrhais sp.,Aporrhais sp.,https://data.bodemenondergrond.vlaanderen.be/id/conceptscheme/fossieltype,null
https://data.bodemenondergrond.vlaanderen.be/id/concept/fossieltype/428,http://www.w3.org/2004/02/skos/core#Concept,be.vlaanderen.bodemenondergrond.data.id.concept.fossieltype.428,Arthyris sp.,https://data.bodemenondergrond.vlaanderen.be/id/conceptscheme/fossieltype,428,mariene fauna|Arthyris sp.,Arthyris sp.,https://data.bodemenondergrond.vlaanderen.be/id/conceptscheme/fossieltype,null
https://data.bodemenondergrond.vlaanderen.be/id/concept/fossieltype/429,http://www.w3.org/2004/02/skos/core#Concept,be.vlaanderen.bodemenondergrond.data.id.concept.fossieltype.429,Asterophyllites myriophyllum,https://data.bodemenondergrond.vlaanderen.be/id/conceptscheme/fossieltype,429,flora|Asterophyllites myriophyllum,Asterophyllites myriophyllum,https://data.bodemenondergrond.vlaanderen.be/id/conceptscheme/fossieltype,null
https://data.bodemenondergrond.vlaanderen.be/id/concept/fossieltype/43,http://www.w3.org/2004/02/skos/core#Concept,be.vlaanderen.bodemenondergrond.data.id.concept.fossieltype.43,Sphenophyllum sp.,https://data.bodemenondergrond.vlaanderen.be/id/conceptscheme/fossieltype,43,flora|Sphenophyllum sp.,Sphenophyllum sp.,https://data.bodemenondergrond.vlaanderen.be/id/conceptscheme/fossieltype,null
https://data.bodemenondergrond.vlaanderen.be/id/concept/fossieltype/430,http://www.w3.org/2004/02/skos/core#Concept,be.vlaanderen.bodemenondergrond.data.id.concept.fossieltype.430,Asterophyllites longifolius,https://data.bodemenondergrond.vlaanderen.be/id/conceptscheme/fossieltype,430,flora|Asterophyllites longifolius,Asterophyllites longifolius,https://data.bodemenondergrond.vlaanderen.be/id/conceptscheme/fossieltype,null
https://data.bodemenondergrond.vlaanderen.be/id/concept/fossieltype/431,http://www.w3.org/2004/02/skos/core#Concept,be.vlaanderen.bodemenondergrond.data.id.concept.fossieltype.431,Asterophyllites lycopodioides,https://data.bodemenondergrond.vlaanderen.be/id/conceptscheme/fossieltype,431,flora|Asterophyllites lycopodioides,Asterophyllites lycopodioides,https://data.bodemenondergrond.vlaanderen.be/id/conceptscheme/fossieltype,null
https://data.bodemenondergrond.vlaanderen.be/id/concept/fossieltype/432,http://www.w3.org/2004/02/skos/core#Concept,be.vlaanderen.bodemenondergrond.data.id.concept.fossieltype.432,Asterophyllites roehli,https://data.bodemenondergrond.vlaanderen.be/id/conceptscheme/fossieltype,432,flora|Asterophyllites roehli,Asterophyllites roehli,https://data.bodemenondergrond.vlaanderen.be/id/conceptscheme/fossieltype,null
https://data.bodemenondergrond.vlaanderen.be/id/concept/fossieltype/433,http://www.w3.org/2004/02/skos/core#Concept,be.vlaanderen.bodemenondergrond.data.id.concept.fossieltype.433,Asterotheca miltoni,https://data.bodemenondergrond.vlaanderen.be/id/conceptscheme/fossieltype,433,flora|Asterotheca miltoni,Asterotheca miltoni,https://data.bodemenondergrond.vlaanderen.be/id/conceptscheme/fossieltype,null
https://data.bodemenondergrond.vlaanderen.be/id/concept/fossieltype/434,http://www.w3.org/2004/02/skos/core#Concept,be.vlaanderen.bodemenondergrond.data.id.concept.fossieltype.434,Asterotheca sp.,https://data.bodemenondergrond.vlaanderen.be/id/conceptscheme/fossieltype,434,flora|Asterotheca sp.,Asterotheca sp.,https://data.bodemenondergrond.vlaanderen.be/id/conceptscheme/fossieltype,null
https://data.bodemenondergrond.vlaanderen.be/id/concept/fossieltype/435,http://www.w3.org/2004/02/skos/core#Concept,be.vlaanderen.bodemenondergrond.data.id.concept.fossieltype.435,Aulacopteris vulgaris,https://data.bodemenondergrond.vlaanderen.be/id/conceptscheme/fossieltype,435,flora|Aulacopteris vulgaris,Aulacopteris vulgaris,https://data.bodemenondergrond.vlaanderen.be/id/conceptscheme/fossieltype,null
https://data.bodemenondergrond.vlaanderen.be/id/concept/fossieltype/436,http://www.w3.org/2004/02/skos/core#Concept,be.vlaanderen.bodemenondergrond.data.id.concept.fossieltype.436,Bellinurus Céphaloth.,https://data.bodemenondergrond.vlaanderen.be/id/conceptscheme/fossieltype,436,mariene fauna|Bellinurus Céphaloth.,Bellinurus Céphaloth.,https://data.bodemenondergrond.vlaanderen.be/id/conceptscheme/fossieltype,null
https://data.bodemenondergrond.vlaanderen.be/id/concept/fossieltype/437,http://www.w3.org/2004/02/skos/core#Concept,be.vlaanderen.bodemenondergrond.data.id.concept.fossieltype.437,Bellinurus reginae,https://data.bodemenondergrond.vlaanderen.be/id/conceptscheme/fossieltype,437,mariene fauna|Bellinurus reginae,Bellinurus reginae,https://data.bodemenondergrond.vlaanderen.be/id/conceptscheme/fossieltype,null
https://data.bodemenondergrond.vlaanderen.be/id/concept/fossieltype/438,http://www.w3.org/2004/02/skos/core#Concept,be.vlaanderen.bodemenondergrond.data.id.concept.fossieltype.438,Beyrichia arcuata,https://data.bodemenondergrond.vlaanderen.be/id/conceptscheme/fossieltype,438,fauna|Beyrichia arcuata,Beyrichia arcuata,https://data.bodemenondergrond.vlaanderen.be/id/conceptscheme/fossieltype,null
https://data.bodemenondergrond.vlaanderen.be/id/concept/fossieltype/439,http://www.w3.org/2004/02/skos/core#Concept,be.vlaanderen.bodemenondergrond.data.id.concept.fossieltype.439,Beyrichia sp.,https://data.bodemenondergrond.vlaanderen.be/id/conceptscheme/fossieltype,439,fauna|Beyrichia sp.,Beyrichia sp.,https://data.bodemenondergrond.vlaanderen.be/id/conceptscheme/fossieltype,null
https://data.bodemenondergrond.vlaanderen.be/id/concept/fossieltype/44,http://www.w3.org/2004/02/skos/core#Concept,be.vlaanderen.bodemenondergrond.data.id.concept.fossieltype.44,Sphenopteris sp.,https://data.bodemenondergrond.vlaanderen.be/id/conceptscheme/fossieltype,44,flora|Sphenopteris sp.,Sphenopteris sp.,https://data.bodemenondergrond.vlaanderen.be/id/conceptscheme/fossieltype,null
https://data.bodemenondergrond.vlaanderen.be/id/concept/fossieltype/440,http://www.w3.org/2004/02/skos/core#Concept,be.vlaanderen.bodemenondergrond.data.id.concept.fossieltype.440,Bothrodendron punctatum,https://data.bodemenondergrond.vlaanderen.be/id/conceptscheme/fossieltype,440,flora|Bothrodendron punctatum,Bothrodendron punctatum,https://data.bodemenondergrond.vlaanderen.be/id/conceptscheme/fossieltype,null
https://data.bodemenondergrond.vlaanderen.be/id/concept/fossieltype/441,http://www.w3.org/2004/02/skos/core#Concept,be.vlaanderen.bodemenondergrond.data.id.concept.fossieltype.441,Bothrostrobus olryi,https://data.bodemenondergrond.vlaanderen.be/id/conceptscheme/fossieltype,441,flora|Bothrostrobus olryi,Bothrostrobus olryi,https://data.bodemenondergrond.vlaanderen.be/id/conceptscheme/fossieltype,null
https://data.bodemenondergrond.vlaanderen.be/id/concept/fossieltype/442,http://www.w3.org/2004/02/skos/core#Concept,be.vlaanderen.bodemenondergrond.data.id.concept.fossieltype.442,Bourgueticrinus sp.,https://data.bodemenondergrond.vlaanderen.be/id/conceptscheme/fossieltype,442,mariene fauna|Bourgueticrinus sp.,Bourgueticrinus sp.,https://data.bodemenondergrond.vlaanderen.be/id/conceptscheme/fossieltype,null
https://data.bodemenondergrond.vlaanderen.be/id/concept/fossieltype/443,http://www.w3.org/2004/02/skos/core#Concept,be.vlaanderen.bodemenondergrond.data.id.concept.fossieltype.443,Calamites approximatus,https://data.bodemenondergrond.vlaanderen.be/id/conceptscheme/fossieltype,443,flora|Calamites approximatus,Calamites approximatus,https://data.bodemenondergrond.vlaanderen.be/id/conceptscheme/fossieltype,null
https://data.bodemenondergrond.vlaanderen.be/id/concept/fossieltype/444,http://www.w3.org/2004/02/skos/core#Concept,be.vlaanderen.bodemenondergrond.data.id.concept.fossieltype.444,Calamites carinatus,https://data.bodemenondergrond.vlaanderen.be/id/conceptscheme/fossieltype,444,flora|Calamites carinatus,Calamites carinatus,https://data.bodemenondergrond.vlaanderen.be/id/conceptscheme/fossieltype,null
https://data.bodemenondergrond.vlaanderen.be/id/concept/fossieltype/445,http://www.w3.org/2004/02/skos/core#Concept,be.vlaanderen.bodemenondergrond.data.id.concept.fossieltype.445,Calamites ostraviensis,https://data.bodemenondergrond.vlaanderen.be/id/conceptscheme/fossieltype,445,flora|Calamites ostraviensis,Calamites ostraviensis,https://data.bodemenondergrond.vlaanderen.be/id/conceptscheme/fossieltype,null
https://data.bodemenondergrond.vlaanderen.be/id/concept/fossieltype/446,http://www.w3.org/2004/02/skos/core#Concept,be.vlaanderen.bodemenondergrond.data.id.concept.fossieltype.446,Calamites paleaceus,https://data.bodemenondergrond.vlaanderen.be/id/conceptscheme/fossieltype,446,flora|Calamites paleaceus,Calamites paleaceus,https://data.bodemenondergrond.vlaanderen.be/id/conceptscheme/fossieltype,null
https://data.bodemenondergrond.vlaanderen.be/id/concept/fossieltype/447,http://www.w3.org/2004/02/skos/core#Concept,be.vlaanderen.bodemenondergrond.data.id.concept.fossieltype.447,Calamites semicircularis,https://data.bodemenondergrond.vlaanderen.be/id/conceptscheme/fossieltype,447,flora|Calamites semicircularis,Calamites semicircularis,https://data.bodemenondergrond.vlaanderen.be/id/conceptscheme/fossieltype,null
https://data.bodemenondergrond.vlaanderen.be/id/concept/fossieltype/448,http://www.w3.org/2004/02/skos/core#Concept,be.vlaanderen.bodemenondergrond.data.id.concept.fossieltype.448,Calamites undulatus,https://data.bodemenondergrond.vlaanderen.be/id/conceptscheme/fossieltype,448,flora|Calamites undulatus,Calamites undulatus,https://data.bodemenondergrond.vlaanderen.be/id/conceptscheme/fossieltype,null
https://data.bodemenondergrond.vlaanderen.be/id/concept/fossieltype/45,http://www.w3.org/2004/02/skos/core#Concept,be.vlaanderen.bodemenondergrond.data.id.concept.fossieltype.45,sporen / sporenregen,https://data.bodemenondergrond.vlaanderen.be/id/conceptscheme/fossieltype,45,flora|sporen / sporenregen,sporen / sporenregen,https://data.bodemenondergrond.vlaanderen.be/id/conceptscheme/fossieltype,null
https://data.bodemenondergrond.vlaanderen.be/id/concept/fossieltype/450,http://www.w3.org/2004/02/skos/core#Concept,be.vlaanderen.bodemenondergrond.data.id.concept.fossieltype.450,Calamostachys ramosa,https://data.bodemenondergrond.vlaanderen.be/id/conceptscheme/fossieltype,450,flora|Calamostachys ramosa,Calamostachys ramosa,https://data.bodemenondergrond.vlaanderen.be/id/conceptscheme/fossieltype,null
https://data.bodemenondergrond.vlaanderen.be/id/concept/fossieltype/451,http://www.w3.org/2004/02/skos/core#Concept,be.vlaanderen.bodemenondergrond.data.id.concept.fossieltype.451,Carbonia acuta,https://data.bodemenondergrond.vlaanderen.be/id/conceptscheme/fossieltype,451,zoetwaterfauna|Carbonia acuta,Carbonia acuta,https://data.bodemenondergrond.vlaanderen.be/id/conceptscheme/fossieltype,null
https://data.bodemenondergrond.vlaanderen.be/id/concept/fossieltype/453,http://www.w3.org/2004/02/skos/core#Concept,be.vlaanderen.bodemenondergrond.data.id.concept.fossieltype.453,Carbonicola acuta vel. Robusta,https://data.bodemenondergrond.vlaanderen.be/id/conceptscheme/fossieltype,453,brakwaterfauna|Carbonicola acuta vel. Robusta,Carbonicola acuta vel. Robusta,https://data.bodemenondergrond.vlaanderen.be/id/conceptscheme/fossieltype,null
https://data.bodemenondergrond.vlaanderen.be/id/concept/fossieltype/454,http://www.w3.org/2004/02/skos/core#Concept,be.vlaanderen.bodemenondergrond.data.id.concept.fossieltype.454,Carbonicola obtusa,https://data.bodemenondergrond.vlaanderen.be/id/conceptscheme/fossieltype,454,brakwaterfauna|Carbonicola obtusa,Carbonicola obtusa,https://data.bodemenondergrond.vlaanderen.be/id/conceptscheme/fossieltype,null
https://data.bodemenondergrond.vlaanderen.be/id/concept/fossieltype/455,http://www.w3.org/2004/02/skos/core#Concept,be.vlaanderen.bodemenondergrond.data.id.concept.fossieltype.455,Carbonicola phrygiana,https://data.bodemenondergrond.vlaanderen.be/id/conceptscheme/fossieltype,455,brakwaterfauna|Carbonicola phrygiana,Carbonicola phrygiana,https://data.bodemenondergrond.vlaanderen.be/id/conceptscheme/fossieltype,null
https://data.bodemenondergrond.vlaanderen.be/id/concept/fossieltype/456,http://www.w3.org/2004/02/skos/core#Concept,be.vlaanderen.bodemenondergrond.data.id.concept.fossieltype.456,Carbonicola pyritisées,https://data.bodemenondergrond.vlaanderen.be/id/conceptscheme/fossieltype,456,brakwaterfauna|Carbonicola pyritisées,Carbonicola pyritisées,https://data.bodemenondergrond.vlaanderen.be/id/conceptscheme/fossieltype,null
https://data.bodemenondergrond.vlaanderen.be/id/concept/fossieltype/457,http://www.w3.org/2004/02/skos/core#Concept,be.vlaanderen.bodemenondergrond.data.id.concept.fossieltype.457,Carbonicola robusta,https://data.bodemenondergrond.vlaanderen.be/id/conceptscheme/fossieltype,457,brakwaterfauna|Carbonicola robusta,Carbonicola robusta,https://data.bodemenondergrond.vlaanderen.be/id/conceptscheme/fossieltype,null
https://data.bodemenondergrond.vlaanderen.be/id/concept/fossieltype/46,http://www.w3.org/2004/02/skos/core#Concept,be.vlaanderen.bodemenondergrond.data.id.concept.fossieltype.46,takjes / twijgen,https://data.bodemenondergrond.vlaanderen.be/id/conceptscheme/fossieltype,46,flora|takjes / twijgen,takjes / twijgen,https://data.bodemenondergrond.vlaanderen.be/id/conceptscheme/fossieltype,null
https://data.bodemenondergrond.vlaanderen.be/id/concept/fossieltype/460,http://www.w3.org/2004/02/skos/core#Concept,be.vlaanderen.bodemenondergrond.data.id.concept.fossieltype.460,Carbonicola turgida,https://data.bodemenondergrond.vlaanderen.be/id/conceptscheme/fossieltype,460,brakwaterfauna|Carbonicola turgida,Carbonicola turgida,https://data.bodemenondergrond.vlaanderen.be/id/conceptscheme/fossieltype,null
https://data.bodemenondergrond.vlaanderen.be/id/concept/fossieltype/461,http://www.w3.org/2004/02/skos/core#Concept,be.vlaanderen.bodemenondergrond.data.id.concept.fossieltype.461,Cingularia sp.,https://data.bodemenondergrond.vlaanderen.be/id/conceptscheme/fossieltype,461,flora|Cingularia sp.,Cingularia sp.,https://data.bodemenondergrond.vlaanderen.be/id/conceptscheme/fossieltype,null
https://data.bodemenondergrond.vlaanderen.be/id/concept/fossieltype/462,http://www.w3.org/2004/02/skos/core#Concept,be.vlaanderen.bodemenondergrond.data.id.concept.fossieltype.462,Cingularia typica,https://data.bodemenondergrond.vlaanderen.be/id/conceptscheme/fossieltype,462,flora|Cingularia typica,Cingularia typica,https://data.bodemenondergrond.vlaanderen.be/id/conceptscheme/fossieltype,null
https://data.bodemenondergrond.vlaanderen.be/id/concept/fossieltype/463,http://www.w3.org/2004/02/skos/core#Concept,be.vlaanderen.bodemenondergrond.data.id.concept.fossieltype.463,Cochlichnus sp.,https://data.bodemenondergrond.vlaanderen.be/id/conceptscheme/fossieltype,463,marien ichnofossiel|Cochlichnus sp.,Cochlichnus sp.,https://data.bodemenondergrond.vlaanderen.be/id/conceptscheme/fossieltype,null
https://data.bodemenondergrond.vlaanderen.be/id/concept/fossieltype/464,http://www.w3.org/2004/02/skos/core#Concept,be.vlaanderen.bodemenondergrond.data.id.concept.fossieltype.464,Cordaianthus pitcairniae,https://data.bodemenondergrond.vlaanderen.be/id/conceptscheme/fossieltype,464,flora|Cordaianthus pitcairniae,Cordaianthus pitcairniae,https://data.bodemenondergrond.vlaanderen.be/id/conceptscheme/fossieltype,null
https://data.bodemenondergrond.vlaanderen.be/id/concept/fossieltype/465,http://www.w3.org/2004/02/skos/core#Concept,be.vlaanderen.bodemenondergrond.data.id.concept.fossieltype.465,Cordaianthus sp.,https://data.bodemenondergrond.vlaanderen.be/id/conceptscheme/fossieltype,465,flora|Cordaianthus sp.,Cordaianthus sp.,https://data.bodemenondergrond.vlaanderen.be/id/conceptscheme/fossieltype,null
https://data.bodemenondergrond.vlaanderen.be/id/concept/fossieltype/466,http://www.w3.org/2004/02/skos/core#Concept,be.vlaanderen.bodemenondergrond.data.id.concept.fossieltype.466,Cordaicarpus cordai,https://data.bodemenondergrond.vlaanderen.be/id/conceptscheme/fossieltype,466,flora|Cordaicarpus cordai,Cordaicarpus cordai,https://data.bodemenondergrond.vlaanderen.be/id/conceptscheme/fossieltype,null
https://data.bodemenondergrond.vlaanderen.be/id/concept/fossieltype/467,http://www.w3.org/2004/02/skos/core#Concept,be.vlaanderen.bodemenondergrond.data.id.concept.fossieltype.467,Cordaicarpus gutbieri,https://data.bodemenondergrond.vlaanderen.be/id/conceptscheme/fossieltype,467,flora|Cordaicarpus gutbieri,Cordaicarpus gutbieri,https://data.bodemenondergrond.vlaanderen.be/id/conceptscheme/fossieltype,null
https://data.bodemenondergrond.vlaanderen.be/id/concept/fossieltype/468,http://www.w3.org/2004/02/skos/core#Concept,be.vlaanderen.bodemenondergrond.data.id.concept.fossieltype.468,Cordaicarpus sp.,https://data.bodemenondergrond.vlaanderen.be/id/conceptscheme/fossieltype,468,flora|Cordaicarpus sp.,Cordaicarpus sp.,https://data.bodemenondergrond.vlaanderen.be/id/conceptscheme/fossieltype,null
https://data.bodemenondergrond.vlaanderen.be/id/concept/fossieltype/47,http://www.w3.org/2004/02/skos/core#Concept,be.vlaanderen.bodemenondergrond.data.id.concept.fossieltype.47,Stigmaria sp.,https://data.bodemenondergrond.vlaanderen.be/id/conceptscheme/fossieltype,47,flora|Stigmaria sp.,Stigmaria sp.,https://data.bodemenondergrond.vlaanderen.be/id/conceptscheme/fossieltype,null
https://data.bodemenondergrond.vlaanderen.be/id/concept/fossieltype/470,http://www.w3.org/2004/02/skos/core#Concept,be.vlaanderen.bodemenondergrond.data.id.concept.fossieltype.470,Cordaites palmaeformis,https://data.bodemenondergrond.vlaanderen.be/id/conceptscheme/fossieltype,470,flora|Cordaites palmaeformis,Cordaites palmaeformis,https://data.bodemenondergrond.vlaanderen.be/id/conceptscheme/fossieltype,null
https://data.bodemenondergrond.vlaanderen.be/id/concept/fossieltype/471,http://www.w3.org/2004/02/skos/core#Concept,be.vlaanderen.bodemenondergrond.data.id.concept.fossieltype.471,Cordaites principalis,https://data.bodemenondergrond.vlaanderen.be/id/conceptscheme/fossieltype,471,flora|Cordaites principalis,Cordaites principalis,https://data.bodemenondergrond.vlaanderen.be/id/conceptscheme/fossieltype,null
https://data.bodemenondergrond.vlaanderen.be/id/concept/fossieltype/472,http://www.w3.org/2004/02/skos/core#Concept,be.vlaanderen.bodemenondergrond.data.id.concept.fossieltype.472,Cornuspira sp.,https://data.bodemenondergrond.vlaanderen.be/id/conceptscheme/fossieltype,472,mariene fauna|Cornuspira sp.,Cornuspira sp.,https://data.bodemenondergrond.vlaanderen.be/id/conceptscheme/fossieltype,null
https://data.bodemenondergrond.vlaanderen.be/id/concept/fossieltype/473,http://www.w3.org/2004/02/skos/core#Concept,be.vlaanderen.bodemenondergrond.data.id.concept.fossieltype.473,Corynepteris sternbergi,https://data.bodemenondergrond.vlaanderen.be/id/conceptscheme/fossieltype,473,flora|Corynepteris sternbergi,Corynepteris sternbergi,https://data.bodemenondergrond.vlaanderen.be/id/conceptscheme/fossieltype,null
https://data.bodemenondergrond.vlaanderen.be/id/concept/fossieltype/474,http://www.w3.org/2004/02/skos/core#Concept,be.vlaanderen.bodemenondergrond.data.id.concept.fossieltype.474,Crania sp.,https://data.bodemenondergrond.vlaanderen.be/id/conceptscheme/fossieltype,474,mariene fauna|Crania sp.,Crania sp.,https://data.bodemenondergrond.vlaanderen.be/id/conceptscheme/fossieltype,null
https://data.bodemenondergrond.vlaanderen.be/id/concept/fossieltype/475,http://www.w3.org/2004/02/skos/core#Concept,be.vlaanderen.bodemenondergrond.data.id.concept.fossieltype.475,Crossotheca schatzlarensis,https://data.bodemenondergrond.vlaanderen.be/id/conceptscheme/fossieltype,475,flora|Crossotheca schatzlarensis,Crossotheca schatzlarensis,https://data.bodemenondergrond.vlaanderen.be/id/conceptscheme/fossieltype,null
https://data.bodemenondergrond.vlaanderen.be/id/concept/fossieltype/476,http://www.w3.org/2004/02/skos/core#Concept,be.vlaanderen.bodemenondergrond.data.id.concept.fossieltype.476,Crossotheca sp.,https://data.bodemenondergrond.vlaanderen.be/id/conceptscheme/fossieltype,476,flora|Crossotheca sp.,Crossotheca sp.,https://data.bodemenondergrond.vlaanderen.be/id/conceptscheme/fossieltype,null
https://data.bodemenondergrond.vlaanderen.be/id/concept/fossieltype/477,http://www.w3.org/2004/02/skos/core#Concept,be.vlaanderen.bodemenondergrond.data.id.concept.fossieltype.477,Cucullea sp.,https://data.bodemenondergrond.vlaanderen.be/id/conceptscheme/fossieltype,477,mariene fauna|Cucullea sp.,Cucullea sp.,https://data.bodemenondergrond.vlaanderen.be/id/conceptscheme/fossieltype,null
https://data.bodemenondergrond.vlaanderen.be/id/concept/fossieltype/478,http://www.w3.org/2004/02/skos/core#Concept,be.vlaanderen.bodemenondergrond.data.id.concept.fossieltype.478,Cyprimeria sp.,https://data.bodemenondergrond.vlaanderen.be/id/conceptscheme/fossieltype,478,mariene fauna|Cyprimeria sp.,Cyprimeria sp.,https://data.bodemenondergrond.vlaanderen.be/id/conceptscheme/fossieltype,null
https://data.bodemenondergrond.vlaanderen.be/id/concept/fossieltype/479,http://www.w3.org/2004/02/skos/core#Concept,be.vlaanderen.bodemenondergrond.data.id.concept.fossieltype.479,Diplotmema furcatum,https://data.bodemenondergrond.vlaanderen.be/id/conceptscheme/fossieltype,479,flora|Diplotmema furcatum,Diplotmema furcatum,https://data.bodemenondergrond.vlaanderen.be/id/conceptscheme/fossieltype,null
https://data.bodemenondergrond.vlaanderen.be/id/concept/fossieltype/48,http://www.w3.org/2004/02/skos/core#Concept,be.vlaanderen.bodemenondergrond.data.id.concept.fossieltype.48,Ulodendron sp.,https://data.bodemenondergrond.vlaanderen.be/id/conceptscheme/fossieltype,48,flora|Ulodendron sp.,Ulodendron sp.,https://data.bodemenondergrond.vlaanderen.be/id/conceptscheme/fossieltype,null
https://data.bodemenondergrond.vlaanderen.be/id/concept/fossieltype/480,http://www.w3.org/2004/02/skos/core#Concept,be.vlaanderen.bodemenondergrond.data.id.concept.fossieltype.480,Elonichthys aitkeni,https://data.bodemenondergrond.vlaanderen.be/id/conceptscheme/fossieltype,480,mariene fauna|Elonichthys aitkeni,Elonichthys aitkeni,https://data.bodemenondergrond.vlaanderen.be/id/conceptscheme/fossieltype,null
https://data.bodemenondergrond.vlaanderen.be/id/concept/fossieltype/481,http://www.w3.org/2004/02/skos/core#Concept,be.vlaanderen.bodemenondergrond.data.id.concept.fossieltype.481,Elonichthys denticulatus,https://data.bodemenondergrond.vlaanderen.be/id/conceptscheme/fossieltype,481,mariene fauna|Elonichthys denticulatus,Elonichthys denticulatus,https://data.bodemenondergrond.vlaanderen.be/id/conceptscheme/fossieltype,null
https://data.bodemenondergrond.vlaanderen.be/id/concept/fossieltype/483,http://www.w3.org/2004/02/skos/core#Concept,be.vlaanderen.bodemenondergrond.data.id.concept.fossieltype.483,Entalis sp.,https://data.bodemenondergrond.vlaanderen.be/id/conceptscheme/fossieltype,483,mariene fauna|Entalis sp.,Entalis sp.,https://data.bodemenondergrond.vlaanderen.be/id/conceptscheme/fossieltype,null
https://data.bodemenondergrond.vlaanderen.be/id/concept/fossieltype/484,http://www.w3.org/2004/02/skos/core#Concept,be.vlaanderen.bodemenondergrond.data.id.concept.fossieltype.484,Eriphyla sp.,https://data.bodemenondergrond.vlaanderen.be/id/conceptscheme/fossieltype,484,mariene fauna|Eriphyla sp.,Eriphyla sp.,https://data.bodemenondergrond.vlaanderen.be/id/conceptscheme/fossieltype,null
https://data.bodemenondergrond.vlaanderen.be/id/concept/fossieltype/485,http://www.w3.org/2004/02/skos/core#Concept,be.vlaanderen.bodemenondergrond.data.id.concept.fossieltype.485,Estheria simoni,https://data.bodemenondergrond.vlaanderen.be/id/conceptscheme/fossieltype,485,mariene fauna|Estheria simoni,Estheria simoni,https://data.bodemenondergrond.vlaanderen.be/id/conceptscheme/fossieltype,null
https://data.bodemenondergrond.vlaanderen.be/id/concept/fossieltype/486,http://www.w3.org/2004/02/skos/core#Concept,be.vlaanderen.bodemenondergrond.data.id.concept.fossieltype.486,Estheria sp.,https://data.bodemenondergrond.vlaanderen.be/id/conceptscheme/fossieltype,486,mariene fauna|Estheria sp.,Estheria sp.,https://data.bodemenondergrond.vlaanderen.be/id/conceptscheme/fossieltype,null
https://data.bodemenondergrond.vlaanderen.be/id/concept/fossieltype/487,http://www.w3.org/2004/02/skos/core#Concept,be.vlaanderen.bodemenondergrond.data.id.concept.fossieltype.487,Gervillia sp.,https://data.bodemenondergrond.vlaanderen.be/id/conceptscheme/fossieltype,487,mariene fauna|Gervillia sp.,Gervillia sp.,https://data.bodemenondergrond.vlaanderen.be/id/conceptscheme/fossieltype,null
https://data.bodemenondergrond.vlaanderen.be/id/concept/fossieltype/488,http://www.w3.org/2004/02/skos/core#Concept,be.vlaanderen.bodemenondergrond.data.id.concept.fossieltype.488,Gulpenia limburgensis,https://data.bodemenondergrond.vlaanderen.be/id/conceptscheme/fossieltype,488,onbepaald|Gulpenia limburgensis,Gulpenia limburgensis,https://data.bodemenondergrond.vlaanderen.be/id/conceptscheme/fossieltype,null
https://data.bodemenondergrond.vlaanderen.be/id/concept/fossieltype/489,http://www.w3.org/2004/02/skos/core#Concept,be.vlaanderen.bodemenondergrond.data.id.concept.fossieltype.489,Gulpenia sp.,https://data.bodemenondergrond.vlaanderen.be/id/conceptscheme/fossieltype,489,onbepaald|Gulpenia sp.,Gulpenia sp.,https://data.bodemenondergrond.vlaanderen.be/id/conceptscheme/fossieltype,null
https://data.bodemenondergrond.vlaanderen.be/id/concept/fossieltype/49,http://www.w3.org/2004/02/skos/core#Concept,be.vlaanderen.bodemenondergrond.data.id.concept.fossieltype.49,Ulostrobus sp.,https://data.bodemenondergrond.vlaanderen.be/id/conceptscheme/fossieltype,49,flora|Ulostrobus sp.,Ulostrobus sp.,https://data.bodemenondergrond.vlaanderen.be/id/conceptscheme/fossieltype,null
https://data.bodemenondergrond.vlaanderen.be/id/concept/fossieltype/490,http://www.w3.org/2004/02/skos/core#Concept,be.vlaanderen.bodemenondergrond.data.id.concept.fossieltype.490,Leaia tricarinata,https://data.bodemenondergrond.vlaanderen.be/id/conceptscheme/fossieltype,490,mariene fauna|Leaia tricarinata,Leaia tricarinata,https://data.bodemenondergrond.vlaanderen.be/id/conceptscheme/fossieltype,null
https://data.bodemenondergrond.vlaanderen.be/id/concept/fossieltype/494,http://www.w3.org/2004/02/skos/core#Concept,be.vlaanderen.bodemenondergrond.data.id.concept.fossieltype.494,Lepidodendron dichotomum,https://data.bodemenondergrond.vlaanderen.be/id/conceptscheme/fossieltype,494,flora|Lepidodendron dichotomum,Lepidodendron dichotomum,https://data.bodemenondergrond.vlaanderen.be/id/conceptscheme/fossieltype,null
https://data.bodemenondergrond.vlaanderen.be/id/concept/fossieltype/496,http://www.w3.org/2004/02/skos/core#Concept,be.vlaanderen.bodemenondergrond.data.id.concept.fossieltype.496,Lepidophyllum majus,https://data.bodemenondergrond.vlaanderen.be/id/conceptscheme/fossieltype,496,flora|Lepidophyllum majus,Lepidophyllum majus,https://data.bodemenondergrond.vlaanderen.be/id/conceptscheme/fossieltype,null
https://data.bodemenondergrond.vlaanderen.be/id/concept/fossieltype/497,http://www.w3.org/2004/02/skos/core#Concept,be.vlaanderen.bodemenondergrond.data.id.concept.fossieltype.497,Lepidophyllum waldenburgense,https://data.bodemenondergrond.vlaanderen.be/id/conceptscheme/fossieltype,497,flora|Lepidophyllum waldenburgense,Lepidophyllum waldenburgense,https://data.bodemenondergrond.vlaanderen.be/id/conceptscheme/fossieltype,null
https://data.bodemenondergrond.vlaanderen.be/id/concept/fossieltype/498,http://www.w3.org/2004/02/skos/core#Concept,be.vlaanderen.bodemenondergrond.data.id.concept.fossieltype.498,Lepidostrobus ornatus,https://data.bodemenondergrond.vlaanderen.be/id/conceptscheme/fossieltype,498,flora|Lepidostrobus ornatus,Lepidostrobus ornatus,https://data.bodemenondergrond.vlaanderen.be/id/conceptscheme/fossieltype,null
https://data.bodemenondergrond.vlaanderen.be/id/concept/fossieltype/499,http://www.w3.org/2004/02/skos/core#Concept,be.vlaanderen.bodemenondergrond.data.id.concept.fossieltype.499,Lepidostrobus sparrosus,https://data.bodemenondergrond.vlaanderen.be/id/conceptscheme/fossieltype,499,flora|Lepidostrobus sparrosus,Lepidostrobus sparrosus,https://data.bodemenondergrond.vlaanderen.be/id/conceptscheme/fossieltype,null
https://data.bodemenondergrond.vlaanderen.be/id/concept/fossieltype/5,http://www.w3.org/2004/02/skos/core#Concept,be.vlaanderen.bodemenondergrond.data.id.concept.fossieltype.5,Carbonicola sp.,https://data.bodemenondergrond.vlaanderen.be/id/conceptscheme/fossieltype,5,zoetwaterfauna|Carbonicola sp.,Carbonicola sp.,https://data.bodemenondergrond.vlaanderen.be/id/conceptscheme/fossieltype,null
https://data.bodemenondergrond.vlaanderen.be/id/concept/fossieltype/50,http://www.w3.org/2004/02/skos/core#Concept,be.vlaanderen.bodemenondergrond.data.id.concept.fossieltype.50,Cantheliophorus sp.,https://data.bodemenondergrond.vlaanderen.be/id/conceptscheme/fossieltype,50,onbepaald|Cantheliophorus sp.,Cantheliophorus sp.,https://data.bodemenondergrond.vlaanderen.be/id/conceptscheme/fossieltype,null
https://data.bodemenondergrond.vlaanderen.be/id/concept/fossieltype/500,http://www.w3.org/2004/02/skos/core#Concept,be.vlaanderen.bodemenondergrond.data.id.concept.fossieltype.500,Lepidostrobus spinosus,https://data.bodemenondergrond.vlaanderen.be/id/conceptscheme/fossieltype,500,flora|Lepidostrobus spinosus,Lepidostrobus spinosus,https://data.bodemenondergrond.vlaanderen.be/id/conceptscheme/fossieltype,null
https://data.bodemenondergrond.vlaanderen.be/id/concept/fossieltype/501,http://www.w3.org/2004/02/skos/core#Concept,be.vlaanderen.bodemenondergrond.data.id.concept.fossieltype.501,Limatula sp.,https://data.bodemenondergrond.vlaanderen.be/id/conceptscheme/fossieltype,501,mariene fauna|Limatula sp.,Limatula sp.,https://data.bodemenondergrond.vlaanderen.be/id/conceptscheme/fossieltype,null
https://data.bodemenondergrond.vlaanderen.be/id/concept/fossieltype/502,http://www.w3.org/2004/02/skos/core#Concept,be.vlaanderen.bodemenondergrond.data.id.concept.fossieltype.502,Lingula squamiformis,https://data.bodemenondergrond.vlaanderen.be/id/conceptscheme/fossieltype,502,mariene fauna|Lingula squamiformis,Lingula squamiformis,https://data.bodemenondergrond.vlaanderen.be/id/conceptscheme/fossieltype,null
https://data.bodemenondergrond.vlaanderen.be/id/concept/fossieltype/503,http://www.w3.org/2004/02/skos/core#Concept,be.vlaanderen.bodemenondergrond.data.id.concept.fossieltype.503,Linopteris muensteri,https://data.bodemenondergrond.vlaanderen.be/id/conceptscheme/fossieltype,503,flora|Linopteris muensteri,Linopteris muensteri,https://data.bodemenondergrond.vlaanderen.be/id/conceptscheme/fossieltype,null
https://data.bodemenondergrond.vlaanderen.be/id/concept/fossieltype/504,http://www.w3.org/2004/02/skos/core#Concept,be.vlaanderen.bodemenondergrond.data.id.concept.fossieltype.504,Linopteris neuropteroides,https://data.bodemenondergrond.vlaanderen.be/id/conceptscheme/fossieltype,504,flora|Linopteris neuropteroides,Linopteris neuropteroides,https://data.bodemenondergrond.vlaanderen.be/id/conceptscheme/fossieltype,null
https://data.bodemenondergrond.vlaanderen.be/id/concept/fossieltype/505,http://www.w3.org/2004/02/skos/core#Concept,be.vlaanderen.bodemenondergrond.data.id.concept.fossieltype.505,Linopteris neuropteroides var. Major,https://data.bodemenondergrond.vlaanderen.be/id/conceptscheme/fossieltype,505,flora|Linopteris neuropteroides var. Major,Linopteris neuropteroides var. Major,https://data.bodemenondergrond.vlaanderen.be/id/conceptscheme/fossieltype,null
https://data.bodemenondergrond.vlaanderen.be/id/concept/fossieltype/506,http://www.w3.org/2004/02/skos/core#Concept,be.vlaanderen.bodemenondergrond.data.id.concept.fossieltype.506,Liopistha sp.,https://data.bodemenondergrond.vlaanderen.be/id/conceptscheme/fossieltype,506,mariene fauna|Liopistha sp.,Liopistha sp.,https://data.bodemenondergrond.vlaanderen.be/id/conceptscheme/fossieltype,null
https://data.bodemenondergrond.vlaanderen.be/id/concept/fossieltype/507,http://www.w3.org/2004/02/skos/core#Concept,be.vlaanderen.bodemenondergrond.data.id.concept.fossieltype.507,Lispodesthes sp.,https://data.bodemenondergrond.vlaanderen.be/id/conceptscheme/fossieltype,507,mariene fauna|Lispodesthes sp.,Lispodesthes sp.,https://data.bodemenondergrond.vlaanderen.be/id/conceptscheme/fossieltype,null
https://data.bodemenondergrond.vlaanderen.be/id/concept/fossieltype/508,http://www.w3.org/2004/02/skos/core#Concept,be.vlaanderen.bodemenondergrond.data.id.concept.fossieltype.508,Lonchopteris eschweileriana,https://data.bodemenondergrond.vlaanderen.be/id/conceptscheme/fossieltype,508,flora|Lonchopteris eschweileriana,Lonchopteris eschweileriana,https://data.bodemenondergrond.vlaanderen.be/id/conceptscheme/fossieltype,null
https://data.bodemenondergrond.vlaanderen.be/id/concept/fossieltype/509,http://www.w3.org/2004/02/skos/core#Concept,be.vlaanderen.bodemenondergrond.data.id.concept.fossieltype.509,Lonchopteris rugosa,https://data.bodemenondergrond.vlaanderen.be/id/conceptscheme/fossieltype,509,flora|Lonchopteris rugosa,Lonchopteris rugosa,https://data.bodemenondergrond.vlaanderen.be/id/conceptscheme/fossieltype,null
https://data.bodemenondergrond.vlaanderen.be/id/concept/fossieltype/51,http://www.w3.org/2004/02/skos/core#Concept,be.vlaanderen.bodemenondergrond.data.id.concept.fossieltype.51,Myriophyllites sp.,https://data.bodemenondergrond.vlaanderen.be/id/conceptscheme/fossieltype,51,flora|Myriophyllites sp.,Myriophyllites sp.,https://data.bodemenondergrond.vlaanderen.be/id/conceptscheme/fossieltype,null
https://data.bodemenondergrond.vlaanderen.be/id/concept/fossieltype/510,http://www.w3.org/2004/02/skos/core#Concept,be.vlaanderen.bodemenondergrond.data.id.concept.fossieltype.510,Lunatia sp.,https://data.bodemenondergrond.vlaanderen.be/id/conceptscheme/fossieltype,510,mariene fauna|Lunatia sp.,Lunatia sp.,https://data.bodemenondergrond.vlaanderen.be/id/conceptscheme/fossieltype,null
https://data.bodemenondergrond.vlaanderen.be/id/concept/fossieltype/512,http://www.w3.org/2004/02/skos/core#Concept,be.vlaanderen.bodemenondergrond.data.id.concept.fossieltype.512,Magas sp.,https://data.bodemenondergrond.vlaanderen.be/id/conceptscheme/fossieltype,512,mariene fauna|Magas sp.,Magas sp.,https://data.bodemenondergrond.vlaanderen.be/id/conceptscheme/fossieltype,null
https://data.bodemenondergrond.vlaanderen.be/id/concept/fossieltype/513,http://www.w3.org/2004/02/skos/core#Concept,be.vlaanderen.bodemenondergrond.data.id.concept.fossieltype.513,Mariopteris dernoncourti,https://data.bodemenondergrond.vlaanderen.be/id/conceptscheme/fossieltype,513,flora|Mariopteris dernoncourti,Mariopteris dernoncourti,https://data.bodemenondergrond.vlaanderen.be/id/conceptscheme/fossieltype,null
https://data.bodemenondergrond.vlaanderen.be/id/concept/fossieltype/514,http://www.w3.org/2004/02/skos/core#Concept,be.vlaanderen.bodemenondergrond.data.id.concept.fossieltype.514,Mariopteris muricata acuta,https://data.bodemenondergrond.vlaanderen.be/id/conceptscheme/fossieltype,514,flora|Mariopteris muricata acuta,Mariopteris muricata acuta,https://data.bodemenondergrond.vlaanderen.be/id/conceptscheme/fossieltype,null
https://data.bodemenondergrond.vlaanderen.be/id/concept/fossieltype/515,http://www.w3.org/2004/02/skos/core#Concept,be.vlaanderen.bodemenondergrond.data.id.concept.fossieltype.515,Mariopteris muricata sauveuri,https://data.bodemenondergrond.vlaanderen.be/id/conceptscheme/fossieltype,515,flora|Mariopteris muricata sauveuri,Mariopteris muricata sauveuri,https://data.bodemenondergrond.vlaanderen.be/id/conceptscheme/fossieltype,null
https://data.bodemenondergrond.vlaanderen.be/id/concept/fossieltype/516,http://www.w3.org/2004/02/skos/core#Concept,be.vlaanderen.bodemenondergrond.data.id.concept.fossieltype.516,Mariopteris nervosa,https://data.bodemenondergrond.vlaanderen.be/id/conceptscheme/fossieltype,516,flora|Mariopteris nervosa,Mariopteris nervosa,https://data.bodemenondergrond.vlaanderen.be/id/conceptscheme/fossieltype,null
https://data.bodemenondergrond.vlaanderen.be/id/concept/fossieltype/517,http://www.w3.org/2004/02/skos/core#Concept,be.vlaanderen.bodemenondergrond.data.id.concept.fossieltype.517,Mariopteris sphenopteroides,https://data.bodemenondergrond.vlaanderen.be/id/conceptscheme/fossieltype,517,flora|Mariopteris sphenopteroides,Mariopteris sphenopteroides,https://data.bodemenondergrond.vlaanderen.be/id/conceptscheme/fossieltype,null
https://data.bodemenondergrond.vlaanderen.be/id/concept/fossieltype/518,http://www.w3.org/2004/02/skos/core#Concept,be.vlaanderen.bodemenondergrond.data.id.concept.fossieltype.518,Megalichthys cocolepis,https://data.bodemenondergrond.vlaanderen.be/id/conceptscheme/fossieltype,518,mariene fauna|Megalichthys cocolepis,Megalichthys cocolepis,https://data.bodemenondergrond.vlaanderen.be/id/conceptscheme/fossieltype,null
https://data.bodemenondergrond.vlaanderen.be/id/concept/fossieltype/519,http://www.w3.org/2004/02/skos/core#Concept,be.vlaanderen.bodemenondergrond.data.id.concept.fossieltype.519,Megalichthys sp.,https://data.bodemenondergrond.vlaanderen.be/id/conceptscheme/fossieltype,519,mariene fauna|Megalichthys sp.,Megalichthys sp.,https://data.bodemenondergrond.vlaanderen.be/id/conceptscheme/fossieltype,null
https://data.bodemenondergrond.vlaanderen.be/id/concept/fossieltype/52,http://www.w3.org/2004/02/skos/core#Concept,be.vlaanderen.bodemenondergrond.data.id.concept.fossieltype.52,Planolites ophthalmoides,https://data.bodemenondergrond.vlaanderen.be/id/conceptscheme/fossieltype,52,marien ichnofossiel|Planolites ophthalmoides,Planolites ophthalmoides,https://data.bodemenondergrond.vlaanderen.be/id/conceptscheme/fossieltype,null
https://data.bodemenondergrond.vlaanderen.be/id/concept/fossieltype/520,http://www.w3.org/2004/02/skos/core#Concept,be.vlaanderen.bodemenondergrond.data.id.concept.fossieltype.520,Myriophyllites columnaris,https://data.bodemenondergrond.vlaanderen.be/id/conceptscheme/fossieltype,520,flora|Myriophyllites columnaris,Myriophyllites columnaris,https://data.bodemenondergrond.vlaanderen.be/id/conceptscheme/fossieltype,null
https://data.bodemenondergrond.vlaanderen.be/id/concept/fossieltype/521,http://www.w3.org/2004/02/skos/core#Concept,be.vlaanderen.bodemenondergrond.data.id.concept.fossieltype.521,Naiadites carinata aquilina,https://data.bodemenondergrond.vlaanderen.be/id/conceptscheme/fossieltype,521,brakwaterfauna|Naiadites carinata aquilina,Naiadites carinata aquilina,https://data.bodemenondergrond.vlaanderen.be/id/conceptscheme/fossieltype,null
https://data.bodemenondergrond.vlaanderen.be/id/concept/fossieltype/522,http://www.w3.org/2004/02/skos/core#Concept,be.vlaanderen.bodemenondergrond.data.id.concept.fossieltype.522,Naiadites flexuosa,https://data.bodemenondergrond.vlaanderen.be/id/conceptscheme/fossieltype,522,brakwaterfauna|Naiadites flexuosa,Naiadites flexuosa,https://data.bodemenondergrond.vlaanderen.be/id/conceptscheme/fossieltype,null
https://data.bodemenondergrond.vlaanderen.be/id/concept/fossieltype/523,http://www.w3.org/2004/02/skos/core#Concept,be.vlaanderen.bodemenondergrond.data.id.concept.fossieltype.523,Naiadites sowerbyi,https://data.bodemenondergrond.vlaanderen.be/id/conceptscheme/fossieltype,523,brakwaterfauna|Naiadites sowerbyi,Naiadites sowerbyi,https://data.bodemenondergrond.vlaanderen.be/id/conceptscheme/fossieltype,null
https://data.bodemenondergrond.vlaanderen.be/id/concept/fossieltype/524,http://www.w3.org/2004/02/skos/core#Concept,be.vlaanderen.bodemenondergrond.data.id.concept.fossieltype.524,Neuropteris abbreviata,https://data.bodemenondergrond.vlaanderen.be/id/conceptscheme/fossieltype,524,flora|Neuropteris abbreviata,Neuropteris abbreviata,https://data.bodemenondergrond.vlaanderen.be/id/conceptscheme/fossieltype,null
https://data.bodemenondergrond.vlaanderen.be/id/concept/fossieltype/525,http://www.w3.org/2004/02/skos/core#Concept,be.vlaanderen.bodemenondergrond.data.id.concept.fossieltype.525,Neuropteris flexuosa,https://data.bodemenondergrond.vlaanderen.be/id/conceptscheme/fossieltype,525,flora|Neuropteris flexuosa,Neuropteris flexuosa,https://data.bodemenondergrond.vlaanderen.be/id/conceptscheme/fossieltype,null
https://data.bodemenondergrond.vlaanderen.be/id/concept/fossieltype/526,http://www.w3.org/2004/02/skos/core#Concept,be.vlaanderen.bodemenondergrond.data.id.concept.fossieltype.526,Neuropteris gigantea abbreviata,https://data.bodemenondergrond.vlaanderen.be/id/conceptscheme/fossieltype,526,flora|Neuropteris gigantea abbreviata,Neuropteris gigantea abbreviata,https://data.bodemenondergrond.vlaanderen.be/id/conceptscheme/fossieltype,null
https://data.bodemenondergrond.vlaanderen.be/id/concept/fossieltype/528,http://www.w3.org/2004/02/skos/core#Concept,be.vlaanderen.bodemenondergrond.data.id.concept.fossieltype.528,Neuropteris gigantea vera,https://data.bodemenondergrond.vlaanderen.be/id/conceptscheme/fossieltype,528,flora|Neuropteris gigantea vera,Neuropteris gigantea vera,https://data.bodemenondergrond.vlaanderen.be/id/conceptscheme/fossieltype,null
https://data.bodemenondergrond.vlaanderen.be/id/concept/fossieltype/53,http://www.w3.org/2004/02/skos/core#Concept,be.vlaanderen.bodemenondergrond.data.id.concept.fossieltype.53,Planolites montanus,https://data.bodemenondergrond.vlaanderen.be/id/conceptscheme/fossieltype,53,Planolites montanus|brakwaterichnofossiel,Planolites montanus,https://data.bodemenondergrond.vlaanderen.be/id/conceptscheme/fossieltype,null
https://data.bodemenondergrond.vlaanderen.be/id/concept/fossieltype/530,http://www.w3.org/2004/02/skos/core#Concept,be.vlaanderen.bodemenondergrond.data.id.concept.fossieltype.530,Neuropteris heterophylla hollandica,https://data.bodemenondergrond.vlaanderen.be/id/conceptscheme/fossieltype,530,flora|Neuropteris heterophylla hollandica,Neuropteris heterophylla hollandica,https://data.bodemenondergrond.vlaanderen.be/id/conceptscheme/fossieltype,null
https://data.bodemenondergrond.vlaanderen.be/id/concept/fossieltype/531,http://www.w3.org/2004/02/skos/core#Concept,be.vlaanderen.bodemenondergrond.data.id.concept.fossieltype.531,Neuropteris heterophylla linguaefolia,https://data.bodemenondergrond.vlaanderen.be/id/conceptscheme/fossieltype,531,flora|Neuropteris heterophylla linguaefolia,Neuropteris heterophylla linguaefolia,https://data.bodemenondergrond.vlaanderen.be/id/conceptscheme/fossieltype,null
https://data.bodemenondergrond.vlaanderen.be/id/concept/fossieltype/533,http://www.w3.org/2004/02/skos/core#Concept,be.vlaanderen.bodemenondergrond.data.id.concept.fossieltype.533,Neuropteris hollandica,https://data.bodemenondergrond.vlaanderen.be/id/conceptscheme/fossieltype,533,flora|Neuropteris hollandica,Neuropteris hollandica,https://data.bodemenondergrond.vlaanderen.be/id/conceptscheme/fossieltype,null
https://data.bodemenondergrond.vlaanderen.be/id/concept/fossieltype/534,http://www.w3.org/2004/02/skos/core#Concept,be.vlaanderen.bodemenondergrond.data.id.concept.fossieltype.534,Neuropteris hollandica heterophylla,https://data.bodemenondergrond.vlaanderen.be/id/conceptscheme/fossieltype,534,flora|Neuropteris hollandica heterophylla,Neuropteris hollandica heterophylla,https://data.bodemenondergrond.vlaanderen.be/id/conceptscheme/fossieltype,null
https://data.bodemenondergrond.vlaanderen.be/id/concept/fossieltype/535,http://www.w3.org/2004/02/skos/core#Concept,be.vlaanderen.bodemenondergrond.data.id.concept.fossieltype.535,Neuropteris hollandica tenuifolia,https://data.bodemenondergrond.vlaanderen.be/id/conceptscheme/fossieltype,535,flora|Neuropteris hollandica tenuifolia,Neuropteris hollandica tenuifolia,https://data.bodemenondergrond.vlaanderen.be/id/conceptscheme/fossieltype,null
https://data.bodemenondergrond.vlaanderen.be/id/concept/fossieltype/537,http://www.w3.org/2004/02/skos/core#Concept,be.vlaanderen.bodemenondergrond.data.id.concept.fossieltype.537,Neuropteris obliqua var. Impar,https://data.bodemenondergrond.vlaanderen.be/id/conceptscheme/fossieltype,537,flora|Neuropteris obliqua var. Impar,Neuropteris obliqua var. Impar,https://data.bodemenondergrond.vlaanderen.be/id/conceptscheme/fossieltype,null
https://data.bodemenondergrond.vlaanderen.be/id/concept/fossieltype/538,http://www.w3.org/2004/02/skos/core#Concept,be.vlaanderen.bodemenondergrond.data.id.concept.fossieltype.538,Neuropteris schlehani,https://data.bodemenondergrond.vlaanderen.be/id/conceptscheme/fossieltype,538,flora|Neuropteris schlehani,Neuropteris schlehani,https://data.bodemenondergrond.vlaanderen.be/id/conceptscheme/fossieltype,null
https://data.bodemenondergrond.vlaanderen.be/id/concept/fossieltype/54,http://www.w3.org/2004/02/skos/core#Concept,be.vlaanderen.bodemenondergrond.data.id.concept.fossieltype.54,Sinusites = Cochlichnus,https://data.bodemenondergrond.vlaanderen.be/id/conceptscheme/fossieltype,54,marien ichnofossiel|Sinusites = Cochlichnus,Sinusites = Cochlichnus,https://data.bodemenondergrond.vlaanderen.be/id/conceptscheme/fossieltype,null
https://data.bodemenondergrond.vlaanderen.be/id/concept/fossieltype/540,http://www.w3.org/2004/02/skos/core#Concept,be.vlaanderen.bodemenondergrond.data.id.concept.fossieltype.540,Neuropteris tenuifolia heterophylla,https://data.bodemenondergrond.vlaanderen.be/id/conceptscheme/fossieltype,540,flora|Neuropteris tenuifolia heterophylla,Neuropteris tenuifolia heterophylla,https://data.bodemenondergrond.vlaanderen.be/id/conceptscheme/fossieltype,null
https://data.bodemenondergrond.vlaanderen.be/id/concept/fossieltype/541,http://www.w3.org/2004/02/skos/core#Concept,be.vlaanderen.bodemenondergrond.data.id.concept.fossieltype.541,Neuropteris tenuifolia hollandica,https://data.bodemenondergrond.vlaanderen.be/id/conceptscheme/fossieltype,541,flora|Neuropteris tenuifolia hollandica,Neuropteris tenuifolia hollandica,https://data.bodemenondergrond.vlaanderen.be/id/conceptscheme/fossieltype,null
https://data.bodemenondergrond.vlaanderen.be/id/concept/fossieltype/544,http://www.w3.org/2004/02/skos/core#Concept,be.vlaanderen.bodemenondergrond.data.id.concept.fossieltype.544,Nuculochlamys attenuata,https://data.bodemenondergrond.vlaanderen.be/id/conceptscheme/fossieltype,544,mariene fauna|Nuculochlamys attenuata,Nuculochlamys attenuata,https://data.bodemenondergrond.vlaanderen.be/id/conceptscheme/fossieltype,null
https://data.bodemenondergrond.vlaanderen.be/id/concept/fossieltype/545,http://www.w3.org/2004/02/skos/core#Concept,be.vlaanderen.bodemenondergrond.data.id.concept.fossieltype.545,Nuculochlamys sp.,https://data.bodemenondergrond.vlaanderen.be/id/conceptscheme/fossieltype,545,mariene fauna|Nuculochlamys sp.,Nuculochlamys sp.,https://data.bodemenondergrond.vlaanderen.be/id/conceptscheme/fossieltype,null
https://data.bodemenondergrond.vlaanderen.be/id/concept/fossieltype/546,http://www.w3.org/2004/02/skos/core#Concept,be.vlaanderen.bodemenondergrond.data.id.concept.fossieltype.546,Nummulites sp.,https://data.bodemenondergrond.vlaanderen.be/id/conceptscheme/fossieltype,546,mariene fauna|Nummulites sp.,Nummulites sp.,https://data.bodemenondergrond.vlaanderen.be/id/conceptscheme/fossieltype,null
https://data.bodemenondergrond.vlaanderen.be/id/concept/fossieltype/547,http://www.w3.org/2004/02/skos/core#Concept,be.vlaanderen.bodemenondergrond.data.id.concept.fossieltype.547,Odontaspis sp.,https://data.bodemenondergrond.vlaanderen.be/id/conceptscheme/fossieltype,547,mariene fauna|Odontaspis sp.,Odontaspis sp.,https://data.bodemenondergrond.vlaanderen.be/id/conceptscheme/fossieltype,null
https://data.bodemenondergrond.vlaanderen.be/id/concept/fossieltype/548,http://www.w3.org/2004/02/skos/core#Concept,be.vlaanderen.bodemenondergrond.data.id.concept.fossieltype.548,Orbiculoides missouriensis,https://data.bodemenondergrond.vlaanderen.be/id/conceptscheme/fossieltype,548,mariene fauna|Orbiculoides missouriensis,Orbiculoides missouriensis,https://data.bodemenondergrond.vlaanderen.be/id/conceptscheme/fossieltype,null
https://data.bodemenondergrond.vlaanderen.be/id/concept/fossieltype/55,http://www.w3.org/2004/02/skos/core#Concept,be.vlaanderen.bodemenondergrond.data.id.concept.fossieltype.55,Guilielmites sp.,https://data.bodemenondergrond.vlaanderen.be/id/conceptscheme/fossieltype,55,Guilielmites sp.|zoetwaterichnofossiel,Guilielmites sp.,https://data.bodemenondergrond.vlaanderen.be/id/conceptscheme/fossieltype,null
https://data.bodemenondergrond.vlaanderen.be/id/concept/fossieltype/552,http://www.w3.org/2004/02/skos/core#Concept,be.vlaanderen.bodemenondergrond.data.id.concept.fossieltype.552,Palaeoxyris helicteroides,https://data.bodemenondergrond.vlaanderen.be/id/conceptscheme/fossieltype,552,mariene fauna|Palaeoxyris helicteroides,Palaeoxyris helicteroides,https://data.bodemenondergrond.vlaanderen.be/id/conceptscheme/fossieltype,null
https://data.bodemenondergrond.vlaanderen.be/id/concept/fossieltype/553,http://www.w3.org/2004/02/skos/core#Concept,be.vlaanderen.bodemenondergrond.data.id.concept.fossieltype.553,Palmatopteris furcata,https://data.bodemenondergrond.vlaanderen.be/id/conceptscheme/fossieltype,553,flora|Palmatopteris furcata,Palmatopteris furcata,https://data.bodemenondergrond.vlaanderen.be/id/conceptscheme/fossieltype,null
https://data.bodemenondergrond.vlaanderen.be/id/concept/fossieltype/554,http://www.w3.org/2004/02/skos/core#Concept,be.vlaanderen.bodemenondergrond.data.id.concept.fossieltype.554,Palmatopteris furcata var. linearis,https://data.bodemenondergrond.vlaanderen.be/id/conceptscheme/fossieltype,554,flora|Palmatopteris furcata var. linearis,Palmatopteris furcata var. linearis,https://data.bodemenondergrond.vlaanderen.be/id/conceptscheme/fossieltype,null
https://data.bodemenondergrond.vlaanderen.be/id/concept/fossieltype/555,http://www.w3.org/2004/02/skos/core#Concept,be.vlaanderen.bodemenondergrond.data.id.concept.fossieltype.555,Pecopteris miltoni,https://data.bodemenondergrond.vlaanderen.be/id/conceptscheme/fossieltype,555,flora|Pecopteris miltoni,Pecopteris miltoni,https://data.bodemenondergrond.vlaanderen.be/id/conceptscheme/fossieltype,null
https://data.bodemenondergrond.vlaanderen.be/id/concept/fossieltype/556,http://www.w3.org/2004/02/skos/core#Concept,be.vlaanderen.bodemenondergrond.data.id.concept.fossieltype.556,Pecopteris pennaeformis,https://data.bodemenondergrond.vlaanderen.be/id/conceptscheme/fossieltype,556,flora|Pecopteris pennaeformis,Pecopteris pennaeformis,https://data.bodemenondergrond.vlaanderen.be/id/conceptscheme/fossieltype,null
https://data.bodemenondergrond.vlaanderen.be/id/concept/fossieltype/557,http://www.w3.org/2004/02/skos/core#Concept,be.vlaanderen.bodemenondergrond.data.id.concept.fossieltype.557,Pecopteris volkmanni,https://data.bodemenondergrond.vlaanderen.be/id/conceptscheme/fossieltype,557,flora|Pecopteris volkmanni,Pecopteris volkmanni,https://data.bodemenondergrond.vlaanderen.be/id/conceptscheme/fossieltype,null
https://data.bodemenondergrond.vlaanderen.be/id/concept/fossieltype/558,http://www.w3.org/2004/02/skos/core#Concept,be.vlaanderen.bodemenondergrond.data.id.concept.fossieltype.558,Pinna sp.,https://data.bodemenondergrond.vlaanderen.be/id/conceptscheme/fossieltype,558,mariene fauna|Pinna sp.,Pinna sp.,https://data.bodemenondergrond.vlaanderen.be/id/conceptscheme/fossieltype,null
https://data.bodemenondergrond.vlaanderen.be/id/concept/fossieltype/559,http://www.w3.org/2004/02/skos/core#Concept,be.vlaanderen.bodemenondergrond.data.id.concept.fossieltype.559,Pinnularia columnaris,https://data.bodemenondergrond.vlaanderen.be/id/conceptscheme/fossieltype,559,flora|Pinnularia columnaris,Pinnularia columnaris,https://data.bodemenondergrond.vlaanderen.be/id/conceptscheme/fossieltype,null
https://data.bodemenondergrond.vlaanderen.be/id/concept/fossieltype/56,http://www.w3.org/2004/02/skos/core#Concept,be.vlaanderen.bodemenondergrond.data.id.concept.fossieltype.56,graafgang,https://data.bodemenondergrond.vlaanderen.be/id/conceptscheme/fossieltype,56,ichnofossiel|graafgang,graafgang,https://data.bodemenondergrond.vlaanderen.be/id/conceptscheme/fossieltype,null
https://data.bodemenondergrond.vlaanderen.be/id/concept/fossieltype/560,http://www.w3.org/2004/02/skos/core#Concept,be.vlaanderen.bodemenondergrond.data.id.concept.fossieltype.560,Planolites sp.,https://data.bodemenondergrond.vlaanderen.be/id/conceptscheme/fossieltype,560,ichnofossiel|Planolites sp.,Planolites sp.,https://data.bodemenondergrond.vlaanderen.be/id/conceptscheme/fossieltype,null
https://data.bodemenondergrond.vlaanderen.be/id/concept/fossieltype/561,http://www.w3.org/2004/02/skos/core#Concept,be.vlaanderen.bodemenondergrond.data.id.concept.fossieltype.561,Prestwichianella rotundata,https://data.bodemenondergrond.vlaanderen.be/id/conceptscheme/fossieltype,561,mariene fauna|Prestwichianella rotundata,Prestwichianella rotundata,https://data.bodemenondergrond.vlaanderen.be/id/conceptscheme/fossieltype,null
https://data.bodemenondergrond.vlaanderen.be/id/concept/fossieltype/562,http://www.w3.org/2004/02/skos/core#Concept,be.vlaanderen.bodemenondergrond.data.id.concept.fossieltype.562,Prestwichianella sp.,https://data.bodemenondergrond.vlaanderen.be/id/conceptscheme/fossieltype,562,mariene fauna|Prestwichianella sp.,Prestwichianella sp.,https://data.bodemenondergrond.vlaanderen.be/id/conceptscheme/fossieltype,null
https://data.bodemenondergrond.vlaanderen.be/id/concept/fossieltype/563,http://www.w3.org/2004/02/skos/core#Concept,be.vlaanderen.bodemenondergrond.data.id.concept.fossieltype.563,Pterinopecten papyraceus,https://data.bodemenondergrond.vlaanderen.be/id/conceptscheme/fossieltype,563,mariene fauna|Pterinopecten papyraceus,Pterinopecten papyraceus,https://data.bodemenondergrond.vlaanderen.be/id/conceptscheme/fossieltype,null
https://data.bodemenondergrond.vlaanderen.be/id/concept/fossieltype/564,http://www.w3.org/2004/02/skos/core#Concept,be.vlaanderen.bodemenondergrond.data.id.concept.fossieltype.564,Rhadinichtys renieri,https://data.bodemenondergrond.vlaanderen.be/id/conceptscheme/fossieltype,564,mariene fauna|Rhadinichtys renieri,Rhadinichtys renieri,https://data.bodemenondergrond.vlaanderen.be/id/conceptscheme/fossieltype,null
https://data.bodemenondergrond.vlaanderen.be/id/concept/fossieltype/566,http://www.w3.org/2004/02/skos/core#Concept,be.vlaanderen.bodemenondergrond.data.id.concept.fossieltype.566,Rhizodopsis sauroides,https://data.bodemenondergrond.vlaanderen.be/id/conceptscheme/fossieltype,566,mariene fauna|Rhizodopsis sauroides,Rhizodopsis sauroides,https://data.bodemenondergrond.vlaanderen.be/id/conceptscheme/fossieltype,null
https://data.bodemenondergrond.vlaanderen.be/id/concept/fossieltype/567,http://www.w3.org/2004/02/skos/core#Concept,be.vlaanderen.bodemenondergrond.data.id.concept.fossieltype.567,Samaropsis emarginata,https://data.bodemenondergrond.vlaanderen.be/id/conceptscheme/fossieltype,567,flora|Samaropsis emarginata,Samaropsis emarginata,https://data.bodemenondergrond.vlaanderen.be/id/conceptscheme/fossieltype,null
https://data.bodemenondergrond.vlaanderen.be/id/concept/fossieltype/568,http://www.w3.org/2004/02/skos/core#Concept,be.vlaanderen.bodemenondergrond.data.id.concept.fossieltype.568,Samaropsis fluitans,https://data.bodemenondergrond.vlaanderen.be/id/conceptscheme/fossieltype,568,flora|Samaropsis fluitans,Samaropsis fluitans,https://data.bodemenondergrond.vlaanderen.be/id/conceptscheme/fossieltype,null
https://data.bodemenondergrond.vlaanderen.be/id/concept/fossieltype/569,http://www.w3.org/2004/02/skos/core#Concept,be.vlaanderen.bodemenondergrond.data.id.concept.fossieltype.569,Sigillaria davreuxi,https://data.bodemenondergrond.vlaanderen.be/id/conceptscheme/fossieltype,569,flora|Sigillaria davreuxi,Sigillaria davreuxi,https://data.bodemenondergrond.vlaanderen.be/id/conceptscheme/fossieltype,null
https://data.bodemenondergrond.vlaanderen.be/id/concept/fossieltype/57,http://www.w3.org/2004/02/skos/core#Concept,be.vlaanderen.bodemenondergrond.data.id.concept.fossieltype.57,pyriettubulatie,https://data.bodemenondergrond.vlaanderen.be/id/conceptscheme/fossieltype,57,marien ichnofossiel|pyriettubulatie,pyriettubulatie,https://data.bodemenondergrond.vlaanderen.be/id/conceptscheme/fossieltype,null
https://data.bodemenondergrond.vlaanderen.be/id/concept/fossieltype/570,http://www.w3.org/2004/02/skos/core#Concept,be.vlaanderen.bodemenondergrond.data.id.concept.fossieltype.570,Sigillaria décortiqués,https://data.bodemenondergrond.vlaanderen.be/id/conceptscheme/fossieltype,570,flora|Sigillaria décortiqués,Sigillaria décortiqués,https://data.bodemenondergrond.vlaanderen.be/id/conceptscheme/fossieltype,null
https://data.bodemenondergrond.vlaanderen.be/id/concept/fossieltype/571,http://www.w3.org/2004/02/skos/core#Concept,be.vlaanderen.bodemenondergrond.data.id.concept.fossieltype.571,Sigillaria elegans,https://data.bodemenondergrond.vlaanderen.be/id/conceptscheme/fossieltype,571,flora|Sigillaria elegans,Sigillaria elegans,https://data.bodemenondergrond.vlaanderen.be/id/conceptscheme/fossieltype,null
https://data.bodemenondergrond.vlaanderen.be/id/concept/fossieltype/572,http://www.w3.org/2004/02/skos/core#Concept,be.vlaanderen.bodemenondergrond.data.id.concept.fossieltype.572,Sigillaria laevigata,https://data.bodemenondergrond.vlaanderen.be/id/conceptscheme/fossieltype,572,flora|Sigillaria laevigata,Sigillaria laevigata,https://data.bodemenondergrond.vlaanderen.be/id/conceptscheme/fossieltype,null
https://data.bodemenondergrond.vlaanderen.be/id/concept/fossieltype/573,http://www.w3.org/2004/02/skos/core#Concept,be.vlaanderen.bodemenondergrond.data.id.concept.fossieltype.573,Sigillaria mamillaris,https://data.bodemenondergrond.vlaanderen.be/id/conceptscheme/fossieltype,573,flora|Sigillaria mamillaris,Sigillaria mamillaris,https://data.bodemenondergrond.vlaanderen.be/id/conceptscheme/fossieltype,null
https://data.bodemenondergrond.vlaanderen.be/id/concept/fossieltype/574,http://www.w3.org/2004/02/skos/core#Concept,be.vlaanderen.bodemenondergrond.data.id.concept.fossieltype.574,Sigillaria reniformis,https://data.bodemenondergrond.vlaanderen.be/id/conceptscheme/fossieltype,574,flora|Sigillaria reniformis,Sigillaria reniformis,https://data.bodemenondergrond.vlaanderen.be/id/conceptscheme/fossieltype,null
https://data.bodemenondergrond.vlaanderen.be/id/concept/fossieltype/575,http://www.w3.org/2004/02/skos/core#Concept,be.vlaanderen.bodemenondergrond.data.id.concept.fossieltype.575,Sigillaria reniformis vel laevigata,https://data.bodemenondergrond.vlaanderen.be/id/conceptscheme/fossieltype,575,flora|Sigillaria reniformis vel laevigata,Sigillaria reniformis vel laevigata,https://data.bodemenondergrond.vlaanderen.be/id/conceptscheme/fossieltype,null
https://data.bodemenondergrond.vlaanderen.be/id/concept/fossieltype/576,http://www.w3.org/2004/02/skos/core#Concept,be.vlaanderen.bodemenondergrond.data.id.concept.fossieltype.576,Sphenophyllum emarginatum,https://data.bodemenondergrond.vlaanderen.be/id/conceptscheme/fossieltype,576,flora|Sphenophyllum emarginatum,Sphenophyllum emarginatum,https://data.bodemenondergrond.vlaanderen.be/id/conceptscheme/fossieltype,null
https://data.bodemenondergrond.vlaanderen.be/id/concept/fossieltype/577,http://www.w3.org/2004/02/skos/core#Concept,be.vlaanderen.bodemenondergrond.data.id.concept.fossieltype.577,Sphenophyllum majus,https://data.bodemenondergrond.vlaanderen.be/id/conceptscheme/fossieltype,577,flora|Sphenophyllum majus,Sphenophyllum majus,https://data.bodemenondergrond.vlaanderen.be/id/conceptscheme/fossieltype,null
https://data.bodemenondergrond.vlaanderen.be/id/concept/fossieltype/578,http://www.w3.org/2004/02/skos/core#Concept,be.vlaanderen.bodemenondergrond.data.id.concept.fossieltype.578,Sphenopteris baumleri,https://data.bodemenondergrond.vlaanderen.be/id/conceptscheme/fossieltype,578,flora|Sphenopteris baumleri,Sphenopteris baumleri,https://data.bodemenondergrond.vlaanderen.be/id/conceptscheme/fossieltype,null
https://data.bodemenondergrond.vlaanderen.be/id/concept/fossieltype/579,http://www.w3.org/2004/02/skos/core#Concept,be.vlaanderen.bodemenondergrond.data.id.concept.fossieltype.579,Sphenopteris convexiloba,https://data.bodemenondergrond.vlaanderen.be/id/conceptscheme/fossieltype,579,flora|Sphenopteris convexiloba,Sphenopteris convexiloba,https://data.bodemenondergrond.vlaanderen.be/id/conceptscheme/fossieltype,null
https://data.bodemenondergrond.vlaanderen.be/id/concept/fossieltype/58,http://www.w3.org/2004/02/skos/core#Concept,be.vlaanderen.bodemenondergrond.data.id.concept.fossieltype.58,Orbiculoides sp.,https://data.bodemenondergrond.vlaanderen.be/id/conceptscheme/fossieltype,58,mariene fauna|Orbiculoides sp.,Orbiculoides sp.,https://data.bodemenondergrond.vlaanderen.be/id/conceptscheme/fossieltype,null
https://data.bodemenondergrond.vlaanderen.be/id/concept/fossieltype/580,http://www.w3.org/2004/02/skos/core#Concept,be.vlaanderen.bodemenondergrond.data.id.concept.fossieltype.580,Sphenopteris crossotheca,https://data.bodemenondergrond.vlaanderen.be/id/conceptscheme/fossieltype,580,flora|Sphenopteris crossotheca,Sphenopteris crossotheca,https://data.bodemenondergrond.vlaanderen.be/id/conceptscheme/fossieltype,null
https://data.bodemenondergrond.vlaanderen.be/id/concept/fossieltype/581,http://www.w3.org/2004/02/skos/core#Concept,be.vlaanderen.bodemenondergrond.data.id.concept.fossieltype.581,Sphenopteris laurenti,https://data.bodemenondergrond.vlaanderen.be/id/conceptscheme/fossieltype,581,flora|Sphenopteris laurenti,Sphenopteris laurenti,https://data.bodemenondergrond.vlaanderen.be/id/conceptscheme/fossieltype,null
https://data.bodemenondergrond.vlaanderen.be/id/concept/fossieltype/582,http://www.w3.org/2004/02/skos/core#Concept,be.vlaanderen.bodemenondergrond.data.id.concept.fossieltype.582,Sphenopteris neuroteroides var. Leonardi,https://data.bodemenondergrond.vlaanderen.be/id/conceptscheme/fossieltype,582,flora|Sphenopteris neuroteroides var. Leonardi,Sphenopteris neuroteroides var. Leonardi,https://data.bodemenondergrond.vlaanderen.be/id/conceptscheme/fossieltype,null
https://data.bodemenondergrond.vlaanderen.be/id/concept/fossieltype/583,http://www.w3.org/2004/02/skos/core#Concept,be.vlaanderen.bodemenondergrond.data.id.concept.fossieltype.583,Sphenopteris spinosa,https://data.bodemenondergrond.vlaanderen.be/id/conceptscheme/fossieltype,583,flora|Sphenopteris spinosa,Sphenopteris spinosa,https://data.bodemenondergrond.vlaanderen.be/id/conceptscheme/fossieltype,null
https://data.bodemenondergrond.vlaanderen.be/id/concept/fossieltype/584,http://www.w3.org/2004/02/skos/core#Concept,be.vlaanderen.bodemenondergrond.data.id.concept.fossieltype.584,Sphenopteris trigonophylla,https://data.bodemenondergrond.vlaanderen.be/id/conceptscheme/fossieltype,584,flora|Sphenopteris trigonophylla,Sphenopteris trigonophylla,https://data.bodemenondergrond.vlaanderen.be/id/conceptscheme/fossieltype,null
https://data.bodemenondergrond.vlaanderen.be/id/concept/fossieltype/585,http://www.w3.org/2004/02/skos/core#Concept,be.vlaanderen.bodemenondergrond.data.id.concept.fossieltype.585,Spirifer sp.,https://data.bodemenondergrond.vlaanderen.be/id/conceptscheme/fossieltype,585,mariene fauna|Spirifer sp.,Spirifer sp.,https://data.bodemenondergrond.vlaanderen.be/id/conceptscheme/fossieltype,null
https://data.bodemenondergrond.vlaanderen.be/id/concept/fossieltype/587,http://www.w3.org/2004/02/skos/core#Concept,be.vlaanderen.bodemenondergrond.data.id.concept.fossieltype.587,Drydenius sp.,https://data.bodemenondergrond.vlaanderen.be/id/conceptscheme/fossieltype,587,mariene fauna|Drydenius sp.,Drydenius sp.,https://data.bodemenondergrond.vlaanderen.be/id/conceptscheme/fossieltype,null
https://data.bodemenondergrond.vlaanderen.be/id/concept/fossieltype/588,http://www.w3.org/2004/02/skos/core#Concept,be.vlaanderen.bodemenondergrond.data.id.concept.fossieltype.588,Stigmaria eveni,https://data.bodemenondergrond.vlaanderen.be/id/conceptscheme/fossieltype,588,flora|Stigmaria eveni,Stigmaria eveni,https://data.bodemenondergrond.vlaanderen.be/id/conceptscheme/fossieltype,null
https://data.bodemenondergrond.vlaanderen.be/id/concept/fossieltype/589,http://www.w3.org/2004/02/skos/core#Concept,be.vlaanderen.bodemenondergrond.data.id.concept.fossieltype.589,Stigmaria reticulata,https://data.bodemenondergrond.vlaanderen.be/id/conceptscheme/fossieltype,589,flora|Stigmaria reticulata,Stigmaria reticulata,https://data.bodemenondergrond.vlaanderen.be/id/conceptscheme/fossieltype,null
https://data.bodemenondergrond.vlaanderen.be/id/concept/fossieltype/59,http://www.w3.org/2004/02/skos/core#Concept,be.vlaanderen.bodemenondergrond.data.id.concept.fossieltype.59,arthropoden (geleedpotigen),https://data.bodemenondergrond.vlaanderen.be/id/conceptscheme/fossieltype,59,zoetwaterfauna|arthropoden (geleedpotigen),arthropoden,https://data.bodemenondergrond.vlaanderen.be/id/conceptscheme/fossieltype,null
https://data.bodemenondergrond.vlaanderen.be/id/concept/fossieltype/590,http://www.w3.org/2004/02/skos/core#Concept,be.vlaanderen.bodemenondergrond.data.id.concept.fossieltype.590,Strepsodus sauroides,https://data.bodemenondergrond.vlaanderen.be/id/conceptscheme/fossieltype,590,mariene fauna|Strepsodus sauroides,Strepsodus sauroides,https://data.bodemenondergrond.vlaanderen.be/id/conceptscheme/fossieltype,null
https://data.bodemenondergrond.vlaanderen.be/id/concept/fossieltype/591,http://www.w3.org/2004/02/skos/core#Concept,be.vlaanderen.bodemenondergrond.data.id.concept.fossieltype.591,Strepsodus sp.,https://data.bodemenondergrond.vlaanderen.be/id/conceptscheme/fossieltype,591,mariene fauna|Strepsodus sp.,Strepsodus sp.,https://data.bodemenondergrond.vlaanderen.be/id/conceptscheme/fossieltype,null
https://data.bodemenondergrond.vlaanderen.be/id/concept/fossieltype/592,http://www.w3.org/2004/02/skos/core#Concept,be.vlaanderen.bodemenondergrond.data.id.concept.fossieltype.592,Streptorhynchus sp.,https://data.bodemenondergrond.vlaanderen.be/id/conceptscheme/fossieltype,592,mariene fauna|Streptorhynchus sp.,Streptorhynchus sp.,https://data.bodemenondergrond.vlaanderen.be/id/conceptscheme/fossieltype,null
https://data.bodemenondergrond.vlaanderen.be/id/concept/fossieltype/593,http://www.w3.org/2004/02/skos/core#Concept,be.vlaanderen.bodemenondergrond.data.id.concept.fossieltype.593,Thecidea sp.,https://data.bodemenondergrond.vlaanderen.be/id/conceptscheme/fossieltype,593,mariene fauna|Thecidea sp.,Thecidea sp.,https://data.bodemenondergrond.vlaanderen.be/id/conceptscheme/fossieltype,null
https://data.bodemenondergrond.vlaanderen.be/id/concept/fossieltype/594,http://www.w3.org/2004/02/skos/core#Concept,be.vlaanderen.bodemenondergrond.data.id.concept.fossieltype.594,Trigonocarpus sporites,https://data.bodemenondergrond.vlaanderen.be/id/conceptscheme/fossieltype,594,flora|Trigonocarpus sporites,Trigonocarpus sporites,https://data.bodemenondergrond.vlaanderen.be/id/conceptscheme/fossieltype,null
https://data.bodemenondergrond.vlaanderen.be/id/concept/fossieltype/595,http://www.w3.org/2004/02/skos/core#Concept,be.vlaanderen.bodemenondergrond.data.id.concept.fossieltype.595,Trigonosemus sp.,https://data.bodemenondergrond.vlaanderen.be/id/conceptscheme/fossieltype,595,mariene fauna|Trigonosemus sp.,Trigonosemus sp.,https://data.bodemenondergrond.vlaanderen.be/id/conceptscheme/fossieltype,null
https://data.bodemenondergrond.vlaanderen.be/id/concept/fossieltype/596,http://www.w3.org/2004/02/skos/core#Concept,be.vlaanderen.bodemenondergrond.data.id.concept.fossieltype.596,Trochus sp.,https://data.bodemenondergrond.vlaanderen.be/id/conceptscheme/fossieltype,596,mariene fauna|Trochus sp.,Trochus sp.,https://data.bodemenondergrond.vlaanderen.be/id/conceptscheme/fossieltype,null
https://data.bodemenondergrond.vlaanderen.be/id/concept/fossieltype/597,http://www.w3.org/2004/02/skos/core#Concept,be.vlaanderen.bodemenondergrond.data.id.concept.fossieltype.597,Tubbreva sp.,https://data.bodemenondergrond.vlaanderen.be/id/conceptscheme/fossieltype,597,mariene fauna|Tubbreva sp.,Tubbreva sp.,https://data.bodemenondergrond.vlaanderen.be/id/conceptscheme/fossieltype,null
https://data.bodemenondergrond.vlaanderen.be/id/concept/fossieltype/598,http://www.w3.org/2004/02/skos/core#Concept,be.vlaanderen.bodemenondergrond.data.id.concept.fossieltype.598,Ulodendron minus,https://data.bodemenondergrond.vlaanderen.be/id/conceptscheme/fossieltype,598,flora|Ulodendron minus,Ulodendron minus,https://data.bodemenondergrond.vlaanderen.be/id/conceptscheme/fossieltype,null
https://data.bodemenondergrond.vlaanderen.be/id/concept/fossieltype/599,http://www.w3.org/2004/02/skos/core#Concept,be.vlaanderen.bodemenondergrond.data.id.concept.fossieltype.599,Ulodendron ophiurus,https://data.bodemenondergrond.vlaanderen.be/id/conceptscheme/fossieltype,599,flora|Ulodendron ophiurus,Ulodendron ophiurus,https://data.bodemenondergrond.vlaanderen.be/id/conceptscheme/fossieltype,null
https://data.bodemenondergrond.vlaanderen.be/id/concept/fossieltype/6,http://www.w3.org/2004/02/skos/core#Concept,be.vlaanderen.bodemenondergrond.data.id.concept.fossieltype.6,Anthracosia sp.,https://data.bodemenondergrond.vlaanderen.be/id/conceptscheme/fossieltype,6,zoetwaterfauna|Anthracosia sp.,Anthracosia sp.,https://data.bodemenondergrond.vlaanderen.be/id/conceptscheme/fossieltype,null
https://data.bodemenondergrond.vlaanderen.be/id/concept/fossieltype/60,http://www.w3.org/2004/02/skos/core#Concept,be.vlaanderen.bodemenondergrond.data.id.concept.fossieltype.60,schelpen / schelpenresten,https://data.bodemenondergrond.vlaanderen.be/id/conceptscheme/fossieltype,60,fauna|schelpen / schelpenresten,schelpen / schelpenresten,https://data.bodemenondergrond.vlaanderen.be/id/conceptscheme/fossieltype,null
https://data.bodemenondergrond.vlaanderen.be/id/concept/fossieltype/600,http://www.w3.org/2004/02/skos/core#Concept,be.vlaanderen.bodemenondergrond.data.id.concept.fossieltype.600,Ulodendron wortheni,https://data.bodemenondergrond.vlaanderen.be/id/conceptscheme/fossieltype,600,flora|Ulodendron wortheni,Ulodendron wortheni,https://data.bodemenondergrond.vlaanderen.be/id/conceptscheme/fossieltype,null
https://data.bodemenondergrond.vlaanderen.be/id/concept/fossieltype/601,http://www.w3.org/2004/02/skos/core#Concept,be.vlaanderen.bodemenondergrond.data.id.concept.fossieltype.601,Ulostrobus squarrosus,https://data.bodemenondergrond.vlaanderen.be/id/conceptscheme/fossieltype,601,flora|Ulostrobus squarrosus,Ulostrobus squarrosus,https://data.bodemenondergrond.vlaanderen.be/id/conceptscheme/fossieltype,null
https://data.bodemenondergrond.vlaanderen.be/id/concept/fossieltype/602,http://www.w3.org/2004/02/skos/core#Concept,be.vlaanderen.bodemenondergrond.data.id.concept.fossieltype.602,Zaphrentis postuma,https://data.bodemenondergrond.vlaanderen.be/id/conceptscheme/fossieltype,602,flora|Zaphrentis postuma,Zaphrentis postuma,https://data.bodemenondergrond.vlaanderen.be/id/conceptscheme/fossieltype,null
https://data.bodemenondergrond.vlaanderen.be/id/concept/fossieltype/603,http://www.w3.org/2004/02/skos/core#Concept,be.vlaanderen.bodemenondergrond.data.id.concept.fossieltype.603,Zaphrentis sp.,https://data.bodemenondergrond.vlaanderen.be/id/conceptscheme/fossieltype,603,flora|Zaphrentis sp.,Zaphrentis sp.,https://data.bodemenondergrond.vlaanderen.be/id/conceptscheme/fossieltype,null
https://data.bodemenondergrond.vlaanderen.be/id/concept/fossieltype/604,http://www.w3.org/2004/02/skos/core#Concept,be.vlaanderen.bodemenondergrond.data.id.concept.fossieltype.604,Mariopteris muricata nervosa,https://data.bodemenondergrond.vlaanderen.be/id/conceptscheme/fossieltype,604,flora|Mariopteris muricata nervosa,Mariopteris muricata nervosa,https://data.bodemenondergrond.vlaanderen.be/id/conceptscheme/fossieltype,null
https://data.bodemenondergrond.vlaanderen.be/id/concept/fossieltype/605,http://www.w3.org/2004/02/skos/core#Concept,be.vlaanderen.bodemenondergrond.data.id.concept.fossieltype.605,Carbonicola aquilina var. Phrygiana,https://data.bodemenondergrond.vlaanderen.be/id/conceptscheme/fossieltype,605,brakwaterfauna|Carbonicola aquilina var. Phrygiana,Carbonicola aquilina var. Phrygiana,https://data.bodemenondergrond.vlaanderen.be/id/conceptscheme/fossieltype,null
https://data.bodemenondergrond.vlaanderen.be/id/concept/fossieltype/606,http://www.w3.org/2004/02/skos/core#Concept,be.vlaanderen.bodemenondergrond.data.id.concept.fossieltype.606,Alethopteris lonchitica decurrens,https://data.bodemenondergrond.vlaanderen.be/id/conceptscheme/fossieltype,606,flora|Alethopteris lonchitica decurrens,Alethopteris lonchitica decurrens,https://data.bodemenondergrond.vlaanderen.be/id/conceptscheme/fossieltype,null
https://data.bodemenondergrond.vlaanderen.be/id/concept/fossieltype/607,http://www.w3.org/2004/02/skos/core#Concept,be.vlaanderen.bodemenondergrond.data.id.concept.fossieltype.607,Lepidodendron jaraczewski,https://data.bodemenondergrond.vlaanderen.be/id/conceptscheme/fossieltype,607,flora|Lepidodendron jaraczewski,Lepidodendron jaraczewski,https://data.bodemenondergrond.vlaanderen.be/id/conceptscheme/fossieltype,null
https://data.bodemenondergrond.vlaanderen.be/id/concept/fossieltype/608,http://www.w3.org/2004/02/skos/core#Concept,be.vlaanderen.bodemenondergrond.data.id.concept.fossieltype.608,Alethopteris serli lonchitifolia,https://data.bodemenondergrond.vlaanderen.be/id/conceptscheme/fossieltype,608,flora|Alethopteris serli lonchitifolia,Alethopteris serli lonchitifolia,https://data.bodemenondergrond.vlaanderen.be/id/conceptscheme/fossieltype,null
https://data.bodemenondergrond.vlaanderen.be/id/concept/fossieltype/609,http://www.w3.org/2004/02/skos/core#Concept,be.vlaanderen.bodemenondergrond.data.id.concept.fossieltype.609,Sigillaria cordiformis,https://data.bodemenondergrond.vlaanderen.be/id/conceptscheme/fossieltype,609,flora|Sigillaria cordiformis,Sigillaria cordiformis,https://data.bodemenondergrond.vlaanderen.be/id/conceptscheme/fossieltype,null
https://data.bodemenondergrond.vlaanderen.be/id/concept/fossieltype/61,http://www.w3.org/2004/02/skos/core#Concept,be.vlaanderen.bodemenondergrond.data.id.concept.fossieltype.61,Entomostraca (subklasse van crustacea / kreeftachtigen),https://data.bodemenondergrond.vlaanderen.be/id/conceptscheme/fossieltype,61,mariene fauna|Entomostraca (subklasse van crustacea / kreeftachtigen),Entomostraca,https://data.bodemenondergrond.vlaanderen.be/id/conceptscheme/fossieltype,null
https://data.bodemenondergrond.vlaanderen.be/id/concept/fossieltype/610,http://www.w3.org/2004/02/skos/core#Concept,be.vlaanderen.bodemenondergrond.data.id.concept.fossieltype.610,Drydenius molyneuxi,https://data.bodemenondergrond.vlaanderen.be/id/conceptscheme/fossieltype,610,mariene fauna|Drydenius molyneuxi,Drydenius molyneuxi,https://data.bodemenondergrond.vlaanderen.be/id/conceptscheme/fossieltype,null
https://data.bodemenondergrond.vlaanderen.be/id/concept/fossieltype/611,http://www.w3.org/2004/02/skos/core#Concept,be.vlaanderen.bodemenondergrond.data.id.concept.fossieltype.611,Productus rimberti,https://data.bodemenondergrond.vlaanderen.be/id/conceptscheme/fossieltype,611,mariene fauna|Productus rimberti,Productus rimberti,https://data.bodemenondergrond.vlaanderen.be/id/conceptscheme/fossieltype,null
https://data.bodemenondergrond.vlaanderen.be/id/concept/fossieltype/612,http://www.w3.org/2004/02/skos/core#Concept,be.vlaanderen.bodemenondergrond.data.id.concept.fossieltype.612,Productus pustula,https://data.bodemenondergrond.vlaanderen.be/id/conceptscheme/fossieltype,612,mariene fauna|Productus pustula,Productus pustula,https://data.bodemenondergrond.vlaanderen.be/id/conceptscheme/fossieltype,null
https://data.bodemenondergrond.vlaanderen.be/id/concept/fossieltype/613,http://www.w3.org/2004/02/skos/core#Concept,be.vlaanderen.bodemenondergrond.data.id.concept.fossieltype.613,Carbonicola aquilina acuta,https://data.bodemenondergrond.vlaanderen.be/id/conceptscheme/fossieltype,613,brakwaterfauna|Carbonicola aquilina acuta,Carbonicola aquilina acuta,https://data.bodemenondergrond.vlaanderen.be/id/conceptscheme/fossieltype,null
https://data.bodemenondergrond.vlaanderen.be/id/concept/fossieltype/614,http://www.w3.org/2004/02/skos/core#Concept,be.vlaanderen.bodemenondergrond.data.id.concept.fossieltype.614,Wittleyseya sp.,https://data.bodemenondergrond.vlaanderen.be/id/conceptscheme/fossieltype,614,onbepaald|Wittleyseya sp.,Wittleyseya sp.,https://data.bodemenondergrond.vlaanderen.be/id/conceptscheme/fossieltype,null
https://data.bodemenondergrond.vlaanderen.be/id/concept/fossieltype/615,http://www.w3.org/2004/02/skos/core#Concept,be.vlaanderen.bodemenondergrond.data.id.concept.fossieltype.615,Leaia tricarinata minima,https://data.bodemenondergrond.vlaanderen.be/id/conceptscheme/fossieltype,615,mariene fauna|Leaia tricarinata minima,Leaia tricarinata minima,https://data.bodemenondergrond.vlaanderen.be/id/conceptscheme/fossieltype,null
https://data.bodemenondergrond.vlaanderen.be/id/concept/fossieltype/616,http://www.w3.org/2004/02/skos/core#Concept,be.vlaanderen.bodemenondergrond.data.id.concept.fossieltype.616,Neuropteris attenuata,https://data.bodemenondergrond.vlaanderen.be/id/conceptscheme/fossieltype,616,flora|Neuropteris attenuata,Neuropteris attenuata,https://data.bodemenondergrond.vlaanderen.be/id/conceptscheme/fossieltype,null
https://data.bodemenondergrond.vlaanderen.be/id/concept/fossieltype/617,http://www.w3.org/2004/02/skos/core#Concept,be.vlaanderen.bodemenondergrond.data.id.concept.fossieltype.617,Platysomus parvulus,https://data.bodemenondergrond.vlaanderen.be/id/conceptscheme/fossieltype,617,mariene fauna|Platysomus parvulus,Platysomus parvulus,https://data.bodemenondergrond.vlaanderen.be/id/conceptscheme/fossieltype,null
https://data.bodemenondergrond.vlaanderen.be/id/concept/fossieltype/618,http://www.w3.org/2004/02/skos/core#Concept,be.vlaanderen.bodemenondergrond.data.id.concept.fossieltype.618,Platysomus sp.,https://data.bodemenondergrond.vlaanderen.be/id/conceptscheme/fossieltype,618,mariene fauna|Platysomus sp.,Platysomus sp.,https://data.bodemenondergrond.vlaanderen.be/id/conceptscheme/fossieltype,null
https://data.bodemenondergrond.vlaanderen.be/id/concept/fossieltype/619,http://www.w3.org/2004/02/skos/core#Concept,be.vlaanderen.bodemenondergrond.data.id.concept.fossieltype.619,Sphenopteris spiniformis,https://data.bodemenondergrond.vlaanderen.be/id/conceptscheme/fossieltype,619,flora|Sphenopteris spiniformis,Sphenopteris spiniformis,https://data.bodemenondergrond.vlaanderen.be/id/conceptscheme/fossieltype,null
https://data.bodemenondergrond.vlaanderen.be/id/concept/fossieltype/62,http://www.w3.org/2004/02/skos/core#Concept,be.vlaanderen.bodemenondergrond.data.id.concept.fossieltype.62,brachiopoden (armpotigen),https://data.bodemenondergrond.vlaanderen.be/id/conceptscheme/fossieltype,62,mariene fauna|brachiopoden (armpotigen),brachiopoden,https://data.bodemenondergrond.vlaanderen.be/id/conceptscheme/fossieltype,null
https://data.bodemenondergrond.vlaanderen.be/id/concept/fossieltype/620,http://www.w3.org/2004/02/skos/core#Concept,be.vlaanderen.bodemenondergrond.data.id.concept.fossieltype.620,Tubbreva amoropsis,https://data.bodemenondergrond.vlaanderen.be/id/conceptscheme/fossieltype,620,mariene fauna|Tubbreva amoropsis,Tubbreva amoropsis,https://data.bodemenondergrond.vlaanderen.be/id/conceptscheme/fossieltype,null
https://data.bodemenondergrond.vlaanderen.be/id/concept/fossieltype/621,http://www.w3.org/2004/02/skos/core#Concept,be.vlaanderen.bodemenondergrond.data.id.concept.fossieltype.621,Mariopteris furcata,https://data.bodemenondergrond.vlaanderen.be/id/conceptscheme/fossieltype,621,flora|Mariopteris furcata,Mariopteris furcata,https://data.bodemenondergrond.vlaanderen.be/id/conceptscheme/fossieltype,null
https://data.bodemenondergrond.vlaanderen.be/id/concept/fossieltype/622,http://www.w3.org/2004/02/skos/core#Concept,be.vlaanderen.bodemenondergrond.data.id.concept.fossieltype.622,Dorycordaites palmaeformis,https://data.bodemenondergrond.vlaanderen.be/id/conceptscheme/fossieltype,622,flora|Dorycordaites palmaeformis,Dorycordaites palmaeformis,https://data.bodemenondergrond.vlaanderen.be/id/conceptscheme/fossieltype,null
https://data.bodemenondergrond.vlaanderen.be/id/concept/fossieltype/623,http://www.w3.org/2004/02/skos/core#Concept,be.vlaanderen.bodemenondergrond.data.id.concept.fossieltype.623,Anthraconauta lenisulcata,https://data.bodemenondergrond.vlaanderen.be/id/conceptscheme/fossieltype,623,brakwaterfauna|Anthraconauta lenisulcata,Anthraconauta lenisulcata,https://data.bodemenondergrond.vlaanderen.be/id/conceptscheme/fossieltype,null
https://data.bodemenondergrond.vlaanderen.be/id/concept/fossieltype/624,http://www.w3.org/2004/02/skos/core#Concept,be.vlaanderen.bodemenondergrond.data.id.concept.fossieltype.624,Glycemeris sp.,https://data.bodemenondergrond.vlaanderen.be/id/conceptscheme/fossieltype,624,mariene fauna|Glycemeris sp.,Glycemeris sp.,https://data.bodemenondergrond.vlaanderen.be/id/conceptscheme/fossieltype,null
https://data.bodemenondergrond.vlaanderen.be/id/concept/fossieltype/625,http://www.w3.org/2004/02/skos/core#Concept,be.vlaanderen.bodemenondergrond.data.id.concept.fossieltype.625,haaientanden,https://data.bodemenondergrond.vlaanderen.be/id/conceptscheme/fossieltype,625,mariene fauna|haaientanden,haaientanden,https://data.bodemenondergrond.vlaanderen.be/id/conceptscheme/fossieltype,null
https://data.bodemenondergrond.vlaanderen.be/id/concept/fossieltype/626,http://www.w3.org/2004/02/skos/core#Concept,be.vlaanderen.bodemenondergrond.data.id.concept.fossieltype.626,Fusus sp.,https://data.bodemenondergrond.vlaanderen.be/id/conceptscheme/fossieltype,626,mariene fauna|Fusus sp.,Fusus sp.,https://data.bodemenondergrond.vlaanderen.be/id/conceptscheme/fossieltype,null
https://data.bodemenondergrond.vlaanderen.be/id/concept/fossieltype/627,http://www.w3.org/2004/02/skos/core#Concept,be.vlaanderen.bodemenondergrond.data.id.concept.fossieltype.627,Nummulites laevigatus,https://data.bodemenondergrond.vlaanderen.be/id/conceptscheme/fossieltype,627,mariene fauna|Nummulites laevigatus,Nummulites laevigatus,https://data.bodemenondergrond.vlaanderen.be/id/conceptscheme/fossieltype,null
https://data.bodemenondergrond.vlaanderen.be/id/concept/fossieltype/628,http://www.w3.org/2004/02/skos/core#Concept,be.vlaanderen.bodemenondergrond.data.id.concept.fossieltype.628,Neithea quinquecostata,https://data.bodemenondergrond.vlaanderen.be/id/conceptscheme/fossieltype,628,mariene fauna|Neithea quinquecostata,Neithea quinquecostata,https://data.bodemenondergrond.vlaanderen.be/id/conceptscheme/fossieltype,null
https://data.bodemenondergrond.vlaanderen.be/id/concept/fossieltype/629,http://www.w3.org/2004/02/skos/core#Concept,be.vlaanderen.bodemenondergrond.data.id.concept.fossieltype.629,Panopoea gurgitis,https://data.bodemenondergrond.vlaanderen.be/id/conceptscheme/fossieltype,629,mariene fauna|Panopoea gurgitis,Panopoea gurgitis,https://data.bodemenondergrond.vlaanderen.be/id/conceptscheme/fossieltype,null
https://data.bodemenondergrond.vlaanderen.be/id/concept/fossieltype/63,http://www.w3.org/2004/02/skos/core#Concept,be.vlaanderen.bodemenondergrond.data.id.concept.fossieltype.63,Neuropteris tenuifolia,https://data.bodemenondergrond.vlaanderen.be/id/conceptscheme/fossieltype,63,flora|Neuropteris tenuifolia,Neuropteris tenuifolia,https://data.bodemenondergrond.vlaanderen.be/id/conceptscheme/fossieltype,null
https://data.bodemenondergrond.vlaanderen.be/id/concept/fossieltype/630,http://www.w3.org/2004/02/skos/core#Concept,be.vlaanderen.bodemenondergrond.data.id.concept.fossieltype.630,Neithea quadricostata,https://data.bodemenondergrond.vlaanderen.be/id/conceptscheme/fossieltype,630,mariene fauna|Neithea quadricostata,Neithea quadricostata,https://data.bodemenondergrond.vlaanderen.be/id/conceptscheme/fossieltype,null
https://data.bodemenondergrond.vlaanderen.be/id/concept/fossieltype/631,http://www.w3.org/2004/02/skos/core#Concept,be.vlaanderen.bodemenondergrond.data.id.concept.fossieltype.631,Oxyrhina angustidens,https://data.bodemenondergrond.vlaanderen.be/id/conceptscheme/fossieltype,631,mariene fauna|Oxyrhina angustidens,Oxyrhina angustidens,https://data.bodemenondergrond.vlaanderen.be/id/conceptscheme/fossieltype,null
https://data.bodemenondergrond.vlaanderen.be/id/concept/fossieltype/632,http://www.w3.org/2004/02/skos/core#Concept,be.vlaanderen.bodemenondergrond.data.id.concept.fossieltype.632,Pleurotomaria sp.,https://data.bodemenondergrond.vlaanderen.be/id/conceptscheme/fossieltype,632,mariene fauna|Pleurotomaria sp.,Pleurotomaria sp.,https://data.bodemenondergrond.vlaanderen.be/id/conceptscheme/fossieltype,null
https://data.bodemenondergrond.vlaanderen.be/id/concept/fossieltype/633,http://www.w3.org/2004/02/skos/core#Concept,be.vlaanderen.bodemenondergrond.data.id.concept.fossieltype.633,Oxyrhina sp.,https://data.bodemenondergrond.vlaanderen.be/id/conceptscheme/fossieltype,633,mariene fauna|Oxyrhina sp.,Oxyrhina sp.,https://data.bodemenondergrond.vlaanderen.be/id/conceptscheme/fossieltype,null
https://data.bodemenondergrond.vlaanderen.be/id/concept/fossieltype/634,http://www.w3.org/2004/02/skos/core#Concept,be.vlaanderen.bodemenondergrond.data.id.concept.fossieltype.634,Spirophyton caudagalli,https://data.bodemenondergrond.vlaanderen.be/id/conceptscheme/fossieltype,634,mariene fauna|Spirophyton caudagalli,Spirophyton caudagalli,https://data.bodemenondergrond.vlaanderen.be/id/conceptscheme/fossieltype,null
https://data.bodemenondergrond.vlaanderen.be/id/concept/fossieltype/635,http://www.w3.org/2004/02/skos/core#Concept,be.vlaanderen.bodemenondergrond.data.id.concept.fossieltype.635,Ventriculites sp.,https://data.bodemenondergrond.vlaanderen.be/id/conceptscheme/fossieltype,635,mariene fauna|Ventriculites sp.,Ventriculites sp.,https://data.bodemenondergrond.vlaanderen.be/id/conceptscheme/fossieltype,null
https://data.bodemenondergrond.vlaanderen.be/id/concept/fossieltype/636,http://www.w3.org/2004/02/skos/core#Concept,be.vlaanderen.bodemenondergrond.data.id.concept.fossieltype.636,Ventriculites striatus,https://data.bodemenondergrond.vlaanderen.be/id/conceptscheme/fossieltype,636,mariene fauna|Ventriculites striatus,Ventriculites striatus,https://data.bodemenondergrond.vlaanderen.be/id/conceptscheme/fossieltype,null
https://data.bodemenondergrond.vlaanderen.be/id/concept/fossieltype/637,http://www.w3.org/2004/02/skos/core#Concept,be.vlaanderen.bodemenondergrond.data.id.concept.fossieltype.637,Guettardia sp.,https://data.bodemenondergrond.vlaanderen.be/id/conceptscheme/fossieltype,637,mariene fauna|Guettardia sp.,Guettardia sp.,https://data.bodemenondergrond.vlaanderen.be/id/conceptscheme/fossieltype,null
https://data.bodemenondergrond.vlaanderen.be/id/concept/fossieltype/638,http://www.w3.org/2004/02/skos/core#Concept,be.vlaanderen.bodemenondergrond.data.id.concept.fossieltype.638,ammonieten (onderklasse van Cephalopoda / inktvissen),https://data.bodemenondergrond.vlaanderen.be/id/conceptscheme/fossieltype,638,mariene fauna|ammonieten (onderklasse van Cephalopoda / inktvissen),ammonieten,https://data.bodemenondergrond.vlaanderen.be/id/conceptscheme/fossieltype,null
https://data.bodemenondergrond.vlaanderen.be/id/concept/fossieltype/639,http://www.w3.org/2004/02/skos/core#Concept,be.vlaanderen.bodemenondergrond.data.id.concept.fossieltype.639,Verruculina sp.,https://data.bodemenondergrond.vlaanderen.be/id/conceptscheme/fossieltype,639,mariene fauna|Verruculina sp.,Verruculina sp.,https://data.bodemenondergrond.vlaanderen.be/id/conceptscheme/fossieltype,null
https://data.bodemenondergrond.vlaanderen.be/id/concept/fossieltype/64,http://www.w3.org/2004/02/skos/core#Concept,be.vlaanderen.bodemenondergrond.data.id.concept.fossieltype.64,Trigonocarpus sp.,https://data.bodemenondergrond.vlaanderen.be/id/conceptscheme/fossieltype,64,flora|Trigonocarpus sp.,Trigonocarpus sp.,https://data.bodemenondergrond.vlaanderen.be/id/conceptscheme/fossieltype,null
https://data.bodemenondergrond.vlaanderen.be/id/concept/fossieltype/640,http://www.w3.org/2004/02/skos/core#Concept,be.vlaanderen.bodemenondergrond.data.id.concept.fossieltype.640,Cytherea ovalis,https://data.bodemenondergrond.vlaanderen.be/id/conceptscheme/fossieltype,640,mariene fauna|Cytherea ovalis,Cytherea ovalis,https://data.bodemenondergrond.vlaanderen.be/id/conceptscheme/fossieltype,null
https://data.bodemenondergrond.vlaanderen.be/id/concept/fossieltype/641,http://www.w3.org/2004/02/skos/core#Concept,be.vlaanderen.bodemenondergrond.data.id.concept.fossieltype.641,Barbatia sp.,https://data.bodemenondergrond.vlaanderen.be/id/conceptscheme/fossieltype,641,mariene fauna|Barbatia sp.,Barbatia sp.,https://data.bodemenondergrond.vlaanderen.be/id/conceptscheme/fossieltype,null
https://data.bodemenondergrond.vlaanderen.be/id/concept/fossieltype/642,http://www.w3.org/2004/02/skos/core#Concept,be.vlaanderen.bodemenondergrond.data.id.concept.fossieltype.642,Barbatia marullensis,https://data.bodemenondergrond.vlaanderen.be/id/conceptscheme/fossieltype,642,mariene fauna|Barbatia marullensis,Barbatia marullensis,https://data.bodemenondergrond.vlaanderen.be/id/conceptscheme/fossieltype,null
https://data.bodemenondergrond.vlaanderen.be/id/concept/fossieltype/643,http://www.w3.org/2004/02/skos/core#Concept,be.vlaanderen.bodemenondergrond.data.id.concept.fossieltype.643,Cucullea alta,https://data.bodemenondergrond.vlaanderen.be/id/conceptscheme/fossieltype,643,mariene fauna|Cucullea alta,Cucullea alta,https://data.bodemenondergrond.vlaanderen.be/id/conceptscheme/fossieltype,null
https://data.bodemenondergrond.vlaanderen.be/id/concept/fossieltype/644,http://www.w3.org/2004/02/skos/core#Concept,be.vlaanderen.bodemenondergrond.data.id.concept.fossieltype.644,Chlamys sp.,https://data.bodemenondergrond.vlaanderen.be/id/conceptscheme/fossieltype,644,mariene fauna|Chlamys sp.,Chlamys sp.,https://data.bodemenondergrond.vlaanderen.be/id/conceptscheme/fossieltype,null
https://data.bodemenondergrond.vlaanderen.be/id/concept/fossieltype/645,http://www.w3.org/2004/02/skos/core#Concept,be.vlaanderen.bodemenondergrond.data.id.concept.fossieltype.645,Ostrea Lunata,https://data.bodemenondergrond.vlaanderen.be/id/conceptscheme/fossieltype,645,mariene fauna|Ostrea Lunata,Ostrea Lunata,https://data.bodemenondergrond.vlaanderen.be/id/conceptscheme/fossieltype,null
https://data.bodemenondergrond.vlaanderen.be/id/concept/fossieltype/646,http://www.w3.org/2004/02/skos/core#Concept,be.vlaanderen.bodemenondergrond.data.id.concept.fossieltype.646,Cytherea sp.,https://data.bodemenondergrond.vlaanderen.be/id/conceptscheme/fossieltype,646,mariene fauna|Cytherea sp.,Cytherea sp.,https://data.bodemenondergrond.vlaanderen.be/id/conceptscheme/fossieltype,null
https://data.bodemenondergrond.vlaanderen.be/id/concept/fossieltype/647,http://www.w3.org/2004/02/skos/core#Concept,be.vlaanderen.bodemenondergrond.data.id.concept.fossieltype.647,Parapachydiscus sp.,https://data.bodemenondergrond.vlaanderen.be/id/conceptscheme/fossieltype,647,mariene fauna|Parapachydiscus sp.,Parapachydiscus sp.,https://data.bodemenondergrond.vlaanderen.be/id/conceptscheme/fossieltype,null
https://data.bodemenondergrond.vlaanderen.be/id/concept/fossieltype/648,http://www.w3.org/2004/02/skos/core#Concept,be.vlaanderen.bodemenondergrond.data.id.concept.fossieltype.648,Parapachydiscus levyi,https://data.bodemenondergrond.vlaanderen.be/id/conceptscheme/fossieltype,648,mariene fauna|Parapachydiscus levyi,Parapachydiscus levyi,https://data.bodemenondergrond.vlaanderen.be/id/conceptscheme/fossieltype,null
https://data.bodemenondergrond.vlaanderen.be/id/concept/fossieltype/649,http://www.w3.org/2004/02/skos/core#Concept,be.vlaanderen.bodemenondergrond.data.id.concept.fossieltype.649,Cerithes sp.,https://data.bodemenondergrond.vlaanderen.be/id/conceptscheme/fossieltype,649,mariene fauna|Cerithes sp.,Cerithes sp.,https://data.bodemenondergrond.vlaanderen.be/id/conceptscheme/fossieltype,null
https://data.bodemenondergrond.vlaanderen.be/id/concept/fossieltype/65,http://www.w3.org/2004/02/skos/core#Concept,be.vlaanderen.bodemenondergrond.data.id.concept.fossieltype.65,Rhabdoderma sp.,https://data.bodemenondergrond.vlaanderen.be/id/conceptscheme/fossieltype,65,fauna|Rhabdoderma sp.,Rhabdoderma sp.,https://data.bodemenondergrond.vlaanderen.be/id/conceptscheme/fossieltype,null
https://data.bodemenondergrond.vlaanderen.be/id/concept/fossieltype/650,http://www.w3.org/2004/02/skos/core#Concept,be.vlaanderen.bodemenondergrond.data.id.concept.fossieltype.650,Tudicla sp.,https://data.bodemenondergrond.vlaanderen.be/id/conceptscheme/fossieltype,650,mariene fauna|Tudicla sp.,Tudicla sp.,https://data.bodemenondergrond.vlaanderen.be/id/conceptscheme/fossieltype,null
https://data.bodemenondergrond.vlaanderen.be/id/concept/fossieltype/651,http://www.w3.org/2004/02/skos/core#Concept,be.vlaanderen.bodemenondergrond.data.id.concept.fossieltype.651,Tudicla depressa,https://data.bodemenondergrond.vlaanderen.be/id/conceptscheme/fossieltype,651,mariene fauna|Tudicla depressa,Tudicla depressa,https://data.bodemenondergrond.vlaanderen.be/id/conceptscheme/fossieltype,null
https://data.bodemenondergrond.vlaanderen.be/id/concept/fossieltype/652,http://www.w3.org/2004/02/skos/core#Concept,be.vlaanderen.bodemenondergrond.data.id.concept.fossieltype.652,Scalaria sp.,https://data.bodemenondergrond.vlaanderen.be/id/conceptscheme/fossieltype,652,mariene fauna|Scalaria sp.,Scalaria sp.,https://data.bodemenondergrond.vlaanderen.be/id/conceptscheme/fossieltype,null
https://data.bodemenondergrond.vlaanderen.be/id/concept/fossieltype/653,http://www.w3.org/2004/02/skos/core#Concept,be.vlaanderen.bodemenondergrond.data.id.concept.fossieltype.653,Scalaria decorata,https://data.bodemenondergrond.vlaanderen.be/id/conceptscheme/fossieltype,653,mariene fauna|Scalaria decorata,Scalaria decorata,https://data.bodemenondergrond.vlaanderen.be/id/conceptscheme/fossieltype,null
https://data.bodemenondergrond.vlaanderen.be/id/concept/fossieltype/654,http://www.w3.org/2004/02/skos/core#Concept,be.vlaanderen.bodemenondergrond.data.id.concept.fossieltype.654,Neithea sp.,https://data.bodemenondergrond.vlaanderen.be/id/conceptscheme/fossieltype,654,mariene fauna|Neithea sp.,Neithea sp.,https://data.bodemenondergrond.vlaanderen.be/id/conceptscheme/fossieltype,null
https://data.bodemenondergrond.vlaanderen.be/id/concept/fossieltype/655,http://www.w3.org/2004/02/skos/core#Concept,be.vlaanderen.bodemenondergrond.data.id.concept.fossieltype.655,Cardium becksi,https://data.bodemenondergrond.vlaanderen.be/id/conceptscheme/fossieltype,655,mariene fauna|Cardium becksi,Cardium becksi,https://data.bodemenondergrond.vlaanderen.be/id/conceptscheme/fossieltype,null
https://data.bodemenondergrond.vlaanderen.be/id/concept/fossieltype/656,http://www.w3.org/2004/02/skos/core#Concept,be.vlaanderen.bodemenondergrond.data.id.concept.fossieltype.656,Anomia sp.,https://data.bodemenondergrond.vlaanderen.be/id/conceptscheme/fossieltype,656,mariene fauna|Anomia sp.,Anomia sp.,https://data.bodemenondergrond.vlaanderen.be/id/conceptscheme/fossieltype,null
https://data.bodemenondergrond.vlaanderen.be/id/concept/fossieltype/657,http://www.w3.org/2004/02/skos/core#Concept,be.vlaanderen.bodemenondergrond.data.id.concept.fossieltype.657,Patella sp.,https://data.bodemenondergrond.vlaanderen.be/id/conceptscheme/fossieltype,657,mariene fauna|Patella sp.,Patella sp.,https://data.bodemenondergrond.vlaanderen.be/id/conceptscheme/fossieltype,null
https://data.bodemenondergrond.vlaanderen.be/id/concept/fossieltype/658,http://www.w3.org/2004/02/skos/core#Concept,be.vlaanderen.bodemenondergrond.data.id.concept.fossieltype.658,Pecten cinctus,https://data.bodemenondergrond.vlaanderen.be/id/conceptscheme/fossieltype,658,mariene fauna|Pecten cinctus,Pecten cinctus,https://data.bodemenondergrond.vlaanderen.be/id/conceptscheme/fossieltype,null
https://data.bodemenondergrond.vlaanderen.be/id/concept/fossieltype/659,http://www.w3.org/2004/02/skos/core#Concept,be.vlaanderen.bodemenondergrond.data.id.concept.fossieltype.659,Pinna cretacea,https://data.bodemenondergrond.vlaanderen.be/id/conceptscheme/fossieltype,659,mariene fauna|Pinna cretacea,Pinna cretacea,https://data.bodemenondergrond.vlaanderen.be/id/conceptscheme/fossieltype,null
https://data.bodemenondergrond.vlaanderen.be/id/concept/fossieltype/66,http://www.w3.org/2004/02/skos/core#Concept,be.vlaanderen.bodemenondergrond.data.id.concept.fossieltype.66,pecten (geslacht van tweekleppige weekdieren),https://data.bodemenondergrond.vlaanderen.be/id/conceptscheme/fossieltype,66,mariene fauna|pecten (geslacht van tweekleppige weekdieren),pecten,https://data.bodemenondergrond.vlaanderen.be/id/conceptscheme/fossieltype,null
https://data.bodemenondergrond.vlaanderen.be/id/concept/fossieltype/660,http://www.w3.org/2004/02/skos/core#Concept,be.vlaanderen.bodemenondergrond.data.id.concept.fossieltype.660,Cytherea polymorpha,https://data.bodemenondergrond.vlaanderen.be/id/conceptscheme/fossieltype,660,mariene fauna|Cytherea polymorpha,Cytherea polymorpha,https://data.bodemenondergrond.vlaanderen.be/id/conceptscheme/fossieltype,null
https://data.bodemenondergrond.vlaanderen.be/id/concept/fossieltype/661,http://www.w3.org/2004/02/skos/core#Concept,be.vlaanderen.bodemenondergrond.data.id.concept.fossieltype.661,Lima granulata,https://data.bodemenondergrond.vlaanderen.be/id/conceptscheme/fossieltype,661,mariene fauna|Lima granulata,Lima granulata,https://data.bodemenondergrond.vlaanderen.be/id/conceptscheme/fossieltype,null
https://data.bodemenondergrond.vlaanderen.be/id/concept/fossieltype/662,http://www.w3.org/2004/02/skos/core#Concept,be.vlaanderen.bodemenondergrond.data.id.concept.fossieltype.662,Cypricardia sp.,https://data.bodemenondergrond.vlaanderen.be/id/conceptscheme/fossieltype,662,mariene fauna|Cypricardia sp.,Cypricardia sp.,https://data.bodemenondergrond.vlaanderen.be/id/conceptscheme/fossieltype,null
https://data.bodemenondergrond.vlaanderen.be/id/concept/fossieltype/663,http://www.w3.org/2004/02/skos/core#Concept,be.vlaanderen.bodemenondergrond.data.id.concept.fossieltype.663,Cytherea plana,https://data.bodemenondergrond.vlaanderen.be/id/conceptscheme/fossieltype,663,mariene fauna|Cytherea plana,Cytherea plana,https://data.bodemenondergrond.vlaanderen.be/id/conceptscheme/fossieltype,null
https://data.bodemenondergrond.vlaanderen.be/id/concept/fossieltype/664,http://www.w3.org/2004/02/skos/core#Concept,be.vlaanderen.bodemenondergrond.data.id.concept.fossieltype.664,Cerithium koeneni,https://data.bodemenondergrond.vlaanderen.be/id/conceptscheme/fossieltype,664,mariene fauna|Cerithium koeneni,Cerithium koeneni,https://data.bodemenondergrond.vlaanderen.be/id/conceptscheme/fossieltype,null
https://data.bodemenondergrond.vlaanderen.be/id/concept/fossieltype/665,http://www.w3.org/2004/02/skos/core#Concept,be.vlaanderen.bodemenondergrond.data.id.concept.fossieltype.665,Natica cretacea,https://data.bodemenondergrond.vlaanderen.be/id/conceptscheme/fossieltype,665,mariene fauna|Natica cretacea,Natica cretacea,https://data.bodemenondergrond.vlaanderen.be/id/conceptscheme/fossieltype,null
https://data.bodemenondergrond.vlaanderen.be/id/concept/fossieltype/666,http://www.w3.org/2004/02/skos/core#Concept,be.vlaanderen.bodemenondergrond.data.id.concept.fossieltype.666,Inoceramus kleini,https://data.bodemenondergrond.vlaanderen.be/id/conceptscheme/fossieltype,666,mariene fauna|Inoceramus kleini,Inoceramus kleini,https://data.bodemenondergrond.vlaanderen.be/id/conceptscheme/fossieltype,null
https://data.bodemenondergrond.vlaanderen.be/id/concept/fossieltype/667,http://www.w3.org/2004/02/skos/core#Concept,be.vlaanderen.bodemenondergrond.data.id.concept.fossieltype.667,Inoceramus inconstans,https://data.bodemenondergrond.vlaanderen.be/id/conceptscheme/fossieltype,667,mariene fauna|Inoceramus inconstans,Inoceramus inconstans,https://data.bodemenondergrond.vlaanderen.be/id/conceptscheme/fossieltype,null
https://data.bodemenondergrond.vlaanderen.be/id/concept/fossieltype/668,http://www.w3.org/2004/02/skos/core#Concept,be.vlaanderen.bodemenondergrond.data.id.concept.fossieltype.668,Tellina subdecussata,https://data.bodemenondergrond.vlaanderen.be/id/conceptscheme/fossieltype,668,mariene fauna|Tellina subdecussata,Tellina subdecussata,https://data.bodemenondergrond.vlaanderen.be/id/conceptscheme/fossieltype,null
https://data.bodemenondergrond.vlaanderen.be/id/concept/fossieltype/669,http://www.w3.org/2004/02/skos/core#Concept,be.vlaanderen.bodemenondergrond.data.id.concept.fossieltype.669,Volutilithes sp.,https://data.bodemenondergrond.vlaanderen.be/id/conceptscheme/fossieltype,669,mariene fauna|Volutilithes sp.,Volutilithes sp.,https://data.bodemenondergrond.vlaanderen.be/id/conceptscheme/fossieltype,null
https://data.bodemenondergrond.vlaanderen.be/id/concept/fossieltype/67,http://www.w3.org/2004/02/skos/core#Concept,be.vlaanderen.bodemenondergrond.data.id.concept.fossieltype.67,goniatieten (geslacht van Cephalopoda / inktvisachtigen),https://data.bodemenondergrond.vlaanderen.be/id/conceptscheme/fossieltype,67,mariene fauna|goniatieten (geslacht van Cephalopoda / inktvisachtigen),goniatieten,https://data.bodemenondergrond.vlaanderen.be/id/conceptscheme/fossieltype,null
https://data.bodemenondergrond.vlaanderen.be/id/concept/fossieltype/670,http://www.w3.org/2004/02/skos/core#Concept,be.vlaanderen.bodemenondergrond.data.id.concept.fossieltype.670,Volutilithes subsemiplicatus,https://data.bodemenondergrond.vlaanderen.be/id/conceptscheme/fossieltype,670,mariene fauna|Volutilithes subsemiplicatus,Volutilithes subsemiplicatus,https://data.bodemenondergrond.vlaanderen.be/id/conceptscheme/fossieltype,null
https://data.bodemenondergrond.vlaanderen.be/id/concept/fossieltype/671,http://www.w3.org/2004/02/skos/core#Concept,be.vlaanderen.bodemenondergrond.data.id.concept.fossieltype.671,Aporrhais nilsoni,https://data.bodemenondergrond.vlaanderen.be/id/conceptscheme/fossieltype,671,mariene fauna|Aporrhais nilsoni,Aporrhais nilsoni,https://data.bodemenondergrond.vlaanderen.be/id/conceptscheme/fossieltype,null
https://data.bodemenondergrond.vlaanderen.be/id/concept/fossieltype/672,http://www.w3.org/2004/02/skos/core#Concept,be.vlaanderen.bodemenondergrond.data.id.concept.fossieltype.672,Venericardia sp.,https://data.bodemenondergrond.vlaanderen.be/id/conceptscheme/fossieltype,672,mariene fauna|Venericardia sp.,Venericardia sp.,https://data.bodemenondergrond.vlaanderen.be/id/conceptscheme/fossieltype,null
https://data.bodemenondergrond.vlaanderen.be/id/concept/fossieltype/673,http://www.w3.org/2004/02/skos/core#Concept,be.vlaanderen.bodemenondergrond.data.id.concept.fossieltype.673,Venericardia santonensis,https://data.bodemenondergrond.vlaanderen.be/id/conceptscheme/fossieltype,673,mariene fauna|Venericardia santonensis,Venericardia santonensis,https://data.bodemenondergrond.vlaanderen.be/id/conceptscheme/fossieltype,null
https://data.bodemenondergrond.vlaanderen.be/id/concept/fossieltype/674,http://www.w3.org/2004/02/skos/core#Concept,be.vlaanderen.bodemenondergrond.data.id.concept.fossieltype.674,Cardium nöggerathi,https://data.bodemenondergrond.vlaanderen.be/id/conceptscheme/fossieltype,674,mariene fauna|Cardium nöggerathi,Cardium nöggerathi,https://data.bodemenondergrond.vlaanderen.be/id/conceptscheme/fossieltype,null
https://data.bodemenondergrond.vlaanderen.be/id/concept/fossieltype/675,http://www.w3.org/2004/02/skos/core#Concept,be.vlaanderen.bodemenondergrond.data.id.concept.fossieltype.675,Trigonia vallscum,https://data.bodemenondergrond.vlaanderen.be/id/conceptscheme/fossieltype,675,mariene fauna|Trigonia vallscum,Trigonia vallscum,https://data.bodemenondergrond.vlaanderen.be/id/conceptscheme/fossieltype,null
https://data.bodemenondergrond.vlaanderen.be/id/concept/fossieltype/676,http://www.w3.org/2004/02/skos/core#Concept,be.vlaanderen.bodemenondergrond.data.id.concept.fossieltype.676,Neithea grypheata,https://data.bodemenondergrond.vlaanderen.be/id/conceptscheme/fossieltype,676,mariene fauna|Neithea grypheata,Neithea grypheata,https://data.bodemenondergrond.vlaanderen.be/id/conceptscheme/fossieltype,null
https://data.bodemenondergrond.vlaanderen.be/id/concept/fossieltype/677,http://www.w3.org/2004/02/skos/core#Concept,be.vlaanderen.bodemenondergrond.data.id.concept.fossieltype.677,Pectunculus geinitzi,https://data.bodemenondergrond.vlaanderen.be/id/conceptscheme/fossieltype,677,mariene fauna|Pectunculus geinitzi,Pectunculus geinitzi,https://data.bodemenondergrond.vlaanderen.be/id/conceptscheme/fossieltype,null
https://data.bodemenondergrond.vlaanderen.be/id/concept/fossieltype/678,http://www.w3.org/2004/02/skos/core#Concept,be.vlaanderen.bodemenondergrond.data.id.concept.fossieltype.678,Tellina mülleri,https://data.bodemenondergrond.vlaanderen.be/id/conceptscheme/fossieltype,678,mariene fauna|Tellina mülleri,Tellina mülleri,https://data.bodemenondergrond.vlaanderen.be/id/conceptscheme/fossieltype,null
https://data.bodemenondergrond.vlaanderen.be/id/concept/fossieltype/679,http://www.w3.org/2004/02/skos/core#Concept,be.vlaanderen.bodemenondergrond.data.id.concept.fossieltype.679,Lima oviformis,https://data.bodemenondergrond.vlaanderen.be/id/conceptscheme/fossieltype,679,mariene fauna|Lima oviformis,Lima oviformis,https://data.bodemenondergrond.vlaanderen.be/id/conceptscheme/fossieltype,null
https://data.bodemenondergrond.vlaanderen.be/id/concept/fossieltype/68,http://www.w3.org/2004/02/skos/core#Concept,be.vlaanderen.bodemenondergrond.data.id.concept.fossieltype.68,spiculae,https://data.bodemenondergrond.vlaanderen.be/id/conceptscheme/fossieltype,68,fauna|spiculae,spiculae,https://data.bodemenondergrond.vlaanderen.be/id/conceptscheme/fossieltype,null
https://data.bodemenondergrond.vlaanderen.be/id/concept/fossieltype/680,http://www.w3.org/2004/02/skos/core#Concept,be.vlaanderen.bodemenondergrond.data.id.concept.fossieltype.680,Pectunculus obsoletus,https://data.bodemenondergrond.vlaanderen.be/id/conceptscheme/fossieltype,680,mariene fauna|Pectunculus obsoletus,Pectunculus obsoletus,https://data.bodemenondergrond.vlaanderen.be/id/conceptscheme/fossieltype,null
https://data.bodemenondergrond.vlaanderen.be/id/concept/fossieltype/681,http://www.w3.org/2004/02/skos/core#Concept,be.vlaanderen.bodemenondergrond.data.id.concept.fossieltype.681,Crassatella symmetrica,https://data.bodemenondergrond.vlaanderen.be/id/conceptscheme/fossieltype,681,mariene fauna|Crassatella symmetrica,Crassatella symmetrica,https://data.bodemenondergrond.vlaanderen.be/id/conceptscheme/fossieltype,null
https://data.bodemenondergrond.vlaanderen.be/id/concept/fossieltype/682,http://www.w3.org/2004/02/skos/core#Concept,be.vlaanderen.bodemenondergrond.data.id.concept.fossieltype.682,Tellina strigata,https://data.bodemenondergrond.vlaanderen.be/id/conceptscheme/fossieltype,682,mariene fauna|Tellina strigata,Tellina strigata,https://data.bodemenondergrond.vlaanderen.be/id/conceptscheme/fossieltype,null
https://data.bodemenondergrond.vlaanderen.be/id/concept/fossieltype/683,http://www.w3.org/2004/02/skos/core#Concept,be.vlaanderen.bodemenondergrond.data.id.concept.fossieltype.683,Anomia lamellosa,https://data.bodemenondergrond.vlaanderen.be/id/conceptscheme/fossieltype,683,mariene fauna|Anomia lamellosa,Anomia lamellosa,https://data.bodemenondergrond.vlaanderen.be/id/conceptscheme/fossieltype,null
https://data.bodemenondergrond.vlaanderen.be/id/concept/fossieltype/684,http://www.w3.org/2004/02/skos/core#Concept,be.vlaanderen.bodemenondergrond.data.id.concept.fossieltype.684,Acritarchen,https://data.bodemenondergrond.vlaanderen.be/id/conceptscheme/fossieltype,684,flora|Acritarchen,Acritarchen,https://data.bodemenondergrond.vlaanderen.be/id/conceptscheme/fossieltype,null
https://data.bodemenondergrond.vlaanderen.be/id/concept/fossieltype/685,http://www.w3.org/2004/02/skos/core#Concept,be.vlaanderen.bodemenondergrond.data.id.concept.fossieltype.685,Chitinozoa,https://data.bodemenondergrond.vlaanderen.be/id/conceptscheme/fossieltype,685,fauna|Chitinozoa,Chitinozoa,https://data.bodemenondergrond.vlaanderen.be/id/conceptscheme/fossieltype,null
https://data.bodemenondergrond.vlaanderen.be/id/concept/fossieltype/686,http://www.w3.org/2004/02/skos/core#Concept,be.vlaanderen.bodemenondergrond.data.id.concept.fossieltype.686,Graptolieten,https://data.bodemenondergrond.vlaanderen.be/id/conceptscheme/fossieltype,686,fauna|Graptolieten,Graptolieten,https://data.bodemenondergrond.vlaanderen.be/id/conceptscheme/fossieltype,null
https://data.bodemenondergrond.vlaanderen.be/id/concept/fossieltype/687,http://www.w3.org/2004/02/skos/core#Concept,be.vlaanderen.bodemenondergrond.data.id.concept.fossieltype.687,Oldhamia,https://data.bodemenondergrond.vlaanderen.be/id/conceptscheme/fossieltype,687,ichnofossiel|Oldhamia,Oldhamia,https://data.bodemenondergrond.vlaanderen.be/id/conceptscheme/fossieltype,null
https://data.bodemenondergrond.vlaanderen.be/id/concept/fossieltype/69,http://www.w3.org/2004/02/skos/core#Concept,be.vlaanderen.bodemenondergrond.data.id.concept.fossieltype.69,stromatoporen,https://data.bodemenondergrond.vlaanderen.be/id/conceptscheme/fossieltype,69,mariene fauna|stromatoporen,stromatoporen,https://data.bodemenondergrond.vlaanderen.be/id/conceptscheme/fossieltype,null
https://data.bodemenondergrond.vlaanderen.be/id/concept/fossieltype/7,http://www.w3.org/2004/02/skos/core#Concept,be.vlaanderen.bodemenondergrond.data.id.concept.fossieltype.7,Anthracosphaerum sp.,https://data.bodemenondergrond.vlaanderen.be/id/conceptscheme/fossieltype,7,onbepaald|Anthracosphaerum sp.,Anthracosphaerum sp.,https://data.bodemenondergrond.vlaanderen.be/id/conceptscheme/fossieltype,null
https://data.bodemenondergrond.vlaanderen.be/id/concept/fossieltype/70,http://www.w3.org/2004/02/skos/core#Concept,be.vlaanderen.bodemenondergrond.data.id.concept.fossieltype.70,koralen,https://data.bodemenondergrond.vlaanderen.be/id/conceptscheme/fossieltype,70,mariene fauna|koralen,koralen,https://data.bodemenondergrond.vlaanderen.be/id/conceptscheme/fossieltype,null
https://data.bodemenondergrond.vlaanderen.be/id/concept/fossieltype/71,http://www.w3.org/2004/02/skos/core#Concept,be.vlaanderen.bodemenondergrond.data.id.concept.fossieltype.71,algaire mat / laminiet,https://data.bodemenondergrond.vlaanderen.be/id/conceptscheme/fossieltype,71,mariene fauna|algaire mat / laminiet,algaire mat / laminiet,https://data.bodemenondergrond.vlaanderen.be/id/conceptscheme/fossieltype,null
https://data.bodemenondergrond.vlaanderen.be/id/concept/fossieltype/72,http://www.w3.org/2004/02/skos/core#Concept,be.vlaanderen.bodemenondergrond.data.id.concept.fossieltype.72,crinoïden (zeelelies),https://data.bodemenondergrond.vlaanderen.be/id/conceptscheme/fossieltype,72,mariene fauna|crinoïden (zeelelies),crinoïden,https://data.bodemenondergrond.vlaanderen.be/id/conceptscheme/fossieltype,null
https://data.bodemenondergrond.vlaanderen.be/id/concept/fossieltype/73,http://www.w3.org/2004/02/skos/core#Concept,be.vlaanderen.bodemenondergrond.data.id.concept.fossieltype.73,nummulieten (familie van grote schijfvormige foraminiferen),https://data.bodemenondergrond.vlaanderen.be/id/conceptscheme/fossieltype,73,mariene fauna|nummulieten (familie van grote schijfvormige foraminiferen),nummulieten,https://data.bodemenondergrond.vlaanderen.be/id/conceptscheme/fossieltype,null
https://data.bodemenondergrond.vlaanderen.be/id/concept/fossieltype/74,http://www.w3.org/2004/02/skos/core#Concept,be.vlaanderen.bodemenondergrond.data.id.concept.fossieltype.74,Lycopodites sp.,https://data.bodemenondergrond.vlaanderen.be/id/conceptscheme/fossieltype,74,flora|Lycopodites sp.,Lycopodites sp.,https://data.bodemenondergrond.vlaanderen.be/id/conceptscheme/fossieltype,null
https://data.bodemenondergrond.vlaanderen.be/id/concept/fossieltype/75,http://www.w3.org/2004/02/skos/core#Concept,be.vlaanderen.bodemenondergrond.data.id.concept.fossieltype.75,Carpolites sp.,https://data.bodemenondergrond.vlaanderen.be/id/conceptscheme/fossieltype,75,flora|Carpolites sp.,Carpolites sp.,https://data.bodemenondergrond.vlaanderen.be/id/conceptscheme/fossieltype,null
https://data.bodemenondergrond.vlaanderen.be/id/concept/fossieltype/76,http://www.w3.org/2004/02/skos/core#Concept,be.vlaanderen.bodemenondergrond.data.id.concept.fossieltype.76,Artisia sp.,https://data.bodemenondergrond.vlaanderen.be/id/conceptscheme/fossieltype,76,flora|Artisia sp.,Artisia sp.,https://data.bodemenondergrond.vlaanderen.be/id/conceptscheme/fossieltype,null
https://data.bodemenondergrond.vlaanderen.be/id/concept/fossieltype/77,http://www.w3.org/2004/02/skos/core#Concept,be.vlaanderen.bodemenondergrond.data.id.concept.fossieltype.77,Palaeostachya sp.,https://data.bodemenondergrond.vlaanderen.be/id/conceptscheme/fossieltype,77,flora|Palaeostachya sp.,Palaeostachya sp.,https://data.bodemenondergrond.vlaanderen.be/id/conceptscheme/fossieltype,null
https://data.bodemenondergrond.vlaanderen.be/id/concept/fossieltype/78,http://www.w3.org/2004/02/skos/core#Concept,be.vlaanderen.bodemenondergrond.data.id.concept.fossieltype.78,Palmatopteris sp.,https://data.bodemenondergrond.vlaanderen.be/id/conceptscheme/fossieltype,78,flora|Palmatopteris sp.,Palmatopteris sp.,https://data.bodemenondergrond.vlaanderen.be/id/conceptscheme/fossieltype,null
https://data.bodemenondergrond.vlaanderen.be/id/concept/fossieltype/79,http://www.w3.org/2004/02/skos/core#Concept,be.vlaanderen.bodemenondergrond.data.id.concept.fossieltype.79,Coelacanthus sp.,https://data.bodemenondergrond.vlaanderen.be/id/conceptscheme/fossieltype,79,fauna|Coelacanthus sp.,Coelacanthus sp.,https://data.bodemenondergrond.vlaanderen.be/id/conceptscheme/fossieltype,null
https://data.bodemenondergrond.vlaanderen.be/id/concept/fossieltype/8,http://www.w3.org/2004/02/skos/core#Concept,be.vlaanderen.bodemenondergrond.data.id.concept.fossieltype.8,Anthracomya sp.,https://data.bodemenondergrond.vlaanderen.be/id/conceptscheme/fossieltype,8,zoetwaterfauna|Anthracomya sp.,Anthracomya sp.,https://data.bodemenondergrond.vlaanderen.be/id/conceptscheme/fossieltype,null
https://data.bodemenondergrond.vlaanderen.be/id/concept/fossieltype/80,http://www.w3.org/2004/02/skos/core#Concept,be.vlaanderen.bodemenondergrond.data.id.concept.fossieltype.80,Lepidophloios sp.,https://data.bodemenondergrond.vlaanderen.be/id/conceptscheme/fossieltype,80,flora|Lepidophloios sp.,Lepidophloios sp.,https://data.bodemenondergrond.vlaanderen.be/id/conceptscheme/fossieltype,null
https://data.bodemenondergrond.vlaanderen.be/id/concept/fossieltype/81,http://www.w3.org/2004/02/skos/core#Concept,be.vlaanderen.bodemenondergrond.data.id.concept.fossieltype.81,Calamophyllites sp.,https://data.bodemenondergrond.vlaanderen.be/id/conceptscheme/fossieltype,81,flora|Calamophyllites sp.,Calamophyllites sp.,https://data.bodemenondergrond.vlaanderen.be/id/conceptscheme/fossieltype,null
https://data.bodemenondergrond.vlaanderen.be/id/concept/fossieltype/82,http://www.w3.org/2004/02/skos/core#Concept,be.vlaanderen.bodemenondergrond.data.id.concept.fossieltype.82,Lepidodendron aculeatum,https://data.bodemenondergrond.vlaanderen.be/id/conceptscheme/fossieltype,82,flora|Lepidodendron aculeatum,Lepidodendron aculeatum,https://data.bodemenondergrond.vlaanderen.be/id/conceptscheme/fossieltype,null
https://data.bodemenondergrond.vlaanderen.be/id/concept/fossieltype/83,http://www.w3.org/2004/02/skos/core#Concept,be.vlaanderen.bodemenondergrond.data.id.concept.fossieltype.83,Corynepteris coralloides,https://data.bodemenondergrond.vlaanderen.be/id/conceptscheme/fossieltype,83,flora|Corynepteris coralloides,Corynepteris coralloides,https://data.bodemenondergrond.vlaanderen.be/id/conceptscheme/fossieltype,null
https://data.bodemenondergrond.vlaanderen.be/id/concept/fossieltype/84,http://www.w3.org/2004/02/skos/core#Concept,be.vlaanderen.bodemenondergrond.data.id.concept.fossieltype.84,Aphlebia sp.,https://data.bodemenondergrond.vlaanderen.be/id/conceptscheme/fossieltype,84,flora|Aphlebia sp.,Aphlebia sp.,https://data.bodemenondergrond.vlaanderen.be/id/conceptscheme/fossieltype,null
https://data.bodemenondergrond.vlaanderen.be/id/concept/fossieltype/85,http://www.w3.org/2004/02/skos/core#Concept,be.vlaanderen.bodemenondergrond.data.id.concept.fossieltype.85,Elonichthys sp.,https://data.bodemenondergrond.vlaanderen.be/id/conceptscheme/fossieltype,85,mariene fauna|Elonichthys sp.,Elonichthys sp.,https://data.bodemenondergrond.vlaanderen.be/id/conceptscheme/fossieltype,null
https://data.bodemenondergrond.vlaanderen.be/id/concept/fossieltype/86,http://www.w3.org/2004/02/skos/core#Concept,be.vlaanderen.bodemenondergrond.data.id.concept.fossieltype.86,Rhizodopsis sp.,https://data.bodemenondergrond.vlaanderen.be/id/conceptscheme/fossieltype,86,fauna|Rhizodopsis sp.,Rhizodopsis sp.,https://data.bodemenondergrond.vlaanderen.be/id/conceptscheme/fossieltype,null
https://data.bodemenondergrond.vlaanderen.be/id/concept/fossieltype/87,http://www.w3.org/2004/02/skos/core#Concept,be.vlaanderen.bodemenondergrond.data.id.concept.fossieltype.87,Lepidospermum sp.,https://data.bodemenondergrond.vlaanderen.be/id/conceptscheme/fossieltype,87,flora|Lepidospermum sp.,Lepidospermum sp.,https://data.bodemenondergrond.vlaanderen.be/id/conceptscheme/fossieltype,null
https://data.bodemenondergrond.vlaanderen.be/id/concept/fossieltype/88,http://www.w3.org/2004/02/skos/core#Concept,be.vlaanderen.bodemenondergrond.data.id.concept.fossieltype.88,Posidoniella sp.,https://data.bodemenondergrond.vlaanderen.be/id/conceptscheme/fossieltype,88,fauna|Posidoniella sp.,Posidoniella sp.,https://data.bodemenondergrond.vlaanderen.be/id/conceptscheme/fossieltype,null
https://data.bodemenondergrond.vlaanderen.be/id/concept/fossieltype/89,http://www.w3.org/2004/02/skos/core#Concept,be.vlaanderen.bodemenondergrond.data.id.concept.fossieltype.89,Corynepteris sp.,https://data.bodemenondergrond.vlaanderen.be/id/conceptscheme/fossieltype,89,flora|Corynepteris sp.,Corynepteris sp.,https://data.bodemenondergrond.vlaanderen.be/id/conceptscheme/fossieltype,null
https://data.bodemenondergrond.vlaanderen.be/id/concept/fossieltype/9,http://www.w3.org/2004/02/skos/core#Concept,be.vlaanderen.bodemenondergrond.data.id.concept.fossieltype.9,Anthraconaia sp.,https://data.bodemenondergrond.vlaanderen.be/id/conceptscheme/fossieltype,9,brakwaterfauna|Anthraconaia sp.,Anthraconaia sp.,https://data.bodemenondergrond.vlaanderen.be/id/conceptscheme/fossieltype,null
https://data.bodemenondergrond.vlaanderen.be/id/concept/fossieltype/90,http://www.w3.org/2004/02/skos/core#Concept,be.vlaanderen.bodemenondergrond.data.id.concept.fossieltype.90,Coelonautilus sp.,https://data.bodemenondergrond.vlaanderen.be/id/conceptscheme/fossieltype,90,mariene fauna|Coelonautilus sp.,Coelonautilus sp.,https://data.bodemenondergrond.vlaanderen.be/id/conceptscheme/fossieltype,null
https://data.bodemenondergrond.vlaanderen.be/id/concept/fossieltype/91,http://www.w3.org/2004/02/skos/core#Concept,be.vlaanderen.bodemenondergrond.data.id.concept.fossieltype.91,Eurypterus sp.,https://data.bodemenondergrond.vlaanderen.be/id/conceptscheme/fossieltype,91,mariene fauna|Eurypterus sp.,Eurypterus sp.,https://data.bodemenondergrond.vlaanderen.be/id/conceptscheme/fossieltype,null
https://data.bodemenondergrond.vlaanderen.be/id/concept/fossieltype/92,http://www.w3.org/2004/02/skos/core#Concept,be.vlaanderen.bodemenondergrond.data.id.concept.fossieltype.92,Aviculopecten sp.,https://data.bodemenondergrond.vlaanderen.be/id/conceptscheme/fossieltype,92,mariene fauna|Aviculopecten sp.,Aviculopecten sp.,https://data.bodemenondergrond.vlaanderen.be/id/conceptscheme/fossieltype,null
https://data.bodemenondergrond.vlaanderen.be/id/concept/fossieltype/93,http://www.w3.org/2004/02/skos/core#Concept,be.vlaanderen.bodemenondergrond.data.id.concept.fossieltype.93,Pterinopecten sp.,https://data.bodemenondergrond.vlaanderen.be/id/conceptscheme/fossieltype,93,mariene fauna|Pterinopecten sp.,Pterinopecten sp.,https://data.bodemenondergrond.vlaanderen.be/id/conceptscheme/fossieltype,null
https://data.bodemenondergrond.vlaanderen.be/id/concept/fossieltype/94,http://www.w3.org/2004/02/skos/core#Concept,be.vlaanderen.bodemenondergrond.data.id.concept.fossieltype.94,Renaultia sp.,https://data.bodemenondergrond.vlaanderen.be/id/conceptscheme/fossieltype,94,flora|Renaultia sp.,Renaultia sp.,https://data.bodemenondergrond.vlaanderen.be/id/conceptscheme/fossieltype,null
https://data.bodemenondergrond.vlaanderen.be/id/concept/fossieltype/95,http://www.w3.org/2004/02/skos/core#Concept,be.vlaanderen.bodemenondergrond.data.id.concept.fossieltype.95,Rhadinichtys sp.,https://data.bodemenondergrond.vlaanderen.be/id/conceptscheme/fossieltype,95,mariene fauna|Rhadinichtys sp.,Rhadinichtys sp.,https://data.bodemenondergrond.vlaanderen.be/id/conceptscheme/fossieltype,null
https://data.bodemenondergrond.vlaanderen.be/id/concept/fossieltype/96,http://www.w3.org/2004/02/skos/core#Concept,be.vlaanderen.bodemenondergrond.data.id.concept.fossieltype.96,Hexaspermum sp.,https://data.bodemenondergrond.vlaanderen.be/id/conceptscheme/fossieltype,96,flora|Hexaspermum sp.,Hexaspermum sp.,https://data.bodemenondergrond.vlaanderen.be/id/conceptscheme/fossieltype,null
https://data.bodemenondergrond.vlaanderen.be/id/concept/fossieltype/97,http://www.w3.org/2004/02/skos/core#Concept,be.vlaanderen.bodemenondergrond.data.id.concept.fossieltype.97,Adiantites sp.,https://data.bodemenondergrond.vlaanderen.be/id/conceptscheme/fossieltype,97,flora|Adiantites sp.,Adiantites sp.,https://data.bodemenondergrond.vlaanderen.be/id/conceptscheme/fossieltype,null
https://data.bodemenondergrond.vlaanderen.be/id/concept/fossieltype/98,http://www.w3.org/2004/02/skos/core#Concept,be.vlaanderen.bodemenondergrond.data.id.concept.fossieltype.98,Pinakodendron sp.,https://data.bodemenondergrond.vlaanderen.be/id/conceptscheme/fossieltype,98,flora|Pinakodendron sp.,Pinakodendron sp.,https://data.bodemenondergrond.vlaanderen.be/id/conceptscheme/fossieltype,null
https://data.bodemenondergrond.vlaanderen.be/id/concept/fossieltype/99,http://www.w3.org/2004/02/skos/core#Concept,be.vlaanderen.bodemenondergrond.data.id.concept.fossieltype.99,Cypridina (Entomis) sp.,https://data.bodemenondergrond.vlaanderen.be/id/conceptscheme/fossieltype,99,brakwaterfauna|Cypridina (Entomis) sp.,Cypridina (Entomis) sp.,https://data.bodemenondergrond.vlaanderen.be/id/conceptscheme/fossieltype,null
https://data.bodemenondergrond.vlaanderen.be/id/conceptscheme/fossieltype,http://www.w3.org/2004/02/skos/core#ConceptScheme,be.vlaanderen.bodemenondergrond.data.id.conceptscheme.fossieltype,null,null,null,null,Lijst van fossieltypes,null,https://data.bodemenondergrond.vlaanderen.be/id/concept/fossieltype/-1|https://data.bodemenondergrond.vlaanderen.be/id/concept/fossieltype/0|https://data.bodemenondergrond.vlaanderen.be/id/concept/fossieltype/100|https://data.bodemenondergrond.vlaanderen.be/id/concept/fossieltype/101|https://data.bodemenondergrond.vlaanderen.be/id/concept/fossieltype/102|https://data.bodemenondergrond.vlaanderen.be/id/concept/fossieltype/103|https://data.bodemenondergrond.vlaanderen.be/id/concept/fossieltype/104|https://data.bodemenondergrond.vlaanderen.be/id/concept/fossieltype/105|https://data.bodemenondergrond.vlaanderen.be/id/concept/fossieltype/106|https://data.bodemenondergrond.vlaanderen.be/id/concept/fossieltype/107|https://data.bodemenondergrond.vlaanderen.be/id/concept/fossieltype/108|https://data.bodemenondergrond.vlaanderen.be/id/concept/fossieltype/109|https://data.bodemenondergrond.vlaanderen.be/id/concept/fossieltype/10|https://data.bodemenondergrond.vlaanderen.be/id/concept/fossieltype/110|https://data.bodemenondergrond.vlaanderen.be/id/concept/fossieltype/111|https://data.bodemenondergrond.vlaanderen.be/id/concept/fossieltype/112|https://data.bodemenondergrond.vlaanderen.be/id/concept/fossieltype/113|https://data.bodemenondergrond.vlaanderen.be/id/concept/fossieltype/114|https://data.bodemenondergrond.vlaanderen.be/id/concept/fossieltype/115|https://data.bodemenondergrond.vlaanderen.be/id/concept/fossieltype/116|https://data.bodemenondergrond.vlaanderen.be/id/concept/fossieltype/117|https://data.bodemenondergrond.vlaanderen.be/id/concept/fossieltype/118|https://data.bodemenondergrond.vlaanderen.be/id/concept/fossieltype/119|https://data.bodemenondergrond.vlaanderen.be/id/concept/fossieltype/11|https://data.bodemenondergrond.vlaanderen.be/id/concept/fossieltype/120|https://data.bodemenondergrond.vlaanderen.be/id/concept/fossieltype/121|https://data.bodemenondergrond.vlaanderen.be/id/concept/fossieltype/122|https://data.bodemenondergrond.vlaanderen.be/id/concept/fossieltype/123|https://data.bodemenondergrond.vlaanderen.be/id/concept/fossieltype/124|https://data.bodemenondergrond.vlaanderen.be/id/concept/fossieltype/125|https://data.bodemenondergrond.vlaanderen.be/id/concept/fossieltype/126|https://data.bodemenondergrond.vlaanderen.be/id/concept/fossieltype/127|https://data.bodemenondergrond.vlaanderen.be/id/concept/fossieltype/128|https://data.bodemenondergrond.vlaanderen.be/id/concept/fossieltype/129|https://data.bodemenondergrond.vlaanderen.be/id/concept/fossieltype/12|https://data.bodemenondergrond.vlaanderen.be/id/concept/fossieltype/130|https://data.bodemenondergrond.vlaanderen.be/id/concept/fossieltype/131|https://data.bodemenondergrond.vlaanderen.be/id/concept/fossieltype/132|https://data.bodemenondergrond.vlaanderen.be/id/concept/fossieltype/133|https://data.bodemenondergrond.vlaanderen.be/id/concept/fossieltype/134|https://data.bodemenondergrond.vlaanderen.be/id/concept/fossieltype/135|https://data.bodemenondergrond.vlaanderen.be/id/concept/fossieltype/136|https://data.bodemenondergrond.vlaanderen.be/id/concept/fossieltype/137|https://data.bodemenondergrond.vlaanderen.be/id/concept/fossieltype/138|https://data.bodemenondergrond.vlaanderen.be/id/concept/fossieltype/139|https://data.bodemenondergrond.vlaanderen.be/id/concept/fossieltype/13|https://data.bodemenondergrond.vlaanderen.be/id/concept/fossieltype/140|https://data.bodemenondergrond.vlaanderen.be/id/concept/fossieltype/141|https://data.bodemenondergrond.vlaanderen.be/id/concept/fossieltype/142|https://data.bodemenondergrond.vlaanderen.be/id/concept/fossieltype/143|https://data.bodemenondergrond.vlaanderen.be/id/concept/fossieltype/144|https://data.bodemenondergrond.vlaanderen.be/id/concept/fossieltype/145|https://data.bodemenondergrond.vlaanderen.be/id/concept/fossieltype/146|https://data.bodemenondergrond.vlaanderen.be/id/concept/fossieltype/147|https://data.bodemenondergrond.vlaanderen.be/id/concept/fossieltype/148|https://data.bodemenondergrond.vlaanderen.be/id/concept/fossieltype/149|https://data.bodemenondergrond.vlaanderen.be/id/concept/fossieltype/14|https://data.bodemenondergrond.vlaanderen.be/id/concept/fossieltype/150|https://data.bodemenondergrond.vlaanderen.be/id/concept/fossieltype/151|https://data.bodemenondergrond.vlaanderen.be/id/concept/fossieltype/152|https://data.bodemenondergrond.vlaanderen.be/id/concept/fossieltype/153|https://data.bodemenondergrond.vlaanderen.be/id/concept/fossieltype/154|https://data.bodemenondergrond.vlaanderen.be/id/concept/fossieltype/155|https://data.bodemenondergrond.vlaanderen.be/id/concept/fossieltype/156|https://data.bodemenondergrond.vlaanderen.be/id/concept/fossieltype/157|https://data.bodemenondergrond.vlaanderen.be/id/concept/fossieltype/158|https://data.bodemenondergrond.vlaanderen.be/id/concept/fossieltype/159|https://data.bodemenondergrond.vlaanderen.be/id/concept/fossieltype/15|https://data.bodemenondergrond.vlaanderen.be/id/concept/fossieltype/160|https://data.bodemenondergrond.vlaanderen.be/id/concept/fossieltype/161|https://data.bodemenondergrond.vlaanderen.be/id/concept/fossieltype/162|https://data.bodemenondergrond.vlaanderen.be/id/concept/fossieltype/163|https://data.bodemenondergrond.vlaanderen.be/id/concept/fossieltype/164|https://data.bodemenondergrond.vlaanderen.be/id/concept/fossieltype/165|https://data.bodemenondergrond.vlaanderen.be/id/concept/fossieltype/166|https://data.bodemenondergrond.vlaanderen.be/id/concept/fossieltype/167|https://data.bodemenondergrond.vlaanderen.be/id/concept/fossieltype/168|https://data.bodemenondergrond.vlaanderen.be/id/concept/fossieltype/169|https://data.bodemenondergrond.vlaanderen.be/id/concept/fossieltype/16|https://data.bodemenondergrond.vlaanderen.be/id/concept/fossieltype/170|https://data.bodemenondergrond.vlaanderen.be/id/concept/fossieltype/171|https://data.bodemenondergrond.vlaanderen.be/id/concept/fossieltype/172|https://data.bodemenondergrond.vlaanderen.be/id/concept/fossieltype/173|https://data.bodemenondergrond.vlaanderen.be/id/concept/fossieltype/174|https://data.bodemenondergrond.vlaanderen.be/id/concept/fossieltype/175|https://data.bodemenondergrond.vlaanderen.be/id/concept/fossieltype/176|https://data.bodemenondergrond.vlaanderen.be/id/concept/fossieltype/177|https://data.bodemenondergrond.vlaanderen.be/id/concept/fossieltype/178|https://data.bodemenondergrond.vlaanderen.be/id/concept/fossieltype/179|https://data.bodemenondergrond.vlaanderen.be/id/concept/fossieltype/17|https://data.bodemenondergrond.vlaanderen.be/id/concept/fossieltype/180|https://data.bodemenondergrond.vlaanderen.be/id/concept/fossieltype/181|https://data.bodemenondergrond.vlaanderen.be/id/concept/fossieltype/182|https://data.bodemenondergrond.vlaanderen.be/id/concept/fossieltype/183|https://data.bodemenondergrond.vlaanderen.be/id/concept/fossieltype/184|https://data.bodemenondergrond.vlaanderen.be/id/concept/fossieltype/185|https://data.bodemenondergrond.vlaanderen.be/id/concept/fossieltype/186|https://data.bodemenondergrond.vlaanderen.be/id/concept/fossieltype/187|https://data.bodemenondergrond.vlaanderen.be/id/concept/fossieltype/188|https://data.bodemenondergrond.vlaanderen.be/id/concept/fossieltype/189|https://data.bodemenondergrond.vlaanderen.be/id/concept/fossieltype/18|https://data.bodemenondergrond.vlaanderen.be/id/concept/fossieltype/190|https://data.bodemenondergrond.vlaanderen.be/id/concept/fossieltype/191|https://data.bodemenondergrond.vlaanderen.be/id/concept/fossieltype/192|https://data.bodemenondergrond.vlaanderen.be/id/concept/fossieltype/193|https://data.bodemenondergrond.vlaanderen.be/id/concept/fossieltype/194|https://data.bodemenondergrond.vlaanderen.be/id/concept/fossieltype/195|https://data.bodemenondergrond.vlaanderen.be/id/concept/fossieltype/196|https://data.bodemenondergrond.vlaanderen.be/id/concept/fossieltype/197|https://data.bodemenondergrond.vlaanderen.be/id/concept/fossieltype/198|https://data.bodemenondergrond.vlaanderen.be/id/concept/fossieltype/199|https://data.bodemenondergrond.vlaanderen.be/id/concept/fossieltype/19|https://data.bodemenondergrond.vlaanderen.be/id/concept/fossieltype/1|https://data.bodemenondergrond.vlaanderen.be/id/concept/fossieltype/200|https://data.bodemenondergrond.vlaanderen.be/id/concept/fossieltype/201|https://data.bodemenondergrond.vlaanderen.be/id/concept/fossieltype/202|https://data.bodemenondergrond.vlaanderen.be/id/concept/fossieltype/203|https://data.bodemenondergrond.vlaanderen.be/id/concept/fossieltype/204|https://data.bodemenondergrond.vlaanderen.be/id/concept/fossieltype/205|https://data.bodemenondergrond.vlaanderen.be/id/concept/fossieltype/206|https://data.bodemenondergrond.vlaanderen.be/id/concept/fossieltype/207|https://data.bodemenondergrond.vlaanderen.be/id/concept/fossieltype/208|https://data.bodemenondergrond.vlaanderen.be/id/concept/fossieltype/209|https://data.bodemenondergrond.vlaanderen.be/id/concept/fossieltype/20|https://data.bodemenondergrond.vlaanderen.be/id/concept/fossieltype/210|https://data.bodemenondergrond.vlaanderen.be/id/concept/fossieltype/211|https://data.bodemenondergrond.vlaanderen.be/id/concept/fossieltype/212|https://data.bodemenondergrond.vlaanderen.be/id/concept/fossieltype/213|https://data.bodemenondergrond.vlaanderen.be/id/concept/fossieltype/214|https://data.bodemenondergrond.vlaanderen.be/id/concept/fossieltype/215|https://data.bodemenondergrond.vlaanderen.be/id/concept/fossieltype/216|https://data.bodemenondergrond.vlaanderen.be/id/concept/fossieltype/217|https://data.bodemenondergrond.vlaanderen.be/id/concept/fossieltype/218|https://data.bodemenondergrond.vlaanderen.be/id/concept/fossieltype/219|https://data.bodemenondergrond.vlaanderen.be/id/concept/fossieltype/21|https://data.bodemenondergrond.vlaanderen.be/id/concept/fossieltype/220|https://data.bodemenondergrond.vlaanderen.be/id/concept/fossieltype/221|https://data.bodemenondergrond.vlaanderen.be/id/concept/fossieltype/222|https://data.bodemenondergrond.vlaanderen.be/id/concept/fossieltype/223|https://data.bodemenondergrond.vlaanderen.be/id/concept/fossieltype/224|https://data.bodemenondergrond.vlaanderen.be/id/concept/fossieltype/225|https://data.bodemenondergrond.vlaanderen.be/id/concept/fossieltype/226|https://data.bodemenondergrond.vlaanderen.be/id/concept/fossieltype/227|https://data.bodemenondergrond.vlaanderen.be/id/concept/fossieltype/228|https://data.bodemenondergrond.vlaanderen.be/id/concept/fossieltype/22|https://data.bodemenondergrond.vlaanderen.be/id/concept/fossieltype/230|https://data.bodemenondergrond.vlaanderen.be/id/concept/fossieltype/231|https://data.bodemenondergrond.vlaanderen.be/id/concept/fossieltype/232|https://data.bodemenondergrond.vlaanderen.be/id/concept/fossieltype/233|https://data.bodemenondergrond.vlaanderen.be/id/concept/fossieltype/234|https://data.bodemenondergrond.vlaanderen.be/id/concept/fossieltype/235|https://data.bodemenondergrond.vlaanderen.be/id/concept/fossieltype/236|https://data.bodemenondergrond.vlaanderen.be/id/concept/fossieltype/237|https://data.bodemenondergrond.vlaanderen.be/id/concept/fossieltype/238|https://data.bodemenondergrond.vlaanderen.be/id/concept/fossieltype/239|https://data.bodemenondergrond.vlaanderen.be/id/concept/fossieltype/23|https://data.bodemenondergrond.vlaanderen.be/id/concept/fossieltype/240|https://data.bodemenondergrond.vlaanderen.be/id/concept/fossieltype/241|https://data.bodemenondergrond.vlaanderen.be/id/concept/fossieltype/242|https://data.bodemenondergrond.vlaanderen.be/id/concept/fossieltype/243|https://data.bodemenondergrond.vlaanderen.be/id/concept/fossieltype/244|https://data.bodemenondergrond.vlaanderen.be/id/concept/fossieltype/245|https://data.bodemenondergrond.vlaanderen.be/id/concept/fossieltype/246|https://data.bodemenondergrond.vlaanderen.be/id/concept/fossieltype/247|https://data.bodemenondergrond.vlaanderen.be/id/concept/fossieltype/248|https://data.bodemenondergrond.vlaanderen.be/id/concept/fossieltype/249|https://data.bodemenondergrond.vlaanderen.be/id/concept/fossieltype/24|https://data.bodemenondergrond.vlaanderen.be/id/concept/fossieltype/250|https://data.bodemenondergrond.vlaanderen.be/id/concept/fossieltype/251|https://data.bodemenondergrond.vlaanderen.be/id/concept/fossieltype/252|https://data.bodemenondergrond.vlaanderen.be/id/concept/fossieltype/253|https://data.bodemenondergrond.vlaanderen.be/id/concept/fossieltype/254|https://data.bodemenondergrond.vlaanderen.be/id/concept/fossieltype/255|https://data.bodemenondergrond.vlaanderen.be/id/concept/fossieltype/256|https://data.bodemenondergrond.vlaanderen.be/id/concept/fossieltype/257|https://data.bodemenondergrond.vlaanderen.be/id/concept/fossieltype/258|https://data.bodemenondergrond.vlaanderen.be/id/concept/fossieltype/259|https://data.bodemenondergrond.vlaanderen.be/id/concept/fossieltype/25|https://data.bodemenondergrond.vlaanderen.be/id/concept/fossieltype/260|https://data.bodemenondergrond.vlaanderen.be/id/concept/fossieltype/261|https://data.bodemenondergrond.vlaanderen.be/id/concept/fossieltype/262|https://data.bodemenondergrond.vlaanderen.be/id/concept/fossieltype/263|https://data.bodemenondergrond.vlaanderen.be/id/concept/fossieltype/264|https://data.bodemenondergrond.vlaanderen.be/id/concept/fossieltype/265|https://data.bodemenondergrond.vlaanderen.be/id/concept/fossieltype/266|https://data.bodemenondergrond.vlaanderen.be/id/concept/fossieltype/267|https://data.bodemenondergrond.vlaanderen.be/id/concept/fossieltype/268|https://data.bodemenondergrond.vlaanderen.be/id/concept/fossieltype/269|https://data.bodemenondergrond.vlaanderen.be/id/concept/fossieltype/26|https://data.bodemenondergrond.vlaanderen.be/id/concept/fossieltype/270|https://data.bodemenondergrond.vlaanderen.be/id/concept/fossieltype/271|https://data.bodemenondergrond.vlaanderen.be/id/concept/fossieltype/272|https://data.bodemenondergrond.vlaanderen.be/id/concept/fossieltype/273|https://data.bodemenondergrond.vlaanderen.be/id/concept/fossieltype/274|https://data.bodemenondergrond.vlaanderen.be/id/concept/fossieltype/275|https://data.bodemenondergrond.vlaanderen.be/id/concept/fossieltype/276|https://data.bodemenondergrond.vlaanderen.be/id/concept/fossieltype/277|https://data.bodemenondergrond.vlaanderen.be/id/concept/fossieltype/278|https://data.bodemenondergrond.vlaanderen.be/id/concept/fossieltype/279|https://data.bodemenondergrond.vlaanderen.be/id/concept/fossieltype/27|https://data.bodemenondergrond.vlaanderen.be/id/concept/fossieltype/280|https://data.bodemenondergrond.vlaanderen.be/id/concept/fossieltype/281|https://data.bodemenondergrond.vlaanderen.be/id/concept/fossieltype/282|https://data.bodemenondergrond.vlaanderen.be/id/concept/fossieltype/283|https://data.bodemenondergrond.vlaanderen.be/id/concept/fossieltype/284|https://data.bodemenondergrond.vlaanderen.be/id/concept/fossieltype/285|https://data.bodemenondergrond.vlaanderen.be/id/concept/fossieltype/286|https://data.bodemenondergrond.vlaanderen.be/id/concept/fossieltype/287|https://data.bodemenondergrond.vlaanderen.be/id/concept/fossieltype/288|https://data.bodemenondergrond.vlaanderen.be/id/concept/fossieltype/289|https://data.bodemenondergrond.vlaanderen.be/id/concept/fossieltype/28|https://data.bodemenondergrond.vlaanderen.be/id/concept/fossieltype/290|https://data.bodemenondergrond.vlaanderen.be/id/concept/fossieltype/291|https://data.bodemenondergrond.vlaanderen.be/id/concept/fossieltype/292|https://data.bodemenondergrond.vlaanderen.be/id/concept/fossieltype/293|https://data.bodemenondergrond.vlaanderen.be/id/concept/fossieltype/294|https://data.bodemenondergrond.vlaanderen.be/id/concept/fossieltype/295|https://data.bodemenondergrond.vlaanderen.be/id/concept/fossieltype/296|https://data.bodemenondergrond.vlaanderen.be/id/concept/fossieltype/297|https://data.bodemenondergrond.vlaanderen.be/id/concept/fossieltype/298|https://data.bodemenondergrond.vlaanderen.be/id/concept/fossieltype/299|https://data.bodemenondergrond.vlaanderen.be/id/concept/fossieltype/29|https://data.bodemenondergrond.vlaanderen.be/id/concept/fossieltype/2|https://data.bodemenondergrond.vlaanderen.be/id/concept/fossieltype/300|https://data.bodemenondergrond.vlaanderen.be/id/concept/fossieltype/301|https://data.bodemenondergrond.vlaanderen.be/id/concept/fossieltype/302|https://data.bodemenondergrond.vlaanderen.be/id/concept/fossieltype/303|https://data.bodemenondergrond.vlaanderen.be/id/concept/fossieltype/304|https://data.bodemenondergrond.vlaanderen.be/id/concept/fossieltype/305|https://data.bodemenondergrond.vlaanderen.be/id/concept/fossieltype/306|https://data.bodemenondergrond.vlaanderen.be/id/concept/fossieltype/307|https://data.bodemenondergrond.vlaanderen.be/id/concept/fossieltype/308|https://data.bodemenondergrond.vlaanderen.be/id/concept/fossieltype/309|https://data.bodemenondergrond.vlaanderen.be/id/concept/fossieltype/30|https://data.bodemenondergrond.vlaanderen.be/id/concept/fossieltype/310|https://data.bodemenondergrond.vlaanderen.be/id/concept/fossieltype/311|https://data.bodemenondergrond.vlaanderen.be/id/concept/fossieltype/312|https://data.bodemenondergrond.vlaanderen.be/id/concept/fossieltype/313|https://data.bodemenondergrond.vlaanderen.be/id/concept/fossieltype/314|https://data.bodemenondergrond.vlaanderen.be/id/concept/fossieltype/315|https://data.bodemenondergrond.vlaanderen.be/id/concept/fossieltype/316|https://data.bodemenondergrond.vlaanderen.be/id/concept/fossieltype/317|https://data.bodemenondergrond.vlaanderen.be/id/concept/fossieltype/318|https://data.bodemenondergrond.vlaanderen.be/id/concept/fossieltype/319|https://data.bodemenondergrond.vlaanderen.be/id/concept/fossieltype/31|https://data.bodemenondergrond.vlaanderen.be/id/concept/fossieltype/320|https://data.bodemenondergrond.vlaanderen.be/id/concept/fossieltype/321|https://data.bodemenondergrond.vlaanderen.be/id/concept/fossieltype/322|https://data.bodemenondergrond.vlaanderen.be/id/concept/fossieltype/323|https://data.bodemenondergrond.vlaanderen.be/id/concept/fossieltype/324|https://data.bodemenondergrond.vlaanderen.be/id/concept/fossieltype/325|https://data.bodemenondergrond.vlaanderen.be/id/concept/fossieltype/326|https://data.bodemenondergrond.vlaanderen.be/id/concept/fossieltype/327|https://data.bodemenondergrond.vlaanderen.be/id/concept/fossieltype/328|https://data.bodemenondergrond.vlaanderen.be/id/concept/fossieltype/329|https://data.bodemenondergrond.vlaanderen.be/id/concept/fossieltype/32|https://data.bodemenondergrond.vlaanderen.be/id/concept/fossieltype/330|https://data.bodemenondergrond.vlaanderen.be/id/concept/fossieltype/331|https://data.bodemenondergrond.vlaanderen.be/id/concept/fossieltype/332|https://data.bodemenondergrond.vlaanderen.be/id/concept/fossieltype/333|https://data.bodemenondergrond.vlaanderen.be/id/concept/fossieltype/334|https://data.bodemenondergrond.vlaanderen.be/id/concept/fossieltype/335|https://data.bodemenondergrond.vlaanderen.be/id/concept/fossieltype/336|https://data.bodemenondergrond.vlaanderen.be/id/concept/fossieltype/337|https://data.bodemenondergrond.vlaanderen.be/id/concept/fossieltype/338|https://data.bodemenondergrond.vlaanderen.be/id/concept/fossieltype/339|https://data.bodemenondergrond.vlaanderen.be/id/concept/fossieltype/33|https://data.bodemenondergrond.vlaanderen.be/id/concept/fossieltype/340|https://data.bodemenondergrond.vlaanderen.be/id/concept/fossieltype/341|https://data.bodemenondergrond.vlaanderen.be/id/concept/fossieltype/342|https://data.bodemenondergrond.vlaanderen.be/id/concept/fossieltype/343|https://data.bodemenondergrond.vlaanderen.be/id/concept/fossieltype/344|https://data.bodemenondergrond.vlaanderen.be/id/concept/fossieltype/345|https://data.bodemenondergrond.vlaanderen.be/id/concept/fossieltype/346|https://data.bodemenondergrond.vlaanderen.be/id/concept/fossieltype/347|https://data.bodemenondergrond.vlaanderen.be/id/concept/fossieltype/348|https://data.bodemenondergrond.vlaanderen.be/id/concept/fossieltype/349|https://data.bodemenondergrond.vlaanderen.be/id/concept/fossieltype/34|https://data.bodemenondergrond.vlaanderen.be/id/concept/fossieltype/350|https://data.bodemenondergrond.vlaanderen.be/id/concept/fossieltype/351|https://data.bodemenondergrond.vlaanderen.be/id/concept/fossieltype/352|https://data.bodemenondergrond.vlaanderen.be/id/concept/fossieltype/353|https://data.bodemenondergrond.vlaanderen.be/id/concept/fossieltype/354|https://data.bodemenondergrond.vlaanderen.be/id/concept/fossieltype/355|https://data.bodemenondergrond.vlaanderen.be/id/concept/fossieltype/356|https://data.bodemenondergrond.vlaanderen.be/id/concept/fossieltype/357|https://data.bodemenondergrond.vlaanderen.be/id/concept/fossieltype/358|https://data.bodemenondergrond.vlaanderen.be/id/concept/fossieltype/359|https://data.bodemenondergrond.vlaanderen.be/id/concept/fossieltype/35|https://data.bodemenondergrond.vlaanderen.be/id/concept/fossieltype/360|https://data.bodemenondergrond.vlaanderen.be/id/concept/fossieltype/361|https://data.bodemenondergrond.vlaanderen.be/id/concept/fossieltype/362|https://data.bodemenondergrond.vlaanderen.be/id/concept/fossieltype/363|https://data.bodemenondergrond.vlaanderen.be/id/concept/fossieltype/364|https://data.bodemenondergrond.vlaanderen.be/id/concept/fossieltype/365|https://data.bodemenondergrond.vlaanderen.be/id/concept/fossieltype/366|https://data.bodemenondergrond.vlaanderen.be/id/concept/fossieltype/367|https://data.bodemenondergrond.vlaanderen.be/id/concept/fossieltype/368|https://data.bodemenondergrond.vlaanderen.be/id/concept/fossieltype/369|https://data.bodemenondergrond.vlaanderen.be/id/concept/fossieltype/36|https://data.bodemenondergrond.vlaanderen.be/id/concept/fossieltype/370|https://data.bodemenondergrond.vlaanderen.be/id/concept/fossieltype/371|https://data.bodemenondergrond.vlaanderen.be/id/concept/fossieltype/372|https://data.bodemenondergrond.vlaanderen.be/id/concept/fossieltype/373|https://data.bodemenondergrond.vlaanderen.be/id/concept/fossieltype/374|https://data.bodemenondergrond.vlaanderen.be/id/concept/fossieltype/375|https://data.bodemenondergrond.vlaanderen.be/id/concept/fossieltype/376|https://data.bodemenondergrond.vlaanderen.be/id/concept/fossieltype/377|https://data.bodemenondergrond.vlaanderen.be/id/concept/fossieltype/378|https://data.bodemenondergrond.vlaanderen.be/id/concept/fossieltype/379|https://data.bodemenondergrond.vlaanderen.be/id/concept/fossieltype/37|https://data.bodemenondergrond.vlaanderen.be/id/concept/fossieltype/380|https://data.bodemenondergrond.vlaanderen.be/id/concept/fossieltype/381|https://data.bodemenondergrond.vlaanderen.be/id/concept/fossieltype/382|https://data.bodemenondergrond.vlaanderen.be/id/concept/fossieltype/383|https://data.bodemenondergrond.vlaanderen.be/id/concept/fossieltype/384|https://data.bodemenondergrond.vlaanderen.be/id/concept/fossieltype/385|https://data.bodemenondergrond.vlaanderen.be/id/concept/fossieltype/386|https://data.bodemenondergrond.vlaanderen.be/id/concept/fossieltype/387|https://data.bodemenondergrond.vlaanderen.be/id/concept/fossieltype/388|https://data.bodemenondergrond.vlaanderen.be/id/concept/fossieltype/389|https://data.bodemenondergrond.vlaanderen.be/id/concept/fossieltype/38|https://data.bodemenondergrond.vlaanderen.be/id/concept/fossieltype/390|https://data.bodemenondergrond.vlaanderen.be/id/concept/fossieltype/391|https://data.bodemenondergrond.vlaanderen.be/id/concept/fossieltype/392|https://data.bodemenondergrond.vlaanderen.be/id/concept/fossieltype/393|https://data.bodemenondergrond.vlaanderen.be/id/concept/fossieltype/394|https://data.bodemenondergrond.vlaanderen.be/id/concept/fossieltype/395|https://data.bodemenondergrond.vlaanderen.be/id/concept/fossieltype/396|https://data.bodemenondergrond.vlaanderen.be/id/concept/fossieltype/397|https://data.bodemenondergrond.vlaanderen.be/id/concept/fossieltype/398|https://data.bodemenondergrond.vlaanderen.be/id/concept/fossieltype/399|https://data.bodemenondergrond.vlaanderen.be/id/concept/fossieltype/39|https://data.bodemenondergrond.vlaanderen.be/id/concept/fossieltype/3|https://data.bodemenondergrond.vlaanderen.be/id/concept/fossieltype/400|https://data.bodemenondergrond.vlaanderen.be/id/concept/fossieltype/401|https://data.bodemenondergrond.vlaanderen.be/id/concept/fossieltype/402|https://data.bodemenondergrond.vlaanderen.be/id/concept/fossieltype/403|https://data.bodemenondergrond.vlaanderen.be/id/concept/fossieltype/404|https://data.bodemenondergrond.vlaanderen.be/id/concept/fossieltype/405|https://data.bodemenondergrond.vlaanderen.be/id/concept/fossieltype/406|https://data.bodemenondergrond.vlaanderen.be/id/concept/fossieltype/407|https://data.bodemenondergrond.vlaanderen.be/id/concept/fossieltype/409|https://data.bodemenondergrond.vlaanderen.be/id/concept/fossieltype/40|https://data.bodemenondergrond.vlaanderen.be/id/concept/fossieltype/410|https://data.bodemenondergrond.vlaanderen.be/id/concept/fossieltype/411|https://data.bodemenondergrond.vlaanderen.be/id/concept/fossieltype/412|https://data.bodemenondergrond.vlaanderen.be/id/concept/fossieltype/413|https://data.bodemenondergrond.vlaanderen.be/id/concept/fossieltype/414|https://data.bodemenondergrond.vlaanderen.be/id/concept/fossieltype/415|https://data.bodemenondergrond.vlaanderen.be/id/concept/fossieltype/416|https://data.bodemenondergrond.vlaanderen.be/id/concept/fossieltype/417|https://data.bodemenondergrond.vlaanderen.be/id/concept/fossieltype/418|https://data.bodemenondergrond.vlaanderen.be/id/concept/fossieltype/419|https://data.bodemenondergrond.vlaanderen.be/id/concept/fossieltype/41|https://data.bodemenondergrond.vlaanderen.be/id/concept/fossieltype/420|https://data.bodemenondergrond.vlaanderen.be/id/concept/fossieltype/421|https://data.bodemenondergrond.vlaanderen.be/id/concept/fossieltype/422|https://data.bodemenondergrond.vlaanderen.be/id/concept/fossieltype/423|https://data.bodemenondergrond.vlaanderen.be/id/concept/fossieltype/424|https://data.bodemenondergrond.vlaanderen.be/id/concept/fossieltype/425|https://data.bodemenondergrond.vlaanderen.be/id/concept/fossieltype/426|https://data.bodemenondergrond.vlaanderen.be/id/concept/fossieltype/427|https://data.bodemenondergrond.vlaanderen.be/id/concept/fossieltype/428|https://data.bodemenondergrond.vlaanderen.be/id/concept/fossieltype/429|https://data.bodemenondergrond.vlaanderen.be/id/concept/fossieltype/42|https://data.bodemenondergrond.vlaanderen.be/id/concept/fossieltype/430|https://data.bodemenondergrond.vlaanderen.be/id/concept/fossieltype/431|https://data.bodemenondergrond.vlaanderen.be/id/concept/fossieltype/432|https://data.bodemenondergrond.vlaanderen.be/id/concept/fossieltype/433|https://data.bodemenondergrond.vlaanderen.be/id/concept/fossieltype/434|https://data.bodemenondergrond.vlaanderen.be/id/concept/fossieltype/435|https://data.bodemenondergrond.vlaanderen.be/id/concept/fossieltype/436|https://data.bodemenondergrond.vlaanderen.be/id/concept/fossieltype/437|https://data.bodemenondergrond.vlaanderen.be/id/concept/fossieltype/438|https://data.bodemenondergrond.vlaanderen.be/id/concept/fossieltype/439|https://data.bodemenondergrond.vlaanderen.be/id/concept/fossieltype/43|https://data.bodemenondergrond.vlaanderen.be/id/concept/fossieltype/440|https://data.bodemenondergrond.vlaanderen.be/id/concept/fossieltype/441|https://data.bodemenondergrond.vlaanderen.be/id/concept/fossieltype/442|https://data.bodemenondergrond.vlaanderen.be/id/concept/fossieltype/443|https://data.bodemenondergrond.vlaanderen.be/id/concept/fossieltype/444|https://data.bodemenondergrond.vlaanderen.be/id/concept/fossieltype/445|https://data.bodemenondergrond.vlaanderen.be/id/concept/fossieltype/446|https://data.bodemenondergrond.vlaanderen.be/id/concept/fossieltype/447|https://data.bodemenondergrond.vlaanderen.be/id/concept/fossieltype/448|https://data.bodemenondergrond.vlaanderen.be/id/concept/fossieltype/44|https://data.bodemenondergrond.vlaanderen.be/id/concept/fossieltype/450|https://data.bodemenondergrond.vlaanderen.be/id/concept/fossieltype/451|https://data.bodemenondergrond.vlaanderen.be/id/concept/fossieltype/453|https://data.bodemenondergrond.vlaanderen.be/id/concept/fossieltype/454|https://data.bodemenondergrond.vlaanderen.be/id/concept/fossieltype/455|https://data.bodemenondergrond.vlaanderen.be/id/concept/fossieltype/456|https://data.bodemenondergrond.vlaanderen.be/id/concept/fossieltype/457|https://data.bodemenondergrond.vlaanderen.be/id/concept/fossieltype/45|https://data.bodemenondergrond.vlaanderen.be/id/concept/fossieltype/460|https://data.bodemenondergrond.vlaanderen.be/id/concept/fossieltype/461|https://data.bodemenondergrond.vlaanderen.be/id/concept/fossieltype/462|https://data.bodemenondergrond.vlaanderen.be/id/concept/fossieltype/463|https://data.bodemenondergrond.vlaanderen.be/id/concept/fossieltype/464|https://data.bodemenondergrond.vlaanderen.be/id/concept/fossieltype/465|https://data.bodemenondergrond.vlaanderen.be/id/concept/fossieltype/466|https://data.bodemenondergrond.vlaanderen.be/id/concept/fossieltype/467|https://data.bodemenondergrond.vlaanderen.be/id/concept/fossieltype/468|https://data.bodemenondergrond.vlaanderen.be/id/concept/fossieltype/46|https://data.bodemenondergrond.vlaanderen.be/id/concept/fossieltype/470|https://data.bodemenondergrond.vlaanderen.be/id/concept/fossieltype/471|https://data.bodemenondergrond.vlaanderen.be/id/concept/fossieltype/472|https://data.bodemenondergrond.vlaanderen.be/id/concept/fossieltype/473|https://data.bodemenondergrond.vlaanderen.be/id/concept/fossieltype/474|https://data.bodemenondergrond.vlaanderen.be/id/concept/fossieltype/475|https://data.bodemenondergrond.vlaanderen.be/id/concept/fossieltype/476|https://data.bodemenondergrond.vlaanderen.be/id/concept/fossieltype/477|https://data.bodemenondergrond.vlaanderen.be/id/concept/fossieltype/478|https://data.bodemenondergrond.vlaanderen.be/id/concept/fossieltype/479|https://data.bodemenondergrond.vlaanderen.be/id/concept/fossieltype/47|https://data.bodemenondergrond.vlaanderen.be/id/concept/fossieltype/480|https://data.bodemenondergrond.vlaanderen.be/id/concept/fossieltype/481|https://data.bodemenondergrond.vlaanderen.be/id/concept/fossieltype/483|https://data.bodemenondergrond.vlaanderen.be/id/concept/fossieltype/484|https://data.bodemenondergrond.vlaanderen.be/id/concept/fossieltype/485|https://data.bodemenondergrond.vlaanderen.be/id/concept/fossieltype/486|https://data.bodemenondergrond.vlaanderen.be/id/concept/fossieltype/487|https://data.bodemenondergrond.vlaanderen.be/id/concept/fossieltype/488|https://data.bodemenondergrond.vlaanderen.be/id/concept/fossieltype/489|https://data.bodemenondergrond.vlaanderen.be/id/concept/fossieltype/48|https://data.bodemenondergrond.vlaanderen.be/id/concept/fossieltype/490|https://data.bodemenondergrond.vlaanderen.be/id/concept/fossieltype/494|https://data.bodemenondergrond.vlaanderen.be/id/concept/fossieltype/496|https://data.bodemenondergrond.vlaanderen.be/id/concept/fossieltype/497|https://data.bodemenondergrond.vlaanderen.be/id/concept/fossieltype/498|https://data.bodemenondergrond.vlaanderen.be/id/concept/fossieltype/499|https://data.bodemenondergrond.vlaanderen.be/id/concept/fossieltype/49|https://data.bodemenondergrond.vlaanderen.be/id/concept/fossieltype/4|https://data.bodemenondergrond.vlaanderen.be/id/concept/fossieltype/500|https://data.bodemenondergrond.vlaanderen.be/id/concept/fossieltype/501|https://data.bodemenondergrond.vlaanderen.be/id/concept/fossieltype/502|https://data.bodemenondergrond.vlaanderen.be/id/concept/fossieltype/503|https://data.bodemenondergrond.vlaanderen.be/id/concept/fossieltype/504|https://data.bodemenondergrond.vlaanderen.be/id/concept/fossieltype/505|https://data.bodemenondergrond.vlaanderen.be/id/concept/fossieltype/506|https://data.bodemenondergrond.vlaanderen.be/id/concept/fossieltype/507|https://data.bodemenondergrond.vlaanderen.be/id/concept/fossieltype/508|https://data.bodemenondergrond.vlaanderen.be/id/concept/fossieltype/509|https://data.bodemenondergrond.vlaanderen.be/id/concept/fossieltype/50|https://data.bodemenondergrond.vlaanderen.be/id/concept/fossieltype/510|https://data.bodemenondergrond.vlaanderen.be/id/concept/fossieltype/512|https://data.bodemenondergrond.vlaanderen.be/id/concept/fossieltype/513|https://data.bodemenondergrond.vlaanderen.be/id/concept/fossieltype/514|https://data.bodemenondergrond.vlaanderen.be/id/concept/fossieltype/515|https://data.bodemenondergrond.vlaanderen.be/id/concept/fossieltype/516|https://data.bodemenondergrond.vlaanderen.be/id/concept/fossieltype/517|https://data.bodemenondergrond.vlaanderen.be/id/concept/fossieltype/518|https://data.bodemenondergrond.vlaanderen.be/id/concept/fossieltype/519|https://data.bodemenondergrond.vlaanderen.be/id/concept/fossieltype/51|https://data.bodemenondergrond.vlaanderen.be/id/concept/fossieltype/520|https://data.bodemenondergrond.vlaanderen.be/id/concept/fossieltype/521|https://data.bodemenondergrond.vlaanderen.be/id/concept/fossieltype/522|https://data.bodemenondergrond.vlaanderen.be/id/concept/fossieltype/523|https://data.bodemenondergrond.vlaanderen.be/id/concept/fossieltype/524|https://data.bodemenondergrond.vlaanderen.be/id/concept/fossieltype/525|https://data.bodemenondergrond.vlaanderen.be/id/concept/fossieltype/526|https://data.bodemenondergrond.vlaanderen.be/id/concept/fossieltype/528|https://data.bodemenondergrond.vlaanderen.be/id/concept/fossieltype/52|https://data.bodemenondergrond.vlaanderen.be/id/concept/fossieltype/530|https://data.bodemenondergrond.vlaanderen.be/id/concept/fossieltype/531|https://data.bodemenondergrond.vlaanderen.be/id/concept/fossieltype/533|https://data.bodemenondergrond.vlaanderen.be/id/concept/fossieltype/534|https://data.bodemenondergrond.vlaanderen.be/id/concept/fossieltype/535|https://data.bodemenondergrond.vlaanderen.be/id/concept/fossieltype/537|https://data.bodemenondergrond.vlaanderen.be/id/concept/fossieltype/538|https://data.bodemenondergrond.vlaanderen.be/id/concept/fossieltype/53|https://data.bodemenondergrond.vlaanderen.be/id/concept/fossieltype/540|https://data.bodemenondergrond.vlaanderen.be/id/concept/fossieltype/541|https://data.bodemenondergrond.vlaanderen.be/id/concept/fossieltype/544|https://data.bodemenondergrond.vlaanderen.be/id/concept/fossieltype/545|https://data.bodemenondergrond.vlaanderen.be/id/concept/fossieltype/546|https://data.bodemenondergrond.vlaanderen.be/id/concept/fossieltype/547|https://data.bodemenondergrond.vlaanderen.be/id/concept/fossieltype/548|https://data.bodemenondergrond.vlaanderen.be/id/concept/fossieltype/54|https://data.bodemenondergrond.vlaanderen.be/id/concept/fossieltype/552|https://data.bodemenondergrond.vlaanderen.be/id/concept/fossieltype/553|https://data.bodemenondergrond.vlaanderen.be/id/concept/fossieltype/554|https://data.bodemenondergrond.vlaanderen.be/id/concept/fossieltype/555|https://data.bodemenondergrond.vlaanderen.be/id/concept/fossieltype/556|https://data.bodemenondergrond.vlaanderen.be/id/concept/fossieltype/557|https://data.bodemenondergrond.vlaanderen.be/id/concept/fossieltype/558|https://data.bodemenondergrond.vlaanderen.be/id/concept/fossieltype/559|https://data.bodemenondergrond.vlaanderen.be/id/concept/fossieltype/55|https://data.bodemenondergrond.vlaanderen.be/id/concept/fossieltype/560|https://data.bodemenondergrond.vlaanderen.be/id/concept/fossieltype/561|https://data.bodemenondergrond.vlaanderen.be/id/concept/fossieltype/562|https://data.bodemenondergrond.vlaanderen.be/id/concept/fossieltype/563|https://data.bodemenondergrond.vlaanderen.be/id/concept/fossieltype/564|https://data.bodemenondergrond.vlaanderen.be/id/concept/fossieltype/566|https://data.bodemenondergrond.vlaanderen.be/id/concept/fossieltype/567|https://data.bodemenondergrond.vlaanderen.be/id/concept/fossieltype/568|https://data.bodemenondergrond.vlaanderen.be/id/concept/fossieltype/569|https://data.bodemenondergrond.vlaanderen.be/id/concept/fossieltype/56|https://data.bodemenondergrond.vlaanderen.be/id/concept/fossieltype/570|https://data.bodemenondergrond.vlaanderen.be/id/concept/fossieltype/571|https://data.bodemenondergrond.vlaanderen.be/id/concept/fossieltype/572|https://data.bodemenondergrond.vlaanderen.be/id/concept/fossieltype/573|https://data.bodemenondergrond.vlaanderen.be/id/concept/fossieltype/574|https://data.bodemenondergrond.vlaanderen.be/id/concept/fossieltype/575|https://data.bodemenondergrond.vlaanderen.be/id/concept/fossieltype/576|https://data.bodemenondergrond.vlaanderen.be/id/concept/fossieltype/577|https://data.bodemenondergrond.vlaanderen.be/id/concept/fossieltype/578|https://data.bodemenondergrond.vlaanderen.be/id/concept/fossieltype/579|https://data.bodemenondergrond.vlaanderen.be/id/concept/fossieltype/57|https://data.bodemenondergrond.vlaanderen.be/id/concept/fossieltype/580|https://data.bodemenondergrond.vlaanderen.be/id/concept/fossieltype/581|https://data.bodemenondergrond.vlaanderen.be/id/concept/fossieltype/582|https://data.bodemenondergrond.vlaanderen.be/id/concept/fossieltype/583|https://data.bodemenondergrond.vlaanderen.be/id/concept/fossieltype/584|https://data.bodemenondergrond.vlaanderen.be/id/concept/fossieltype/585|https://data.bodemenondergrond.vlaanderen.be/id/concept/fossieltype/587|https://data.bodemenondergrond.vlaanderen.be/id/concept/fossieltype/588|https://data.bodemenondergrond.vlaanderen.be/id/concept/fossieltype/589|https://data.bodemenondergrond.vlaanderen.be/id/concept/fossieltype/58|https://data.bodemenondergrond.vlaanderen.be/id/concept/fossieltype/590|https://data.bodemenondergrond.vlaanderen.be/id/concept/fossieltype/591|https://data.bodemenondergrond.vlaanderen.be/id/concept/fossieltype/592|https://data.bodemenondergrond.vlaanderen.be/id/concept/fossieltype/593|https://data.bodemenondergrond.vlaanderen.be/id/concept/fossieltype/594|https://data.bodemenondergrond.vlaanderen.be/id/concept/fossieltype/595|https://data.bodemenondergrond.vlaanderen.be/id/concept/fossieltype/596|https://data.bodemenondergrond.vlaanderen.be/id/concept/fossieltype/597|https://data.bodemenondergrond.vlaanderen.be/id/concept/fossieltype/598|https://data.bodemenondergrond.vlaanderen.be/id/concept/fossieltype/599|https://data.bodemenondergrond.vlaanderen.be/id/concept/fossieltype/59|https://data.bodemenondergrond.vlaanderen.be/id/concept/fossieltype/5|https://data.bodemenondergrond.vlaanderen.be/id/concept/fossieltype/600|https://data.bodemenondergrond.vlaanderen.be/id/concept/fossieltype/601|https://data.bodemenondergrond.vlaanderen.be/id/concept/fossieltype/602|https://data.bodemenondergrond.vlaanderen.be/id/concept/fossieltype/603|https://data.bodemenondergrond.vlaanderen.be/id/concept/fossieltype/604|https://data.bodemenondergrond.vlaanderen.be/id/concept/fossieltype/605|https://data.bodemenondergrond.vlaanderen.be/id/concept/fossieltype/606|https://data.bodemenondergrond.vlaanderen.be/id/concept/fossieltype/607|https://data.bodemenondergrond.vlaanderen.be/id/concept/fossieltype/608|https://data.bodemenondergrond.vlaanderen.be/id/concept/fossieltype/609|https://data.bodemenondergrond.vlaanderen.be/id/concept/fossieltype/60|https://data.bodemenondergrond.vlaanderen.be/id/concept/fossieltype/610|https://data.bodemenondergrond.vlaanderen.be/id/concept/fossieltype/611|https://data.bodemenondergrond.vlaanderen.be/id/concept/fossieltype/612|https://data.bodemenondergrond.vlaanderen.be/id/concept/fossieltype/613|https://data.bodemenondergrond.vlaanderen.be/id/concept/fossieltype/614|https://data.bodemenondergrond.vlaanderen.be/id/concept/fossieltype/615|https://data.bodemenondergrond.vlaanderen.be/id/concept/fossieltype/616|https://data.bodemenondergrond.vlaanderen.be/id/concept/fossieltype/617|https://data.bodemenondergrond.vlaanderen.be/id/concept/fossieltype/618|https://data.bodemenondergrond.vlaanderen.be/id/concept/fossieltype/619|https://data.bodemenondergrond.vlaanderen.be/id/concept/fossieltype/61|https://data.bodemenondergrond.vlaanderen.be/id/concept/fossieltype/620|https://data.bodemenondergrond.vlaanderen.be/id/concept/fossieltype/621|https://data.bodemenondergrond.vlaanderen.be/id/concept/fossieltype/622|https://data.bodemenondergrond.vlaanderen.be/id/concept/fossieltype/623|https://data.bodemenondergrond.vlaanderen.be/id/concept/fossieltype/624|https://data.bodemenondergrond.vlaanderen.be/id/concept/fossieltype/625|https://data.bodemenondergrond.vlaanderen.be/id/concept/fossieltype/626|https://data.bodemenondergrond.vlaanderen.be/id/concept/fossieltype/627|https://data.bodemenondergrond.vlaanderen.be/id/concept/fossieltype/628|https://data.bodemenondergrond.vlaanderen.be/id/concept/fossieltype/629|https://data.bodemenondergrond.vlaanderen.be/id/concept/fossieltype/62|https://data.bodemenondergrond.vlaanderen.be/id/concept/fossieltype/630|https://data.bodemenondergrond.vlaanderen.be/id/concept/fossieltype/631|https://data.bodemenondergrond.vlaanderen.be/id/concept/fossieltype/632|https://data.bodemenondergrond.vlaanderen.be/id/concept/fossieltype/633|https://data.bodemenondergrond.vlaanderen.be/id/concept/fossieltype/634|https://data.bodemenondergrond.vlaanderen.be/id/concept/fossieltype/635|https://data.bodemenondergrond.vlaanderen.be/id/concept/fossieltype/636|https://data.bodemenondergrond.vlaanderen.be/id/concept/fossieltype/637|https://data.bodemenondergrond.vlaanderen.be/id/concept/fossieltype/638|https://data.bodemenondergrond.vlaanderen.be/id/concept/fossieltype/639|https://data.bodemenondergrond.vlaanderen.be/id/concept/fossieltype/63|https://data.bodemenondergrond.vlaanderen.be/id/concept/fossieltype/640|https://data.bodemenondergrond.vlaanderen.be/id/concept/fossieltype/641|https://data.bodemenondergrond.vlaanderen.be/id/concept/fossieltype/642|https://data.bodemenondergrond.vlaanderen.be/id/concept/fossieltype/643|https://data.bodemenondergrond.vlaanderen.be/id/concept/fossieltype/644|https://data.bodemenondergrond.vlaanderen.be/id/concept/fossieltype/645|https://data.bodemenondergrond.vlaanderen.be/id/concept/fossieltype/646|https://data.bodemenondergrond.vlaanderen.be/id/concept/fossieltype/647|https://data.bodemenondergrond.vlaanderen.be/id/concept/fossieltype/648|https://data.bodemenondergrond.vlaanderen.be/id/concept/fossieltype/649|https://data.bodemenondergrond.vlaanderen.be/id/concept/fossieltype/64|https://data.bodemenondergrond.vlaanderen.be/id/concept/fossieltype/650|https://data.bodemenondergrond.vlaanderen.be/id/concept/fossieltype/651|https://data.bodemenondergrond.vlaanderen.be/id/concept/fossieltype/652|https://data.bodemenondergrond.vlaanderen.be/id/concept/fossieltype/653|https://data.bodemenondergrond.vlaanderen.be/id/concept/fossieltype/654|https://data.bodemenondergrond.vlaanderen.be/id/concept/fossieltype/655|https://data.bodemenondergrond.vlaanderen.be/id/concept/fossieltype/656|https://data.bodemenondergrond.vlaanderen.be/id/concept/fossieltype/657|https://data.bodemenondergrond.vlaanderen.be/id/concept/fossieltype/658|https://data.bodemenondergrond.vlaanderen.be/id/concept/fossieltype/659|https://data.bodemenondergrond.vlaanderen.be/id/concept/fossieltype/65|https://data.bodemenondergrond.vlaanderen.be/id/concept/fossieltype/660|https://data.bodemenondergrond.vlaanderen.be/id/concept/fossieltype/661|https://data.bodemenondergrond.vlaanderen.be/id/concept/fossieltype/662|https://data.bodemenondergrond.vlaanderen.be/id/concept/fossieltype/663|https://data.bodemenondergrond.vlaanderen.be/id/concept/fossieltype/664|https://data.bodemenondergrond.vlaanderen.be/id/concept/fossieltype/665|https://data.bodemenondergrond.vlaanderen.be/id/concept/fossieltype/666|https://data.bodemenondergrond.vlaanderen.be/id/concept/fossieltype/667|https://data.bodemenondergrond.vlaanderen.be/id/concept/fossieltype/668|https://data.bodemenondergrond.vlaanderen.be/id/concept/fossieltype/669|https://data.bodemenondergrond.vlaanderen.be/id/concept/fossieltype/66|https://data.bodemenondergrond.vlaanderen.be/id/concept/fossieltype/670|https://data.bodemenondergrond.vlaanderen.be/id/concept/fossieltype/671|https://data.bodemenondergrond.vlaanderen.be/id/concept/fossieltype/672|https://data.bodemenondergrond.vlaanderen.be/id/concept/fossieltype/673|https://data.bodemenondergrond.vlaanderen.be/id/concept/fossieltype/674|https://data.bodemenondergrond.vlaanderen.be/id/concept/fossieltype/675|https://data.bodemenondergrond.vlaanderen.be/id/concept/fossieltype/676|https://data.bodemenondergrond.vlaanderen.be/id/concept/fossieltype/677|https://data.bodemenondergrond.vlaanderen.be/id/concept/fossieltype/678|https://data.bodemenondergrond.vlaanderen.be/id/concept/fossieltype/679|https://data.bodemenondergrond.vlaanderen.be/id/concept/fossieltype/67|https://data.bodemenondergrond.vlaanderen.be/id/concept/fossieltype/680|https://data.bodemenondergrond.vlaanderen.be/id/concept/fossieltype/681|https://data.bodemenondergrond.vlaanderen.be/id/concept/fossieltype/682|https://data.bodemenondergrond.vlaanderen.be/id/concept/fossieltype/683|https://data.bodemenondergrond.vlaanderen.be/id/concept/fossieltype/684|https://data.bodemenondergrond.vlaanderen.be/id/concept/fossieltype/685|https://data.bodemenondergrond.vlaanderen.be/id/concept/fossieltype/686|https://data.bodemenondergrond.vlaanderen.be/id/concept/fossieltype/687|https://data.bodemenondergrond.vlaanderen.be/id/concept/fossieltype/68|https://data.bodemenondergrond.vlaanderen.be/id/concept/fossieltype/69|https://data.bodemenondergrond.vlaanderen.be/id/concept/fossieltype/6|https://data.bodemenondergrond.vlaanderen.be/id/concept/fossieltype/70|https://data.bodemenondergrond.vlaanderen.be/id/concept/fossieltype/71|https://data.bodemenondergrond.vlaanderen.be/id/concept/fossieltype/72|https://data.bodemenondergrond.vlaanderen.be/id/concept/fossieltype/73|https://data.bodemenondergrond.vlaanderen.be/id/concept/fossieltype/74|https://data.bodemenondergrond.vlaanderen.be/id/concept/fossieltype/75|https://data.bodemenondergrond.vlaanderen.be/id/concept/fossieltype/76|https://data.bodemenondergrond.vlaanderen.be/id/concept/fossieltype/77|https://data.bodemenondergrond.vlaanderen.be/id/concept/fossieltype/78|https://data.bodemenondergrond.vlaanderen.be/id/concept/fossieltype/79|https://data.bodemenondergrond.vlaanderen.be/id/concept/fossieltype/7|https://data.bodemenondergrond.vlaanderen.be/id/concept/fossieltype/80|https://data.bodemenondergrond.vlaanderen.be/id/concept/fossieltype/81|https://data.bodemenondergrond.vlaanderen.be/id/concept/fossieltype/82|https://data.bodemenondergrond.vlaanderen.be/id/concept/fossieltype/83|https://data.bodemenondergrond.vlaanderen.be/id/concept/fossieltype/84|https://data.bodemenondergrond.vlaanderen.be/id/concept/fossieltype/85|https://data.bodemenondergrond.vlaanderen.be/id/concept/fossieltype/86|https://data.bodemenondergrond.vlaanderen.be/id/concept/fossieltype/87|https://data.bodemenondergrond.vlaanderen.be/id/concept/fossieltype/88|https://data.bodemenondergrond.vlaanderen.be/id/concept/fossieltype/89|https://data.bodemenondergrond.vlaanderen.be/id/concept/fossieltype/8|https://data.bodemenondergrond.vlaanderen.be/id/concept/fossieltype/90|https://data.bodemenondergrond.vlaanderen.be/id/concept/fossieltype/91|https://data.bodemenondergrond.vlaanderen.be/id/concept/fossieltype/92|https://data.bodemenondergrond.vlaanderen.be/id/concept/fossieltype/93|https://data.bodemenondergrond.vlaanderen.be/id/concept/fossieltype/94|https://data.bodemenondergrond.vlaanderen.be/id/concept/fossieltype/95|https://data.bodemenondergrond.vlaanderen.be/id/concept/fossieltype/96|https://data.bodemenondergrond.vlaanderen.be/id/concept/fossieltype/97|https://data.bodemenondergrond.vlaanderen.be/id/concept/fossieltype/98|https://data.bodemenondergrond.vlaanderen.be/id/concept/fossieltype/99|https://data.bodemenondergrond.vlaanderen.be/id/concept/fossieltype/9