uri,dc.identifier,notation,prefLabel,definition,note,inScheme,topConceptOf
conceptscheme:fossieltype,be.vlaanderen.bodemenondergrond.data.id.conceptscheme.fossieltype,,Lijst van fossieltypes,,,,
concept:-1,be.vlaanderen.bodemenondergrond.data.id.concept.fossieltype.-1,-1,onbepaald,onbepaald,onbepaald,conceptscheme:fossieltype,conceptscheme:fossieltype
concept:0,be.vlaanderen.bodemenondergrond.data.id.concept.fossieltype.0,0,onbepaalde fauna,onbepaalde fauna / dierlijke resten,fauna,conceptscheme:fossieltype,conceptscheme:fossieltype
concept:1,be.vlaanderen.bodemenondergrond.data.id.concept.fossieltype.1,1,onbepaalde flora / plantenresten,onbepaalde flora / plantenresten,flora,conceptscheme:fossieltype,conceptscheme:fossieltype
concept:2,be.vlaanderen.bodemenondergrond.data.id.concept.fossieltype.2,2,onbepaald ichnofossiel,onbepaald ichnofossiel / sporenfossiel,ichnofossiel,conceptscheme:fossieltype,conceptscheme:fossieltype
concept:3,be.vlaanderen.bodemenondergrond.data.id.concept.fossieltype.3,3,Spirorbis sp.,Spirorbis sp.,fauna,conceptscheme:fossieltype,conceptscheme:fossieltype
concept:4,be.vlaanderen.bodemenondergrond.data.id.concept.fossieltype.4,4,Lingula sp.,Lingula sp.,fauna,conceptscheme:fossieltype,conceptscheme:fossieltype
concept:5,be.vlaanderen.bodemenondergrond.data.id.concept.fossieltype.5,5,Carbonicola sp.,Carbonicola sp.,zoetwaterfauna,conceptscheme:fossieltype,conceptscheme:fossieltype
concept:6,be.vlaanderen.bodemenondergrond.data.id.concept.fossieltype.6,6,Anthracosia sp.,Anthracosia sp.,zoetwaterfauna,conceptscheme:fossieltype,conceptscheme:fossieltype
concept:7,be.vlaanderen.bodemenondergrond.data.id.concept.fossieltype.7,7,Anthracosphaerum sp.,Anthracosphaerum sp.,onbepaald,conceptscheme:fossieltype,conceptscheme:fossieltype
concept:8,be.vlaanderen.bodemenondergrond.data.id.concept.fossieltype.8,8,Anthracomya sp.,Anthracomya sp.,zoetwaterfauna,conceptscheme:fossieltype,conceptscheme:fossieltype
concept:9,be.vlaanderen.bodemenondergrond.data.id.concept.fossieltype.9,9,Anthraconaia sp.,Anthraconaia sp.,brakwaterfauna,conceptscheme:fossieltype,conceptscheme:fossieltype
concept:10,be.vlaanderen.bodemenondergrond.data.id.concept.fossieltype.10,10,Anthraconauta sp.,Anthraconauta sp.,zoetwaterfauna,conceptscheme:fossieltype,conceptscheme:fossieltype
concept:11,be.vlaanderen.bodemenondergrond.data.id.concept.fossieltype.11,11,Curvirimula sp.,Curvirimula sp.,brakwaterfauna,conceptscheme:fossieltype,conceptscheme:fossieltype
concept:12,be.vlaanderen.bodemenondergrond.data.id.concept.fossieltype.12,12,Naiadites sp.,Naiadites sp.,brakwaterfauna,conceptscheme:fossieltype,conceptscheme:fossieltype
concept:13,be.vlaanderen.bodemenondergrond.data.id.concept.fossieltype.13,13,Cyzicus (Estheria) sp.,Cyzicus (Estheria) sp.,mariene fauna,conceptscheme:fossieltype,conceptscheme:fossieltype
concept:14,be.vlaanderen.bodemenondergrond.data.id.concept.fossieltype.14,14,Leaia sp.,Leaia sp.,mariene fauna,conceptscheme:fossieltype,conceptscheme:fossieltype
concept:15,be.vlaanderen.bodemenondergrond.data.id.concept.fossieltype.15,15,ostracoden,Ostracoden (mosselkreeftjes),fauna,conceptscheme:fossieltype,conceptscheme:fossieltype
concept:16,be.vlaanderen.bodemenondergrond.data.id.concept.fossieltype.16,16,Geisina sp.,Geisina sp.,brakwaterfauna,conceptscheme:fossieltype,conceptscheme:fossieltype
concept:17,be.vlaanderen.bodemenondergrond.data.id.concept.fossieltype.17,17,visresten,visresten,fauna,conceptscheme:fossieltype,conceptscheme:fossieltype
concept:18,be.vlaanderen.bodemenondergrond.data.id.concept.fossieltype.18,18,Alethopteris sp.,Alethopteris sp.,flora,conceptscheme:fossieltype,conceptscheme:fossieltype
concept:19,be.vlaanderen.bodemenondergrond.data.id.concept.fossieltype.19,19,Annularia sp.,Annularia sp.,flora,conceptscheme:fossieltype,conceptscheme:fossieltype
concept:20,be.vlaanderen.bodemenondergrond.data.id.concept.fossieltype.20,20,Asterophyllites sp.,Asterophyllites sp.,flora,conceptscheme:fossieltype,conceptscheme:fossieltype
concept:21,be.vlaanderen.bodemenondergrond.data.id.concept.fossieltype.21,21,Aulacopteris sp.,Aulacopteris sp.,flora,conceptscheme:fossieltype,conceptscheme:fossieltype
concept:22,be.vlaanderen.bodemenondergrond.data.id.concept.fossieltype.22,22,Bothrodendron sp.,Bothrodendron sp.,flora,conceptscheme:fossieltype,conceptscheme:fossieltype
concept:23,be.vlaanderen.bodemenondergrond.data.id.concept.fossieltype.23,23,Bothrostrobus sp.,Bothrostrobus sp.,flora,conceptscheme:fossieltype,conceptscheme:fossieltype
concept:24,be.vlaanderen.bodemenondergrond.data.id.concept.fossieltype.24,24,Calamites sp.,Calamites sp.,flora,conceptscheme:fossieltype,conceptscheme:fossieltype
concept:25,be.vlaanderen.bodemenondergrond.data.id.concept.fossieltype.25,25,Calamostachys sp.,Calamostachys sp.,flora,conceptscheme:fossieltype,conceptscheme:fossieltype
concept:26,be.vlaanderen.bodemenondergrond.data.id.concept.fossieltype.26,26,Cordaites sp.,Cordaites sp.,flora,conceptscheme:fossieltype,conceptscheme:fossieltype
concept:27,be.vlaanderen.bodemenondergrond.data.id.concept.fossieltype.27,27,Cyclopteris sp.,Cyclopteris sp.,flora,conceptscheme:fossieltype,conceptscheme:fossieltype
concept:28,be.vlaanderen.bodemenondergrond.data.id.concept.fossieltype.28,28,Diplotmema sp.,Diplotmema sp.,flora,conceptscheme:fossieltype,conceptscheme:fossieltype
concept:29,be.vlaanderen.bodemenondergrond.data.id.concept.fossieltype.29,29,losse bladeren,losse bladeren,flora,conceptscheme:fossieltype,conceptscheme:fossieltype
concept:30,be.vlaanderen.bodemenondergrond.data.id.concept.fossieltype.30,30,zaden,zaden,flora,conceptscheme:fossieltype,conceptscheme:fossieltype
concept:31,be.vlaanderen.bodemenondergrond.data.id.concept.fossieltype.31,31,Lepidodendron sp.,Lepidodendron sp.,flora,conceptscheme:fossieltype,conceptscheme:fossieltype
concept:32,be.vlaanderen.bodemenondergrond.data.id.concept.fossieltype.32,32,Lepidophyllum sp.,Lepidophyllum sp.,flora,conceptscheme:fossieltype,conceptscheme:fossieltype
concept:33,be.vlaanderen.bodemenondergrond.data.id.concept.fossieltype.33,33,Lepidostrobus sp.,Lepidostrobus sp.,flora,conceptscheme:fossieltype,conceptscheme:fossieltype
concept:34,be.vlaanderen.bodemenondergrond.data.id.concept.fossieltype.34,34,Linopteris sp.,Linopteris sp.,flora,conceptscheme:fossieltype,conceptscheme:fossieltype
concept:35,be.vlaanderen.bodemenondergrond.data.id.concept.fossieltype.35,35,Lonchopteris sp.,Lonchopteris sp.,flora,conceptscheme:fossieltype,conceptscheme:fossieltype
concept:36,be.vlaanderen.bodemenondergrond.data.id.concept.fossieltype.36,36,Mariopteris sp.,Mariopteris sp.,flora,conceptscheme:fossieltype,conceptscheme:fossieltype
concept:37,be.vlaanderen.bodemenondergrond.data.id.concept.fossieltype.37,37,Neuropteris sp.,Neuropteris sp.,flora,conceptscheme:fossieltype,conceptscheme:fossieltype
concept:38,be.vlaanderen.bodemenondergrond.data.id.concept.fossieltype.38,38,Pecopteris sp.,Pecopteris sp.,flora,conceptscheme:fossieltype,conceptscheme:fossieltype
concept:39,be.vlaanderen.bodemenondergrond.data.id.concept.fossieltype.39,39,Pinnularia sp.,Pinnularia sp.,flora,conceptscheme:fossieltype,conceptscheme:fossieltype
concept:40,be.vlaanderen.bodemenondergrond.data.id.concept.fossieltype.40,40,Radicites sp.,Radicites sp.,flora,conceptscheme:fossieltype,conceptscheme:fossieltype
concept:41,be.vlaanderen.bodemenondergrond.data.id.concept.fossieltype.41,41,Samaropsis sp.,Samaropsis sp.,flora,conceptscheme:fossieltype,conceptscheme:fossieltype
concept:42,be.vlaanderen.bodemenondergrond.data.id.concept.fossieltype.42,42,Sigillaria sp.,Sigillaria sp.,flora,conceptscheme:fossieltype,conceptscheme:fossieltype
concept:43,be.vlaanderen.bodemenondergrond.data.id.concept.fossieltype.43,43,Sphenophyllum sp.,Sphenophyllum sp.,flora,conceptscheme:fossieltype,conceptscheme:fossieltype
concept:44,be.vlaanderen.bodemenondergrond.data.id.concept.fossieltype.44,44,Sphenopteris sp.,Sphenopteris sp.,flora,conceptscheme:fossieltype,conceptscheme:fossieltype
concept:45,be.vlaanderen.bodemenondergrond.data.id.concept.fossieltype.45,45,sporen / sporenregen,sporen / sporenregen,flora,conceptscheme:fossieltype,conceptscheme:fossieltype
concept:46,be.vlaanderen.bodemenondergrond.data.id.concept.fossieltype.46,46,takjes / twijgen,takjes / twijgen,flora,conceptscheme:fossieltype,conceptscheme:fossieltype
concept:47,be.vlaanderen.bodemenondergrond.data.id.concept.fossieltype.47,47,Stigmaria sp.,Stigmaria sp.,flora,conceptscheme:fossieltype,conceptscheme:fossieltype
concept:48,be.vlaanderen.bodemenondergrond.data.id.concept.fossieltype.48,48,Ulodendron sp.,Ulodendron sp.,flora,conceptscheme:fossieltype,conceptscheme:fossieltype
concept:49,be.vlaanderen.bodemenondergrond.data.id.concept.fossieltype.49,49,Ulostrobus sp.,Ulostrobus sp.,flora,conceptscheme:fossieltype,conceptscheme:fossieltype
concept:50,be.vlaanderen.bodemenondergrond.data.id.concept.fossieltype.50,50,Cantheliophorus sp.,Cantheliophorus sp.,onbepaald,conceptscheme:fossieltype,conceptscheme:fossieltype
concept:51,be.vlaanderen.bodemenondergrond.data.id.concept.fossieltype.51,51,Myriophyllites sp.,Myriophyllites sp.,flora,conceptscheme:fossieltype,conceptscheme:fossieltype
concept:52,be.vlaanderen.bodemenondergrond.data.id.concept.fossieltype.52,52,Planolites ophthalmoides,Planolites ophthalmoides,marien ichnofossiel,conceptscheme:fossieltype,conceptscheme:fossieltype
concept:53,be.vlaanderen.bodemenondergrond.data.id.concept.fossieltype.53,53,Planolites montanus,Planolites montanus,brakwaterichnofossiel,conceptscheme:fossieltype,conceptscheme:fossieltype
concept:54,be.vlaanderen.bodemenondergrond.data.id.concept.fossieltype.54,54,Sinusites = Cochlichnus,Sinusites = Cochlichnus,marien ichnofossiel,conceptscheme:fossieltype,conceptscheme:fossieltype
concept:55,be.vlaanderen.bodemenondergrond.data.id.concept.fossieltype.55,55,Guilielmites sp.,Guilielmites sp.,zoetwaterichnofossiel,conceptscheme:fossieltype,conceptscheme:fossieltype
concept:56,be.vlaanderen.bodemenondergrond.data.id.concept.fossieltype.56,56,graafgang,graafgang,ichnofossiel,conceptscheme:fossieltype,conceptscheme:fossieltype
concept:57,be.vlaanderen.bodemenondergrond.data.id.concept.fossieltype.57,57,pyriettubulatie,pyriettubulatie,marien ichnofossiel,conceptscheme:fossieltype,conceptscheme:fossieltype
concept:58,be.vlaanderen.bodemenondergrond.data.id.concept.fossieltype.58,58,Orbiculoides sp.,Orbiculoides sp.,mariene fauna,conceptscheme:fossieltype,conceptscheme:fossieltype
concept:59,be.vlaanderen.bodemenondergrond.data.id.concept.fossieltype.59,59,arthropoden,arthropoden (geleedpotigen),zoetwaterfauna,conceptscheme:fossieltype,conceptscheme:fossieltype
concept:60,be.vlaanderen.bodemenondergrond.data.id.concept.fossieltype.60,60,schelpen / schelpenresten,schelpen / schelpenresten,fauna,conceptscheme:fossieltype,conceptscheme:fossieltype
concept:61,be.vlaanderen.bodemenondergrond.data.id.concept.fossieltype.61,61,Entomostraca,Entomostraca (subklasse van crustacea / kreeftachtigen),mariene fauna,conceptscheme:fossieltype,conceptscheme:fossieltype
concept:62,be.vlaanderen.bodemenondergrond.data.id.concept.fossieltype.62,62,brachiopoden,brachiopoden (armpotigen),mariene fauna,conceptscheme:fossieltype,conceptscheme:fossieltype
concept:63,be.vlaanderen.bodemenondergrond.data.id.concept.fossieltype.63,63,Neuropteris tenuifolia,Neuropteris tenuifolia,flora,conceptscheme:fossieltype,conceptscheme:fossieltype
concept:64,be.vlaanderen.bodemenondergrond.data.id.concept.fossieltype.64,64,Trigonocarpus sp.,Trigonocarpus sp.,flora,conceptscheme:fossieltype,conceptscheme:fossieltype
concept:65,be.vlaanderen.bodemenondergrond.data.id.concept.fossieltype.65,65,Rhabdoderma sp.,Rhabdoderma sp.,fauna,conceptscheme:fossieltype,conceptscheme:fossieltype
concept:66,be.vlaanderen.bodemenondergrond.data.id.concept.fossieltype.66,66,pecten,pecten (geslacht van tweekleppige weekdieren),mariene fauna,conceptscheme:fossieltype,conceptscheme:fossieltype
concept:67,be.vlaanderen.bodemenondergrond.data.id.concept.fossieltype.67,67,goniatieten,goniatieten (geslacht van Cephalopoda / inktvisachtigen),mariene fauna,conceptscheme:fossieltype,conceptscheme:fossieltype
concept:68,be.vlaanderen.bodemenondergrond.data.id.concept.fossieltype.68,68,spiculae,spiculae,fauna,conceptscheme:fossieltype,conceptscheme:fossieltype
concept:69,be.vlaanderen.bodemenondergrond.data.id.concept.fossieltype.69,69,stromatoporen,stromatoporen,mariene fauna,conceptscheme:fossieltype,conceptscheme:fossieltype
concept:70,be.vlaanderen.bodemenondergrond.data.id.concept.fossieltype.70,70,koralen,koralen,mariene fauna,conceptscheme:fossieltype,conceptscheme:fossieltype
concept:71,be.vlaanderen.bodemenondergrond.data.id.concept.fossieltype.71,71,algaire mat / laminiet,algaire mat / laminiet,mariene fauna,conceptscheme:fossieltype,conceptscheme:fossieltype
concept:72,be.vlaanderen.bodemenondergrond.data.id.concept.fossieltype.72,72,crinoïden,crinoïden (zeelelies),mariene fauna,conceptscheme:fossieltype,conceptscheme:fossieltype
concept:73,be.vlaanderen.bodemenondergrond.data.id.concept.fossieltype.73,73,nummulieten,nummulieten (familie van grote schijfvormige foraminiferen),mariene fauna,conceptscheme:fossieltype,conceptscheme:fossieltype
concept:74,be.vlaanderen.bodemenondergrond.data.id.concept.fossieltype.74,74,Lycopodites sp.,Lycopodites sp.,flora,conceptscheme:fossieltype,conceptscheme:fossieltype
concept:75,be.vlaanderen.bodemenondergrond.data.id.concept.fossieltype.75,75,Carpolites sp.,Carpolites sp.,flora,conceptscheme:fossieltype,conceptscheme:fossieltype
concept:76,be.vlaanderen.bodemenondergrond.data.id.concept.fossieltype.76,76,Artisia sp.,Artisia sp.,flora,conceptscheme:fossieltype,conceptscheme:fossieltype
concept:77,be.vlaanderen.bodemenondergrond.data.id.concept.fossieltype.77,77,Palaeostachya sp.,Palaeostachya sp.,flora,conceptscheme:fossieltype,conceptscheme:fossieltype
concept:78,be.vlaanderen.bodemenondergrond.data.id.concept.fossieltype.78,78,Palmatopteris sp.,Palmatopteris sp.,flora,conceptscheme:fossieltype,conceptscheme:fossieltype
concept:79,be.vlaanderen.bodemenondergrond.data.id.concept.fossieltype.79,79,Coelacanthus sp.,Coelacanthus sp.,fauna,conceptscheme:fossieltype,conceptscheme:fossieltype
concept:80,be.vlaanderen.bodemenondergrond.data.id.concept.fossieltype.80,80,Lepidophloios sp.,Lepidophloios sp.,flora,conceptscheme:fossieltype,conceptscheme:fossieltype
concept:81,be.vlaanderen.bodemenondergrond.data.id.concept.fossieltype.81,81,Calamophyllites sp.,Calamophyllites sp.,flora,conceptscheme:fossieltype,conceptscheme:fossieltype
concept:82,be.vlaanderen.bodemenondergrond.data.id.concept.fossieltype.82,82,Lepidodendron aculeatum,Lepidodendron aculeatum,flora,conceptscheme:fossieltype,conceptscheme:fossieltype
concept:83,be.vlaanderen.bodemenondergrond.data.id.concept.fossieltype.83,83,Corynepteris coralloides,Corynepteris coralloides,flora,conceptscheme:fossieltype,conceptscheme:fossieltype
concept:84,be.vlaanderen.bodemenondergrond.data.id.concept.fossieltype.84,84,Aphlebia sp.,Aphlebia sp.,flora,conceptscheme:fossieltype,conceptscheme:fossieltype
concept:85,be.vlaanderen.bodemenondergrond.data.id.concept.fossieltype.85,85,Elonichthys sp.,Elonichthys sp.,mariene fauna,conceptscheme:fossieltype,conceptscheme:fossieltype
concept:86,be.vlaanderen.bodemenondergrond.data.id.concept.fossieltype.86,86,Rhizodopsis sp.,Rhizodopsis sp.,fauna,conceptscheme:fossieltype,conceptscheme:fossieltype
concept:87,be.vlaanderen.bodemenondergrond.data.id.concept.fossieltype.87,87,Lepidospermum sp.,Lepidospermum sp.,flora,conceptscheme:fossieltype,conceptscheme:fossieltype
concept:88,be.vlaanderen.bodemenondergrond.data.id.concept.fossieltype.88,88,Posidoniella sp.,Posidoniella sp.,fauna,conceptscheme:fossieltype,conceptscheme:fossieltype
concept:89,be.vlaanderen.bodemenondergrond.data.id.concept.fossieltype.89,89,Corynepteris sp.,Corynepteris sp.,flora,conceptscheme:fossieltype,conceptscheme:fossieltype
concept:90,be.vlaanderen.bodemenondergrond.data.id.concept.fossieltype.90,90,Coelonautilus sp.,Coelonautilus sp.,mariene fauna,conceptscheme:fossieltype,conceptscheme:fossieltype
concept:91,be.vlaanderen.bodemenondergrond.data.id.concept.fossieltype.91,91,Eurypterus sp.,Eurypterus sp.,mariene fauna,conceptscheme:fossieltype,conceptscheme:fossieltype
concept:92,be.vlaanderen.bodemenondergrond.data.id.concept.fossieltype.92,92,Aviculopecten sp.,Aviculopecten sp.,mariene fauna,conceptscheme:fossieltype,conceptscheme:fossieltype
concept:93,be.vlaanderen.bodemenondergrond.data.id.concept.fossieltype.93,93,Pterinopecten sp.,Pterinopecten sp.,mariene fauna,conceptscheme:fossieltype,conceptscheme:fossieltype
concept:94,be.vlaanderen.bodemenondergrond.data.id.concept.fossieltype.94,94,Renaultia sp.,Renaultia sp.,flora,conceptscheme:fossieltype,conceptscheme:fossieltype
concept:95,be.vlaanderen.bodemenondergrond.data.id.concept.fossieltype.95,95,Rhadinichtys sp.,Rhadinichtys sp.,mariene fauna,conceptscheme:fossieltype,conceptscheme:fossieltype
concept:96,be.vlaanderen.bodemenondergrond.data.id.concept.fossieltype.96,96,Hexaspermum sp.,Hexaspermum sp.,flora,conceptscheme:fossieltype,conceptscheme:fossieltype
concept:97,be.vlaanderen.bodemenondergrond.data.id.concept.fossieltype.97,97,Adiantites sp.,Adiantites sp.,flora,conceptscheme:fossieltype,conceptscheme:fossieltype
concept:98,be.vlaanderen.bodemenondergrond.data.id.concept.fossieltype.98,98,Pinakodendron sp.,Pinakodendron sp.,flora,conceptscheme:fossieltype,conceptscheme:fossieltype
concept:99,be.vlaanderen.bodemenondergrond.data.id.concept.fossieltype.99,99,Cypridina (Entomis) sp.,Cypridina (Entomis) sp.,brakwaterfauna,conceptscheme:fossieltype,conceptscheme:fossieltype
concept:100,be.vlaanderen.bodemenondergrond.data.id.concept.fossieltype.100,100,Spirophyton sp.,Spirophyton sp.,marien ichnofossiel,conceptscheme:fossieltype,conceptscheme:fossieltype
concept:101,be.vlaanderen.bodemenondergrond.data.id.concept.fossieltype.101,101,Dorycordaites sp.,Dorycordaites sp.,flora,conceptscheme:fossieltype,conceptscheme:fossieltype
concept:102,be.vlaanderen.bodemenondergrond.data.id.concept.fossieltype.102,102,Bellinurus sp.,Bellinurus sp.,mariene fauna,conceptscheme:fossieltype,conceptscheme:fossieltype
concept:103,be.vlaanderen.bodemenondergrond.data.id.concept.fossieltype.103,103,Prestwichia sp.,Prestwichia sp.,mariene fauna,conceptscheme:fossieltype,conceptscheme:fossieltype
concept:104,be.vlaanderen.bodemenondergrond.data.id.concept.fossieltype.104,104,Carbonia sp.,Carbonia sp.,zoetwaterfauna,conceptscheme:fossieltype,conceptscheme:fossieltype
concept:105,be.vlaanderen.bodemenondergrond.data.id.concept.fossieltype.105,105,Acrolepis sp.,Acrolepis sp.,fauna,conceptscheme:fossieltype,conceptscheme:fossieltype
concept:106,be.vlaanderen.bodemenondergrond.data.id.concept.fossieltype.106,106,Palaeoxyris sp.,Palaeoxyris sp.,mariene fauna,conceptscheme:fossieltype,conceptscheme:fossieltype
concept:107,be.vlaanderen.bodemenondergrond.data.id.concept.fossieltype.107,107,Sclapellites sp.,Sclapellites sp.,onbepaald,conceptscheme:fossieltype,conceptscheme:fossieltype
concept:108,be.vlaanderen.bodemenondergrond.data.id.concept.fossieltype.108,108,Asolanus sp.,Asolanus sp.,flora,conceptscheme:fossieltype,conceptscheme:fossieltype
concept:109,be.vlaanderen.bodemenondergrond.data.id.concept.fossieltype.109,109,Lycopodiales,Lycopodiales,flora,conceptscheme:fossieltype,conceptscheme:fossieltype
concept:110,be.vlaanderen.bodemenondergrond.data.id.concept.fossieltype.110,110,Posidonomya sp.,Posidonomya sp.,mariene fauna,conceptscheme:fossieltype,conceptscheme:fossieltype
concept:111,be.vlaanderen.bodemenondergrond.data.id.concept.fossieltype.111,111,Reticuloceras sp.,Reticuloceras sp.,mariene fauna,conceptscheme:fossieltype,conceptscheme:fossieltype
concept:112,be.vlaanderen.bodemenondergrond.data.id.concept.fossieltype.112,112,Anthracoceras sp.,Anthracoceras sp.,mariene fauna,conceptscheme:fossieltype,conceptscheme:fossieltype
concept:113,be.vlaanderen.bodemenondergrond.data.id.concept.fossieltype.113,113,Orthoceras sp.,Orthoceras sp.,mariene fauna,conceptscheme:fossieltype,conceptscheme:fossieltype
concept:114,be.vlaanderen.bodemenondergrond.data.id.concept.fossieltype.114,114,Palaeocaris sp.,Palaeocaris sp.,mariene fauna,conceptscheme:fossieltype,conceptscheme:fossieltype
concept:115,be.vlaanderen.bodemenondergrond.data.id.concept.fossieltype.115,115,Productus sp.,Productus sp.,mariene fauna,conceptscheme:fossieltype,conceptscheme:fossieltype
concept:116,be.vlaanderen.bodemenondergrond.data.id.concept.fossieltype.116,116,Schizophoria sp.,Schizophoria sp.,fauna,conceptscheme:fossieltype,conceptscheme:fossieltype
concept:117,be.vlaanderen.bodemenondergrond.data.id.concept.fossieltype.117,117,Gastropoden,Gastropoden,fauna,conceptscheme:fossieltype,conceptscheme:fossieltype
concept:118,be.vlaanderen.bodemenondergrond.data.id.concept.fossieltype.118,118,Straparolus sp.,Straparolus sp.,fauna,conceptscheme:fossieltype,conceptscheme:fossieltype
concept:119,be.vlaanderen.bodemenondergrond.data.id.concept.fossieltype.119,119,Chonetes sp.,Chonetes sp.,mariene fauna,conceptscheme:fossieltype,conceptscheme:fossieltype
concept:120,be.vlaanderen.bodemenondergrond.data.id.concept.fossieltype.120,120,spirifer,spirifer (geslacht van uitgestorven armpotigen/brachiopoden),mariene fauna,conceptscheme:fossieltype,conceptscheme:fossieltype
concept:121,be.vlaanderen.bodemenondergrond.data.id.concept.fossieltype.121,121,Dentallum sp.,Dentallum sp.,mariene fauna,conceptscheme:fossieltype,conceptscheme:fossieltype
concept:122,be.vlaanderen.bodemenondergrond.data.id.concept.fossieltype.122,122,Rhipidomella sp.,Rhipidomella sp.,mariene fauna,conceptscheme:fossieltype,conceptscheme:fossieltype
concept:123,be.vlaanderen.bodemenondergrond.data.id.concept.fossieltype.123,123,Arthyris lamellosa,Arthyris lamellosa,mariene fauna,conceptscheme:fossieltype,conceptscheme:fossieltype
concept:124,be.vlaanderen.bodemenondergrond.data.id.concept.fossieltype.124,124,Paripteris sp.,Paripteris sp.,flora,conceptscheme:fossieltype,conceptscheme:fossieltype
concept:125,be.vlaanderen.bodemenondergrond.data.id.concept.fossieltype.125,125,Belemnitella mucronata,Belemnitella mucronata,mariene fauna,conceptscheme:fossieltype,conceptscheme:fossieltype
concept:126,be.vlaanderen.bodemenondergrond.data.id.concept.fossieltype.126,126,Baculites vertebralis,Baculites vertebralis,mariene fauna,conceptscheme:fossieltype,conceptscheme:fossieltype
concept:127,be.vlaanderen.bodemenondergrond.data.id.concept.fossieltype.127,127,Aporrhais granulosa,Aporrhais granulosa,mariene fauna,conceptscheme:fossieltype,conceptscheme:fossieltype
concept:128,be.vlaanderen.bodemenondergrond.data.id.concept.fossieltype.128,128,Lispodesthes schlotheimi,Lispodesthes schlotheimi,mariene fauna,conceptscheme:fossieltype,conceptscheme:fossieltype
concept:129,be.vlaanderen.bodemenondergrond.data.id.concept.fossieltype.129,129,Lunatia klipsteini,Lunatia klipsteini,mariene fauna,conceptscheme:fossieltype,conceptscheme:fossieltype
concept:130,be.vlaanderen.bodemenondergrond.data.id.concept.fossieltype.130,130,Entalis geinitzi,Entalis geinitzi,mariene fauna,conceptscheme:fossieltype,conceptscheme:fossieltype
concept:131,be.vlaanderen.bodemenondergrond.data.id.concept.fossieltype.131,131,Turritella acantophospora,Turritella acantophospora,mariene fauna,conceptscheme:fossieltype,conceptscheme:fossieltype
concept:132,be.vlaanderen.bodemenondergrond.data.id.concept.fossieltype.132,132,Tubbreva exaltata,Tubbreva exaltata,mariene fauna,conceptscheme:fossieltype,conceptscheme:fossieltype
concept:133,be.vlaanderen.bodemenondergrond.data.id.concept.fossieltype.133,133,Trochus gemineus,Trochus gemineus,mariene fauna,conceptscheme:fossieltype,conceptscheme:fossieltype
concept:134,be.vlaanderen.bodemenondergrond.data.id.concept.fossieltype.134,134,Gervillia solenoides,Gervillia solenoides,mariene fauna,conceptscheme:fossieltype,conceptscheme:fossieltype
concept:135,be.vlaanderen.bodemenondergrond.data.id.concept.fossieltype.135,135,Liopistha aequivalvis,Liopistha aequivalvis,mariene fauna,conceptscheme:fossieltype,conceptscheme:fossieltype
concept:136,be.vlaanderen.bodemenondergrond.data.id.concept.fossieltype.136,136,Cucullea subglabra,Cucullea subglabra,mariene fauna,conceptscheme:fossieltype,conceptscheme:fossieltype
concept:137,be.vlaanderen.bodemenondergrond.data.id.concept.fossieltype.137,137,Pecten pusio,Pecten pusio,mariene fauna,conceptscheme:fossieltype,conceptscheme:fossieltype
concept:138,be.vlaanderen.bodemenondergrond.data.id.concept.fossieltype.138,138,Pectunculus sp.,Pectunculus sp.,mariene fauna,conceptscheme:fossieltype,conceptscheme:fossieltype
concept:139,be.vlaanderen.bodemenondergrond.data.id.concept.fossieltype.139,139,Ostrea sp.,Ostrea sp.,mariene fauna,conceptscheme:fossieltype,conceptscheme:fossieltype
concept:140,be.vlaanderen.bodemenondergrond.data.id.concept.fossieltype.140,140,Cardium sp.,Cardium sp.,mariene fauna,conceptscheme:fossieltype,conceptscheme:fossieltype
concept:141,be.vlaanderen.bodemenondergrond.data.id.concept.fossieltype.141,141,Cyprina sp.,Cyprina sp.,mariene fauna,conceptscheme:fossieltype,conceptscheme:fossieltype
concept:142,be.vlaanderen.bodemenondergrond.data.id.concept.fossieltype.142,142,Meretrix sp.,Meretrix sp.,mariene fauna,conceptscheme:fossieltype,conceptscheme:fossieltype
concept:143,be.vlaanderen.bodemenondergrond.data.id.concept.fossieltype.143,143,Astarte sp.,Astarte sp.,mariene fauna,conceptscheme:fossieltype,conceptscheme:fossieltype
concept:144,be.vlaanderen.bodemenondergrond.data.id.concept.fossieltype.144,144,Pecten sp.,Pecten sp.,mariene fauna,conceptscheme:fossieltype,conceptscheme:fossieltype
concept:145,be.vlaanderen.bodemenondergrond.data.id.concept.fossieltype.145,145,Balanus sp.,Balanus sp.,mariene fauna,conceptscheme:fossieltype,conceptscheme:fossieltype
concept:146,be.vlaanderen.bodemenondergrond.data.id.concept.fossieltype.146,146,Corbula sp.,Corbula sp.,mariene fauna,conceptscheme:fossieltype,conceptscheme:fossieltype
concept:147,be.vlaanderen.bodemenondergrond.data.id.concept.fossieltype.147,147,Nucula duchasteli,Nucula duchasteli,mariene fauna,conceptscheme:fossieltype,conceptscheme:fossieltype
concept:148,be.vlaanderen.bodemenondergrond.data.id.concept.fossieltype.148,148,Leda sp.,Leda sp.,mariene fauna,conceptscheme:fossieltype,conceptscheme:fossieltype
concept:149,be.vlaanderen.bodemenondergrond.data.id.concept.fossieltype.149,149,Limatula nysti,Limatula nysti,mariene fauna,conceptscheme:fossieltype,conceptscheme:fossieltype
concept:150,be.vlaanderen.bodemenondergrond.data.id.concept.fossieltype.150,150,Dentalium sp.,Dentalium sp.,mariene fauna,conceptscheme:fossieltype,conceptscheme:fossieltype
concept:151,be.vlaanderen.bodemenondergrond.data.id.concept.fossieltype.151,151,Limopsis sp.,Limopsis sp.,mariene fauna,conceptscheme:fossieltype,conceptscheme:fossieltype
concept:152,be.vlaanderen.bodemenondergrond.data.id.concept.fossieltype.152,152,Teredo sp.,Teredo sp.,mariene fauna,conceptscheme:fossieltype,conceptscheme:fossieltype
concept:153,be.vlaanderen.bodemenondergrond.data.id.concept.fossieltype.153,153,Cristellaria sp.,Cristellaria sp.,mariene fauna,conceptscheme:fossieltype,conceptscheme:fossieltype
concept:154,be.vlaanderen.bodemenondergrond.data.id.concept.fossieltype.154,154,Cornuspira involvens,Cornuspira involvens,mariene fauna,conceptscheme:fossieltype,conceptscheme:fossieltype
concept:155,be.vlaanderen.bodemenondergrond.data.id.concept.fossieltype.155,155,Aporrhais speciosa,Aporrhais speciosa,mariene fauna,conceptscheme:fossieltype,conceptscheme:fossieltype
concept:156,be.vlaanderen.bodemenondergrond.data.id.concept.fossieltype.156,156,Nucula sp.,Nucula sp.,mariene fauna,conceptscheme:fossieltype,conceptscheme:fossieltype
concept:157,be.vlaanderen.bodemenondergrond.data.id.concept.fossieltype.157,157,Cancellaria sp.,Cancellaria sp.,mariene fauna,conceptscheme:fossieltype,conceptscheme:fossieltype
concept:158,be.vlaanderen.bodemenondergrond.data.id.concept.fossieltype.158,158,Ditrupa clava,Ditrupa clava,mariene fauna,conceptscheme:fossieltype,conceptscheme:fossieltype
concept:159,be.vlaanderen.bodemenondergrond.data.id.concept.fossieltype.159,159,Bryozoa,Bryozoa (mosdiertjes),mariene fauna,conceptscheme:fossieltype,conceptscheme:fossieltype
concept:160,be.vlaanderen.bodemenondergrond.data.id.concept.fossieltype.160,160,Natica sp.,Natica sp.,mariene fauna,conceptscheme:fossieltype,conceptscheme:fossieltype
concept:161,be.vlaanderen.bodemenondergrond.data.id.concept.fossieltype.161,161,Actaeon sp.,Actaeon sp.,mariene fauna,conceptscheme:fossieltype,conceptscheme:fossieltype
concept:162,be.vlaanderen.bodemenondergrond.data.id.concept.fossieltype.162,162,sponsspicullen,sponsspicullen,mariene fauna,conceptscheme:fossieltype,conceptscheme:fossieltype
concept:163,be.vlaanderen.bodemenondergrond.data.id.concept.fossieltype.163,163,Orbitoliten,Orbitoliten,mariene fauna,conceptscheme:fossieltype,conceptscheme:fossieltype
concept:164,be.vlaanderen.bodemenondergrond.data.id.concept.fossieltype.164,164,Cidaris sp.,Cidaris sp.,mariene fauna,conceptscheme:fossieltype,conceptscheme:fossieltype
concept:165,be.vlaanderen.bodemenondergrond.data.id.concept.fossieltype.165,165,Nummulites wemmelensis,Nummulites wemmelensis,mariene fauna,conceptscheme:fossieltype,conceptscheme:fossieltype
concept:166,be.vlaanderen.bodemenondergrond.data.id.concept.fossieltype.166,166,Lucina squamula,Lucina squamula,mariene fauna,conceptscheme:fossieltype,conceptscheme:fossieltype
concept:167,be.vlaanderen.bodemenondergrond.data.id.concept.fossieltype.167,167,Ditrupa sp.,Ditrupa sp.,mariene fauna,conceptscheme:fossieltype,conceptscheme:fossieltype
concept:168,be.vlaanderen.bodemenondergrond.data.id.concept.fossieltype.168,168,Thecidea papillata,Thecidea papillata,mariene fauna,conceptscheme:fossieltype,conceptscheme:fossieltype
concept:169,be.vlaanderen.bodemenondergrond.data.id.concept.fossieltype.169,169,Trigonosemus pectiniformis,Trigonosemus pectiniformis,mariene fauna,conceptscheme:fossieltype,conceptscheme:fossieltype
concept:170,be.vlaanderen.bodemenondergrond.data.id.concept.fossieltype.170,170,Crania ignabergensis,Crania ignabergensis,mariene fauna,conceptscheme:fossieltype,conceptscheme:fossieltype
concept:171,be.vlaanderen.bodemenondergrond.data.id.concept.fossieltype.171,171,Productus cora,Productus cora,mariene fauna,conceptscheme:fossieltype,conceptscheme:fossieltype
concept:172,be.vlaanderen.bodemenondergrond.data.id.concept.fossieltype.172,172,Spirifer glaber,Spirifer glaber,mariene fauna,conceptscheme:fossieltype,conceptscheme:fossieltype
concept:173,be.vlaanderen.bodemenondergrond.data.id.concept.fossieltype.173,173,Streptorhynchus crenistria,Streptorhynchus crenistria,mariene fauna,conceptscheme:fossieltype,conceptscheme:fossieltype
concept:174,be.vlaanderen.bodemenondergrond.data.id.concept.fossieltype.174,174,Chonetes papilionacea,Chonetes papilionacea,mariene fauna,conceptscheme:fossieltype,conceptscheme:fossieltype
concept:175,be.vlaanderen.bodemenondergrond.data.id.concept.fossieltype.175,175,Vola sp.,Vola sp.,mariene fauna,conceptscheme:fossieltype,conceptscheme:fossieltype
concept:176,be.vlaanderen.bodemenondergrond.data.id.concept.fossieltype.176,176,Vola quadricostata,Vola quadricostata,mariene fauna,conceptscheme:fossieltype,conceptscheme:fossieltype
concept:177,be.vlaanderen.bodemenondergrond.data.id.concept.fossieltype.177,177,Trigonia limbata,Trigonia limbata,mariene fauna,conceptscheme:fossieltype,conceptscheme:fossieltype
concept:178,be.vlaanderen.bodemenondergrond.data.id.concept.fossieltype.178,178,Cyprimeria gelinitzi,Cyprimeria gelinitzi,mariene fauna,conceptscheme:fossieltype,conceptscheme:fossieltype
concept:179,be.vlaanderen.bodemenondergrond.data.id.concept.fossieltype.179,179,Crustaceae,Crustaceae (kreeftachtigen),mariene fauna,conceptscheme:fossieltype,conceptscheme:fossieltype
concept:180,be.vlaanderen.bodemenondergrond.data.id.concept.fossieltype.180,180,Ditrupa mosae,Ditrupa mosae,mariene fauna,conceptscheme:fossieltype,conceptscheme:fossieltype
concept:181,be.vlaanderen.bodemenondergrond.data.id.concept.fossieltype.181,181,Turritella nodosa,Turritella nodosa,mariene fauna,conceptscheme:fossieltype,conceptscheme:fossieltype
concept:182,be.vlaanderen.bodemenondergrond.data.id.concept.fossieltype.182,182,Eriphyla lenticularis,Eriphyla lenticularis,mariene fauna,conceptscheme:fossieltype,conceptscheme:fossieltype
concept:183,be.vlaanderen.bodemenondergrond.data.id.concept.fossieltype.183,183,Calcarina sp.,Calcarina sp.,mariene fauna,conceptscheme:fossieltype,conceptscheme:fossieltype
concept:184,be.vlaanderen.bodemenondergrond.data.id.concept.fossieltype.184,184,Calcarina calcitrapoides,Calcarina calcitrapoides,mariene fauna,conceptscheme:fossieltype,conceptscheme:fossieltype
concept:185,be.vlaanderen.bodemenondergrond.data.id.concept.fossieltype.185,185,Cyprina nysti,Cyprina nysti,mariene fauna,conceptscheme:fossieltype,conceptscheme:fossieltype
concept:186,be.vlaanderen.bodemenondergrond.data.id.concept.fossieltype.186,186,Pectunculus observatus,Pectunculus observatus,mariene fauna,conceptscheme:fossieltype,conceptscheme:fossieltype
concept:187,be.vlaanderen.bodemenondergrond.data.id.concept.fossieltype.187,187,Actinocamax quadratus,Actinocamax quadratus,mariene fauna,conceptscheme:fossieltype,conceptscheme:fossieltype
concept:188,be.vlaanderen.bodemenondergrond.data.id.concept.fossieltype.188,188,Actinocamax sp.,Actinocamax sp.,mariene fauna,conceptscheme:fossieltype,conceptscheme:fossieltype
concept:189,be.vlaanderen.bodemenondergrond.data.id.concept.fossieltype.189,189,Avicula sp.,Avicula sp.,mariene fauna,conceptscheme:fossieltype,conceptscheme:fossieltype
concept:190,be.vlaanderen.bodemenondergrond.data.id.concept.fossieltype.190,190,Rhynchonella plicatilis,Rhynchonella plicatilis,mariene fauna,conceptscheme:fossieltype,conceptscheme:fossieltype
concept:191,be.vlaanderen.bodemenondergrond.data.id.concept.fossieltype.191,191,Rhynchonella sp.,Rhynchonella sp.,mariene fauna,conceptscheme:fossieltype,conceptscheme:fossieltype
concept:192,be.vlaanderen.bodemenondergrond.data.id.concept.fossieltype.192,192,Bourgueticrinus ellipticus,Bourgueticrinus ellipticus,mariene fauna,conceptscheme:fossieltype,conceptscheme:fossieltype
concept:193,be.vlaanderen.bodemenondergrond.data.id.concept.fossieltype.193,193,Echinocorys sp.,Echinocorys sp.,mariene fauna,conceptscheme:fossieltype,conceptscheme:fossieltype
concept:194,be.vlaanderen.bodemenondergrond.data.id.concept.fossieltype.194,194,Echinocorys vulgaris,Echinocorys vulgaris,mariene fauna,conceptscheme:fossieltype,conceptscheme:fossieltype
concept:195,be.vlaanderen.bodemenondergrond.data.id.concept.fossieltype.195,195,Ostrea semiplana,Ostrea semiplana,mariene fauna,conceptscheme:fossieltype,conceptscheme:fossieltype
concept:196,be.vlaanderen.bodemenondergrond.data.id.concept.fossieltype.196,196,algen,algen,mariene fauna,conceptscheme:fossieltype,conceptscheme:fossieltype
concept:197,be.vlaanderen.bodemenondergrond.data.id.concept.fossieltype.197,197,foraminiferen,foraminiferen,fauna,conceptscheme:fossieltype,conceptscheme:fossieltype
concept:198,be.vlaanderen.bodemenondergrond.data.id.concept.fossieltype.198,198,Ostrea vesicularis,Ostrea vesicularis,mariene fauna,conceptscheme:fossieltype,conceptscheme:fossieltype
concept:199,be.vlaanderen.bodemenondergrond.data.id.concept.fossieltype.199,199,Janira quadricostata,Janira quadricostata,mariene fauna,conceptscheme:fossieltype,conceptscheme:fossieltype
concept:200,be.vlaanderen.bodemenondergrond.data.id.concept.fossieltype.200,200,Rhynchonella  limbata,Rhynchonella  limbata,mariene fauna,conceptscheme:fossieltype,conceptscheme:fossieltype
concept:201,be.vlaanderen.bodemenondergrond.data.id.concept.fossieltype.201,201,Belemnitella sp.,Belemnitella sp.,mariene fauna,conceptscheme:fossieltype,conceptscheme:fossieltype
concept:202,be.vlaanderen.bodemenondergrond.data.id.concept.fossieltype.202,202,Rhynchonella dutempleana,Rhynchonella dutempleana,mariene fauna,conceptscheme:fossieltype,conceptscheme:fossieltype
concept:203,be.vlaanderen.bodemenondergrond.data.id.concept.fossieltype.203,203,belemnieten,belemnieten (groep van tienarmige inktvissen),mariene fauna,conceptscheme:fossieltype,conceptscheme:fossieltype
concept:204,be.vlaanderen.bodemenondergrond.data.id.concept.fossieltype.204,204,Gyrolites davreuxi,Gyrolites davreuxi,marien ichnofossiel,conceptscheme:fossieltype,conceptscheme:fossieltype
concept:205,be.vlaanderen.bodemenondergrond.data.id.concept.fossieltype.205,205,Bivalven,Bivalven (tweekleppigen),mariene fauna,conceptscheme:fossieltype,conceptscheme:fossieltype
concept:206,be.vlaanderen.bodemenondergrond.data.id.concept.fossieltype.206,206,Pecten spatulus,Pecten spatulus,mariene fauna,conceptscheme:fossieltype,conceptscheme:fossieltype
concept:207,be.vlaanderen.bodemenondergrond.data.id.concept.fossieltype.207,207,Terebratula sp.,Terebratula sp.,mariene fauna,conceptscheme:fossieltype,conceptscheme:fossieltype
concept:208,be.vlaanderen.bodemenondergrond.data.id.concept.fossieltype.208,208,Ostrea laciniata,Ostrea laciniata,mariene fauna,conceptscheme:fossieltype,conceptscheme:fossieltype
concept:209,be.vlaanderen.bodemenondergrond.data.id.concept.fossieltype.209,209,Lima sp.,Lima sp.,mariene fauna,conceptscheme:fossieltype,conceptscheme:fossieltype
concept:210,be.vlaanderen.bodemenondergrond.data.id.concept.fossieltype.210,210,Baculites sp.,Baculites sp.,mariene fauna,conceptscheme:fossieltype,conceptscheme:fossieltype
concept:211,be.vlaanderen.bodemenondergrond.data.id.concept.fossieltype.211,211,Lima soverbyi,Lima soverbyi,mariene fauna,conceptscheme:fossieltype,conceptscheme:fossieltype
concept:212,be.vlaanderen.bodemenondergrond.data.id.concept.fossieltype.212,212,Pecten loevis,Pecten loevis,mariene fauna,conceptscheme:fossieltype,conceptscheme:fossieltype
concept:213,be.vlaanderen.bodemenondergrond.data.id.concept.fossieltype.213,213,Arca subglabra,Arca subglabra,mariene fauna,conceptscheme:fossieltype,conceptscheme:fossieltype
concept:214,be.vlaanderen.bodemenondergrond.data.id.concept.fossieltype.214,214,Turritella alternans,Turritella alternans,mariene fauna,conceptscheme:fossieltype,conceptscheme:fossieltype
concept:215,be.vlaanderen.bodemenondergrond.data.id.concept.fossieltype.215,215,Turritella sp.,Turritella sp.,mariene fauna,conceptscheme:fossieltype,conceptscheme:fossieltype
concept:216,be.vlaanderen.bodemenondergrond.data.id.concept.fossieltype.216,216,Cerithium sp.,Cerithium sp.,mariene fauna,conceptscheme:fossieltype,conceptscheme:fossieltype
concept:217,be.vlaanderen.bodemenondergrond.data.id.concept.fossieltype.217,217,Cerithium decheni,Cerithium decheni,mariene fauna,conceptscheme:fossieltype,conceptscheme:fossieltype
concept:218,be.vlaanderen.bodemenondergrond.data.id.concept.fossieltype.218,218,Meretrix ovalis,Meretrix ovalis,mariene fauna,conceptscheme:fossieltype,conceptscheme:fossieltype
concept:219,be.vlaanderen.bodemenondergrond.data.id.concept.fossieltype.219,219,Gyrolites sp.,Gyrolites sp.,marien ichnofossiel,conceptscheme:fossieltype,conceptscheme:fossieltype
concept:220,be.vlaanderen.bodemenondergrond.data.id.concept.fossieltype.220,220,Leda deshayesiana,Leda deshayesiana,mariene fauna,conceptscheme:fossieltype,conceptscheme:fossieltype
concept:221,be.vlaanderen.bodemenondergrond.data.id.concept.fossieltype.221,221,Gyrolites dewalquei,Gyrolites dewalquei,mariene fauna,conceptscheme:fossieltype,conceptscheme:fossieltype
concept:222,be.vlaanderen.bodemenondergrond.data.id.concept.fossieltype.222,222,Inoceramus sp.,Inoceramus sp.,mariene fauna,conceptscheme:fossieltype,conceptscheme:fossieltype
concept:223,be.vlaanderen.bodemenondergrond.data.id.concept.fossieltype.223,223,Nodosaria sp.,Nodosaria sp.,mariene fauna,conceptscheme:fossieltype,conceptscheme:fossieltype
concept:224,be.vlaanderen.bodemenondergrond.data.id.concept.fossieltype.224,224,Cyprina morrisi,Cyprina morrisi,mariene fauna,conceptscheme:fossieltype,conceptscheme:fossieltype
concept:225,be.vlaanderen.bodemenondergrond.data.id.concept.fossieltype.225,225,Osmeroides sp.,Osmeroides sp.,mariene fauna,conceptscheme:fossieltype,conceptscheme:fossieltype
concept:226,be.vlaanderen.bodemenondergrond.data.id.concept.fossieltype.226,226,Tellina sp.,Tellina sp.,mariene fauna,conceptscheme:fossieltype,conceptscheme:fossieltype
concept:227,be.vlaanderen.bodemenondergrond.data.id.concept.fossieltype.227,227,Spondyles sp.,Spondyles sp.,mariene fauna,conceptscheme:fossieltype,conceptscheme:fossieltype
concept:228,be.vlaanderen.bodemenondergrond.data.id.concept.fossieltype.228,228,Pecten pulchellus,Pecten pulchellus,mariene fauna,conceptscheme:fossieltype,conceptscheme:fossieltype
concept:230,be.vlaanderen.bodemenondergrond.data.id.concept.fossieltype.230,230,oesters,oesters,mariene fauna,conceptscheme:fossieltype,conceptscheme:fossieltype
concept:231,be.vlaanderen.bodemenondergrond.data.id.concept.fossieltype.231,231,Calianassa sp.,Calianassa sp.,marien ichnofossiel,conceptscheme:fossieltype,conceptscheme:fossieltype
concept:232,be.vlaanderen.bodemenondergrond.data.id.concept.fossieltype.232,232,Janira sp.,Janira sp.,mariene fauna,conceptscheme:fossieltype,conceptscheme:fossieltype
concept:233,be.vlaanderen.bodemenondergrond.data.id.concept.fossieltype.233,233,sponzen,sponzen,mariene fauna,conceptscheme:fossieltype,conceptscheme:fossieltype
concept:234,be.vlaanderen.bodemenondergrond.data.id.concept.fossieltype.234,234,coprolieten,coprolieten (gefossiliseerde uitwerpselen),ichnofossiel,conceptscheme:fossieltype,conceptscheme:fossieltype
concept:235,be.vlaanderen.bodemenondergrond.data.id.concept.fossieltype.235,235,Rotalina sp.,Rotalina sp.,mariene fauna,conceptscheme:fossieltype,conceptscheme:fossieltype
concept:236,be.vlaanderen.bodemenondergrond.data.id.concept.fossieltype.236,236,Neuropteris gigantea,Neuropteris gigantea,flora,conceptscheme:fossieltype,conceptscheme:fossieltype
concept:237,be.vlaanderen.bodemenondergrond.data.id.concept.fossieltype.237,237,Mariopteris sauveuri latifolia,Mariopteris sauveuri latifolia,flora,conceptscheme:fossieltype,conceptscheme:fossieltype
concept:238,be.vlaanderen.bodemenondergrond.data.id.concept.fossieltype.238,238,zeeëgel,zeeëgel,mariene fauna,conceptscheme:fossieltype,conceptscheme:fossieltype
concept:239,be.vlaanderen.bodemenondergrond.data.id.concept.fossieltype.239,239,Chenopus sp.,Chenopus sp.,mariene fauna,conceptscheme:fossieltype,conceptscheme:fossieltype
concept:240,be.vlaanderen.bodemenondergrond.data.id.concept.fossieltype.240,240,Calianassa fayiasi,Calianassa fayiasi,marien ichnofossiel,conceptscheme:fossieltype,conceptscheme:fossieltype
concept:241,be.vlaanderen.bodemenondergrond.data.id.concept.fossieltype.241,241,Nucula chastelli,Nucula chastelli,mariene fauna,conceptscheme:fossieltype,conceptscheme:fossieltype
concept:242,be.vlaanderen.bodemenondergrond.data.id.concept.fossieltype.242,242,Trigonia sp.,Trigonia sp.,mariene fauna,conceptscheme:fossieltype,conceptscheme:fossieltype
concept:243,be.vlaanderen.bodemenondergrond.data.id.concept.fossieltype.243,243,Notidamus sp.,Notidamus sp.,mariene fauna,conceptscheme:fossieltype,conceptscheme:fossieltype
concept:244,be.vlaanderen.bodemenondergrond.data.id.concept.fossieltype.244,244,Pholadomya sp.,Pholadomya sp.,mariene fauna,conceptscheme:fossieltype,conceptscheme:fossieltype
concept:245,be.vlaanderen.bodemenondergrond.data.id.concept.fossieltype.245,245,Dosinia lenticularis,Dosinia lenticularis,mariene fauna,conceptscheme:fossieltype,conceptscheme:fossieltype
concept:246,be.vlaanderen.bodemenondergrond.data.id.concept.fossieltype.246,246,Cypris sp.,Cypris sp.,zoetwaterfauna,conceptscheme:fossieltype,conceptscheme:fossieltype
concept:247,be.vlaanderen.bodemenondergrond.data.id.concept.fossieltype.247,247,Ostrea ventilabrum,Ostrea ventilabrum,mariene fauna,conceptscheme:fossieltype,conceptscheme:fossieltype
concept:248,be.vlaanderen.bodemenondergrond.data.id.concept.fossieltype.248,248,Panopoea sp.,Panopoea sp.,mariene fauna,conceptscheme:fossieltype,conceptscheme:fossieltype
concept:249,be.vlaanderen.bodemenondergrond.data.id.concept.fossieltype.249,249,Lepidodendron triangulaire,Lepidodendron triangulaire,flora,conceptscheme:fossieltype,conceptscheme:fossieltype
concept:250,be.vlaanderen.bodemenondergrond.data.id.concept.fossieltype.250,250,Ostrea lateralis,Ostrea lateralis,mariene fauna,conceptscheme:fossieltype,conceptscheme:fossieltype
concept:251,be.vlaanderen.bodemenondergrond.data.id.concept.fossieltype.251,251,Alethopteris lonchitifolia davreuxi,Alethopteris lonchitifolia davreuxi,flora,conceptscheme:fossieltype,conceptscheme:fossieltype
concept:252,be.vlaanderen.bodemenondergrond.data.id.concept.fossieltype.252,252,Enchodus (Faujasi) sp.,Enchodus (Faujasi) sp.,mariene fauna,conceptscheme:fossieltype,conceptscheme:fossieltype
concept:253,be.vlaanderen.bodemenondergrond.data.id.concept.fossieltype.253,253,Lamna sp.,Lamna sp.,mariene fauna,conceptscheme:fossieltype,conceptscheme:fossieltype
concept:254,be.vlaanderen.bodemenondergrond.data.id.concept.fossieltype.254,254,Mactra sp.,Mactra sp.,mariene fauna,conceptscheme:fossieltype,conceptscheme:fossieltype
concept:255,be.vlaanderen.bodemenondergrond.data.id.concept.fossieltype.255,255,Anomya (Terebratula),Anomya (Terebratula),mariene fauna,conceptscheme:fossieltype,conceptscheme:fossieltype
concept:256,be.vlaanderen.bodemenondergrond.data.id.concept.fossieltype.256,256,Buccinum sp.,Buccinum sp.,mariene fauna,conceptscheme:fossieltype,conceptscheme:fossieltype
concept:257,be.vlaanderen.bodemenondergrond.data.id.concept.fossieltype.257,257,Rostellaria sp.,Rostellaria sp.,mariene fauna,conceptscheme:fossieltype,conceptscheme:fossieltype
concept:258,be.vlaanderen.bodemenondergrond.data.id.concept.fossieltype.258,258,Mammalia,Mammalia,onbepaald,conceptscheme:fossieltype,conceptscheme:fossieltype
concept:259,be.vlaanderen.bodemenondergrond.data.id.concept.fossieltype.259,259,Ostrea callifera,Ostrea callifera,mariene fauna,conceptscheme:fossieltype,conceptscheme:fossieltype
concept:260,be.vlaanderen.bodemenondergrond.data.id.concept.fossieltype.260,260,Cardium cingulatum,Cardium cingulatum,mariene fauna,conceptscheme:fossieltype,conceptscheme:fossieltype
concept:261,be.vlaanderen.bodemenondergrond.data.id.concept.fossieltype.261,261,Annularia radiata,Annularia radiata,flora,conceptscheme:fossieltype,conceptscheme:fossieltype
concept:262,be.vlaanderen.bodemenondergrond.data.id.concept.fossieltype.262,262,Asterophyllites equisetiformis,Asterophyllites equisetiformis,flora,conceptscheme:fossieltype,conceptscheme:fossieltype
concept:263,be.vlaanderen.bodemenondergrond.data.id.concept.fossieltype.263,263,Asterophyllites grandis,Asterophyllites grandis,flora,conceptscheme:fossieltype,conceptscheme:fossieltype
concept:264,be.vlaanderen.bodemenondergrond.data.id.concept.fossieltype.264,264,Alethopteris decurrens,Alethopteris decurrens,flora,conceptscheme:fossieltype,conceptscheme:fossieltype
concept:265,be.vlaanderen.bodemenondergrond.data.id.concept.fossieltype.265,265,Alethopteris lonchitica,Alethopteris lonchitica,flora,conceptscheme:fossieltype,conceptscheme:fossieltype
concept:266,be.vlaanderen.bodemenondergrond.data.id.concept.fossieltype.266,266,Alethopteris serli,Alethopteris serli,flora,conceptscheme:fossieltype,conceptscheme:fossieltype
concept:267,be.vlaanderen.bodemenondergrond.data.id.concept.fossieltype.267,267,Anthracomya minima,Anthracomya minima,brakwaterfauna,conceptscheme:fossieltype,conceptscheme:fossieltype
concept:268,be.vlaanderen.bodemenondergrond.data.id.concept.fossieltype.268,268,Anthracomya modiolaris,Anthracomya modiolaris,brakwaterfauna,conceptscheme:fossieltype,conceptscheme:fossieltype
concept:269,be.vlaanderen.bodemenondergrond.data.id.concept.fossieltype.269,269,Anthracomya philippsi,Anthracomya philippsi,brakwaterfauna,conceptscheme:fossieltype,conceptscheme:fossieltype
concept:270,be.vlaanderen.bodemenondergrond.data.id.concept.fossieltype.270,270,Anthracomya williamsoni,Anthracomya williamsoni,brakwaterfauna,conceptscheme:fossieltype,conceptscheme:fossieltype
concept:271,be.vlaanderen.bodemenondergrond.data.id.concept.fossieltype.271,271,Bothrodendron minutifolium,Bothrodendron minutifolium,flora,conceptscheme:fossieltype,conceptscheme:fossieltype
concept:272,be.vlaanderen.bodemenondergrond.data.id.concept.fossieltype.272,272,Calamites cisti,Calamites cisti,flora,conceptscheme:fossieltype,conceptscheme:fossieltype
concept:273,be.vlaanderen.bodemenondergrond.data.id.concept.fossieltype.273,273,Calamites indulatus,Calamites indulatus,flora,conceptscheme:fossieltype,conceptscheme:fossieltype
concept:274,be.vlaanderen.bodemenondergrond.data.id.concept.fossieltype.274,274,Calamites ramosus,Calamites ramosus,flora,conceptscheme:fossieltype,conceptscheme:fossieltype
concept:275,be.vlaanderen.bodemenondergrond.data.id.concept.fossieltype.275,275,Calamites suckowi,Calamites suckowi,flora,conceptscheme:fossieltype,conceptscheme:fossieltype
concept:276,be.vlaanderen.bodemenondergrond.data.id.concept.fossieltype.276,276,Anthracomya wardi williamsoni,Anthracomya wardi williamsoni,brakwaterfauna,conceptscheme:fossieltype,conceptscheme:fossieltype
concept:277,be.vlaanderen.bodemenondergrond.data.id.concept.fossieltype.277,277,Calamostachys germanica,Calamostachys germanica,flora,conceptscheme:fossieltype,conceptscheme:fossieltype
concept:278,be.vlaanderen.bodemenondergrond.data.id.concept.fossieltype.278,278,Calamophyllites goepperti,Calamophyllites goepperti,flora,conceptscheme:fossieltype,conceptscheme:fossieltype
concept:279,be.vlaanderen.bodemenondergrond.data.id.concept.fossieltype.279,279,Calamophyllites verticillatus,Calamophyllites verticillatus,flora,conceptscheme:fossieltype,conceptscheme:fossieltype
concept:280,be.vlaanderen.bodemenondergrond.data.id.concept.fossieltype.280,280,Carbonicola acuta,Carbonicola acuta,brakwaterfauna,conceptscheme:fossieltype,conceptscheme:fossieltype
concept:281,be.vlaanderen.bodemenondergrond.data.id.concept.fossieltype.281,281,Carbonicola aquilina,Carbonicola aquilina,brakwaterfauna,conceptscheme:fossieltype,conceptscheme:fossieltype
concept:282,be.vlaanderen.bodemenondergrond.data.id.concept.fossieltype.282,282,Carbonicola nucularis,Carbonicola nucularis,brakwaterfauna,conceptscheme:fossieltype,conceptscheme:fossieltype
concept:283,be.vlaanderen.bodemenondergrond.data.id.concept.fossieltype.283,283,Carbonicola ovalis,Carbonicola ovalis,brakwaterfauna,conceptscheme:fossieltype,conceptscheme:fossieltype
concept:284,be.vlaanderen.bodemenondergrond.data.id.concept.fossieltype.284,284,Carbonicola similis,Carbonicola similis,brakwaterfauna,conceptscheme:fossieltype,conceptscheme:fossieltype
concept:285,be.vlaanderen.bodemenondergrond.data.id.concept.fossieltype.285,285,Cordaites borassifolius,Cordaites borassifolius,flora,conceptscheme:fossieltype,conceptscheme:fossieltype
concept:286,be.vlaanderen.bodemenondergrond.data.id.concept.fossieltype.286,286,Cyclopteris orbicularis,Cyclopteris orbicularis,flora,conceptscheme:fossieltype,conceptscheme:fossieltype
concept:287,be.vlaanderen.bodemenondergrond.data.id.concept.fossieltype.287,287,Lepidostrobus squarrosus,Lepidostrobus squarrosus,flora,conceptscheme:fossieltype,conceptscheme:fossieltype
concept:288,be.vlaanderen.bodemenondergrond.data.id.concept.fossieltype.288,288,Lepidostrobus variabilis,Lepidostrobus variabilis,flora,conceptscheme:fossieltype,conceptscheme:fossieltype
concept:289,be.vlaanderen.bodemenondergrond.data.id.concept.fossieltype.289,289,Anthraconauta minima phillipsii,Anthraconauta minima phillipsii,brakwaterfauna,conceptscheme:fossieltype,conceptscheme:fossieltype
concept:290,be.vlaanderen.bodemenondergrond.data.id.concept.fossieltype.290,290,Lepidodendron lycopodioïdes,Lepidodendron lycopodioïdes,flora,conceptscheme:fossieltype,conceptscheme:fossieltype
concept:291,be.vlaanderen.bodemenondergrond.data.id.concept.fossieltype.291,291,Lepidodendron obovatum,Lepidodendron obovatum,flora,conceptscheme:fossieltype,conceptscheme:fossieltype
concept:292,be.vlaanderen.bodemenondergrond.data.id.concept.fossieltype.292,292,Lepidodendron ophiurus,Lepidodendron ophiurus,flora,conceptscheme:fossieltype,conceptscheme:fossieltype
concept:293,be.vlaanderen.bodemenondergrond.data.id.concept.fossieltype.293,293,Lepidodendron sternbergi,Lepidodendron sternbergi,flora,conceptscheme:fossieltype,conceptscheme:fossieltype
concept:294,be.vlaanderen.bodemenondergrond.data.id.concept.fossieltype.294,294,Lepidodendron wortheni,Lepidodendron wortheni,flora,conceptscheme:fossieltype,conceptscheme:fossieltype
concept:295,be.vlaanderen.bodemenondergrond.data.id.concept.fossieltype.295,295,Lepidophloios caricinus,Lepidophloios caricinus,flora,conceptscheme:fossieltype,conceptscheme:fossieltype
concept:296,be.vlaanderen.bodemenondergrond.data.id.concept.fossieltype.296,296,Lepidophloios laricinus,Lepidophloios laricinus,flora,conceptscheme:fossieltype,conceptscheme:fossieltype
concept:297,be.vlaanderen.bodemenondergrond.data.id.concept.fossieltype.297,297,Lepidophyllum lanceolatum,Lepidophyllum lanceolatum,flora,conceptscheme:fossieltype,conceptscheme:fossieltype
concept:298,be.vlaanderen.bodemenondergrond.data.id.concept.fossieltype.298,298,Lepidophyllum obovatum,Lepidophyllum obovatum,flora,conceptscheme:fossieltype,conceptscheme:fossieltype
concept:299,be.vlaanderen.bodemenondergrond.data.id.concept.fossieltype.299,299,Lepidophyllum triangulare,Lepidophyllum triangulare,flora,conceptscheme:fossieltype,conceptscheme:fossieltype
concept:300,be.vlaanderen.bodemenondergrond.data.id.concept.fossieltype.300,300,Coelacanthus elegans,Coelacanthus elegans,fauna,conceptscheme:fossieltype,conceptscheme:fossieltype
concept:301,be.vlaanderen.bodemenondergrond.data.id.concept.fossieltype.301,301,Lingula mytiloïdes,Lingula mytiloïdes,brakwaterfauna,conceptscheme:fossieltype,conceptscheme:fossieltype
concept:302,be.vlaanderen.bodemenondergrond.data.id.concept.fossieltype.302,302,Linopteris obliqua,Linopteris obliqua,flora,conceptscheme:fossieltype,conceptscheme:fossieltype
concept:303,be.vlaanderen.bodemenondergrond.data.id.concept.fossieltype.303,303,Lonchopteris bricei,Lonchopteris bricei,flora,conceptscheme:fossieltype,conceptscheme:fossieltype
concept:304,be.vlaanderen.bodemenondergrond.data.id.concept.fossieltype.304,304,Lycopodites carbonaceus,Lycopodites carbonaceus,flora,conceptscheme:fossieltype,conceptscheme:fossieltype
concept:305,be.vlaanderen.bodemenondergrond.data.id.concept.fossieltype.305,305,Mariopteris acuta,Mariopteris acuta,flora,conceptscheme:fossieltype,conceptscheme:fossieltype
concept:306,be.vlaanderen.bodemenondergrond.data.id.concept.fossieltype.306,306,Mariopteris muricata,Mariopteris muricata,flora,conceptscheme:fossieltype,conceptscheme:fossieltype
concept:307,be.vlaanderen.bodemenondergrond.data.id.concept.fossieltype.307,307,Naiadites carinata,Naiadites carinata,brakwaterfauna,conceptscheme:fossieltype,conceptscheme:fossieltype
concept:308,be.vlaanderen.bodemenondergrond.data.id.concept.fossieltype.308,308,Naiadites quadrata,Naiadites quadrata,brakwaterfauna,conceptscheme:fossieltype,conceptscheme:fossieltype
concept:309,be.vlaanderen.bodemenondergrond.data.id.concept.fossieltype.309,309,Neuropteris fleonosa,Neuropteris fleonosa,flora,conceptscheme:fossieltype,conceptscheme:fossieltype
concept:310,be.vlaanderen.bodemenondergrond.data.id.concept.fossieltype.310,310,Carbonicola callopristodus,Carbonicola callopristodus,brakwaterfauna,conceptscheme:fossieltype,conceptscheme:fossieltype
concept:311,be.vlaanderen.bodemenondergrond.data.id.concept.fossieltype.311,311,Neuropteris heterophylla,Neuropteris heterophylla,flora,conceptscheme:fossieltype,conceptscheme:fossieltype
concept:312,be.vlaanderen.bodemenondergrond.data.id.concept.fossieltype.312,312,Neuropteris antecedens,Neuropteris antecedens,flora,conceptscheme:fossieltype,conceptscheme:fossieltype
concept:313,be.vlaanderen.bodemenondergrond.data.id.concept.fossieltype.313,313,Neuropteris obliqua,Neuropteris obliqua,flora,conceptscheme:fossieltype,conceptscheme:fossieltype
concept:314,be.vlaanderen.bodemenondergrond.data.id.concept.fossieltype.314,314,Neuropteris rarinervis,Neuropteris rarinervis,flora,conceptscheme:fossieltype,conceptscheme:fossieltype
concept:315,be.vlaanderen.bodemenondergrond.data.id.concept.fossieltype.315,315,Neuropteris scheuchzeri,Neuropteris scheuchzeri,flora,conceptscheme:fossieltype,conceptscheme:fossieltype
concept:316,be.vlaanderen.bodemenondergrond.data.id.concept.fossieltype.316,316,Neuropteris sporenges,Neuropteris sporenges,flora,conceptscheme:fossieltype,conceptscheme:fossieltype
concept:317,be.vlaanderen.bodemenondergrond.data.id.concept.fossieltype.317,317,Cheirodus sp.,Cheirodus sp.,mariene fauna,conceptscheme:fossieltype,conceptscheme:fossieltype
concept:318,be.vlaanderen.bodemenondergrond.data.id.concept.fossieltype.318,318,Palaeostachya pedunculata,Palaeostachya pedunculata,flora,conceptscheme:fossieltype,conceptscheme:fossieltype
concept:319,be.vlaanderen.bodemenondergrond.data.id.concept.fossieltype.319,319,Palaeostachya volkmanni,Palaeostachya volkmanni,flora,conceptscheme:fossieltype,conceptscheme:fossieltype
concept:320,be.vlaanderen.bodemenondergrond.data.id.concept.fossieltype.320,320,Pecopteris aspera,Pecopteris aspera,flora,conceptscheme:fossieltype,conceptscheme:fossieltype
concept:321,be.vlaanderen.bodemenondergrond.data.id.concept.fossieltype.321,321,Pecopteris abbreviata,Pecopteris abbreviata,flora,conceptscheme:fossieltype,conceptscheme:fossieltype
concept:322,be.vlaanderen.bodemenondergrond.data.id.concept.fossieltype.322,322,Pecopteris dentata,Pecopteris dentata,flora,conceptscheme:fossieltype,conceptscheme:fossieltype
concept:323,be.vlaanderen.bodemenondergrond.data.id.concept.fossieltype.323,323,Pecopteris dentata var. delicatula,Pecopteris dentata var. delicatula,flora,conceptscheme:fossieltype,conceptscheme:fossieltype
concept:324,be.vlaanderen.bodemenondergrond.data.id.concept.fossieltype.324,324,Pecopteris plumosa,Pecopteris plumosa,flora,conceptscheme:fossieltype,conceptscheme:fossieltype
concept:325,be.vlaanderen.bodemenondergrond.data.id.concept.fossieltype.325,325,Radicites columnaris,Radicites columnaris,flora,conceptscheme:fossieltype,conceptscheme:fossieltype
concept:326,be.vlaanderen.bodemenondergrond.data.id.concept.fossieltype.326,326,Sigillaria elongata,Sigillaria elongata,flora,conceptscheme:fossieltype,conceptscheme:fossieltype
concept:327,be.vlaanderen.bodemenondergrond.data.id.concept.fossieltype.327,327,Sigillaria ovata,Sigillaria ovata,flora,conceptscheme:fossieltype,conceptscheme:fossieltype
concept:328,be.vlaanderen.bodemenondergrond.data.id.concept.fossieltype.328,328,Sigillaria rugosa,Sigillaria rugosa,flora,conceptscheme:fossieltype,conceptscheme:fossieltype
concept:329,be.vlaanderen.bodemenondergrond.data.id.concept.fossieltype.329,329,Sigillaria scutellata,Sigillaria scutellata,flora,conceptscheme:fossieltype,conceptscheme:fossieltype
concept:330,be.vlaanderen.bodemenondergrond.data.id.concept.fossieltype.330,330,Sigillaria tessellata,Sigillaria tessellata,flora,conceptscheme:fossieltype,conceptscheme:fossieltype
concept:331,be.vlaanderen.bodemenondergrond.data.id.concept.fossieltype.331,331,Sphenophyllum cuneifolium,Sphenophyllum cuneifolium,flora,conceptscheme:fossieltype,conceptscheme:fossieltype
concept:332,be.vlaanderen.bodemenondergrond.data.id.concept.fossieltype.332,332,Sphenophyllum myriophyllum,Sphenophyllum myriophyllum,flora,conceptscheme:fossieltype,conceptscheme:fossieltype
concept:333,be.vlaanderen.bodemenondergrond.data.id.concept.fossieltype.333,333,Sphenopteris artemisiaefolioides,Sphenopteris artemisiaefolioides,flora,conceptscheme:fossieltype,conceptscheme:fossieltype
concept:334,be.vlaanderen.bodemenondergrond.data.id.concept.fossieltype.334,334,Sphenopteris coralloïdes,Sphenopteris coralloïdes,flora,conceptscheme:fossieltype,conceptscheme:fossieltype
concept:335,be.vlaanderen.bodemenondergrond.data.id.concept.fossieltype.335,335,Sphenopteris herbacea,Sphenopteris herbacea,flora,conceptscheme:fossieltype,conceptscheme:fossieltype
concept:336,be.vlaanderen.bodemenondergrond.data.id.concept.fossieltype.336,336,Sphenopteris hoeninghausi,Sphenopteris hoeninghausi,flora,conceptscheme:fossieltype,conceptscheme:fossieltype
concept:337,be.vlaanderen.bodemenondergrond.data.id.concept.fossieltype.337,337,Sphenopteris obtusiloba,Sphenopteris obtusiloba,flora,conceptscheme:fossieltype,conceptscheme:fossieltype
concept:338,be.vlaanderen.bodemenondergrond.data.id.concept.fossieltype.338,338,Sphenopteris quadridactylites,Sphenopteris quadridactylites,flora,conceptscheme:fossieltype,conceptscheme:fossieltype
concept:339,be.vlaanderen.bodemenondergrond.data.id.concept.fossieltype.339,339,Sphenopteris trifoliolata,Sphenopteris trifoliolata,flora,conceptscheme:fossieltype,conceptscheme:fossieltype
concept:340,be.vlaanderen.bodemenondergrond.data.id.concept.fossieltype.340,340,Spirorbis carbonarius,Spirorbis carbonarius,fauna,conceptscheme:fossieltype,conceptscheme:fossieltype
concept:341,be.vlaanderen.bodemenondergrond.data.id.concept.fossieltype.341,341,Stigmaria ficoïdes,Stigmaria ficoïdes,flora,conceptscheme:fossieltype,conceptscheme:fossieltype
concept:342,be.vlaanderen.bodemenondergrond.data.id.concept.fossieltype.342,342,Trigonocarpus noeggerathi,Trigonocarpus noeggerathi,flora,conceptscheme:fossieltype,conceptscheme:fossieltype
concept:343,be.vlaanderen.bodemenondergrond.data.id.concept.fossieltype.343,343,Ulodendron majus,Ulodendron majus,flora,conceptscheme:fossieltype,conceptscheme:fossieltype
concept:344,be.vlaanderen.bodemenondergrond.data.id.concept.fossieltype.344,344,Asterophyllites charaeformis,Asterophyllites charaeformis,flora,conceptscheme:fossieltype,conceptscheme:fossieltype
concept:345,be.vlaanderen.bodemenondergrond.data.id.concept.fossieltype.345,345,Cardita sp.,Cardita sp.,mariene fauna,conceptscheme:fossieltype,conceptscheme:fossieltype
concept:346,be.vlaanderen.bodemenondergrond.data.id.concept.fossieltype.346,346,Lucina sp.,Lucina sp.,mariene fauna,conceptscheme:fossieltype,conceptscheme:fossieltype
concept:347,be.vlaanderen.bodemenondergrond.data.id.concept.fossieltype.347,347,Cheirodus striatus,Cheirodus striatus,mariene fauna,conceptscheme:fossieltype,conceptscheme:fossieltype
concept:348,be.vlaanderen.bodemenondergrond.data.id.concept.fossieltype.348,348,Pinites sp.,Pinites sp.,flora,conceptscheme:fossieltype,conceptscheme:fossieltype
concept:349,be.vlaanderen.bodemenondergrond.data.id.concept.fossieltype.349,349,coniferen,coniferen,flora,conceptscheme:fossieltype,conceptscheme:fossieltype
concept:350,be.vlaanderen.bodemenondergrond.data.id.concept.fossieltype.350,350,Murex sp.,Murex sp.,mariene fauna,conceptscheme:fossieltype,conceptscheme:fossieltype
concept:351,be.vlaanderen.bodemenondergrond.data.id.concept.fossieltype.351,351,Arca sp.,Arca sp.,mariene fauna,conceptscheme:fossieltype,conceptscheme:fossieltype
concept:352,be.vlaanderen.bodemenondergrond.data.id.concept.fossieltype.352,352,Nautilus sp.,Nautilus sp.,mariene fauna,conceptscheme:fossieltype,conceptscheme:fossieltype
concept:353,be.vlaanderen.bodemenondergrond.data.id.concept.fossieltype.353,353,stromatolieten,stromatolieten (sedimentaire fijngelaagde kalkgesteenten van microbiële biologische oorsprong),mariene fauna,conceptscheme:fossieltype,conceptscheme:fossieltype
concept:354,be.vlaanderen.bodemenondergrond.data.id.concept.fossieltype.354,354,Pholadomya margaritacea,Pholadomya margaritacea,mariene fauna,conceptscheme:fossieltype,conceptscheme:fossieltype
concept:355,be.vlaanderen.bodemenondergrond.data.id.concept.fossieltype.355,355,Squales sp.,Squales sp.,mariene fauna,conceptscheme:fossieltype,conceptscheme:fossieltype
concept:356,be.vlaanderen.bodemenondergrond.data.id.concept.fossieltype.356,356,Cardita kickxi,Cardita kickxi,mariene fauna,conceptscheme:fossieltype,conceptscheme:fossieltype
concept:357,be.vlaanderen.bodemenondergrond.data.id.concept.fossieltype.357,357,Nummulites variolarius,Nummulites variolarius,mariene fauna,conceptscheme:fossieltype,conceptscheme:fossieltype
concept:358,be.vlaanderen.bodemenondergrond.data.id.concept.fossieltype.358,358,Pecten corneus,Pecten corneus,mariene fauna,conceptscheme:fossieltype,conceptscheme:fossieltype
concept:359,be.vlaanderen.bodemenondergrond.data.id.concept.fossieltype.359,359,Pecten plebejus,Pecten plebejus,mariene fauna,conceptscheme:fossieltype,conceptscheme:fossieltype
concept:360,be.vlaanderen.bodemenondergrond.data.id.concept.fossieltype.360,360,Pinna margaritacea,Pinna margaritacea,mariene fauna,conceptscheme:fossieltype,conceptscheme:fossieltype
concept:361,be.vlaanderen.bodemenondergrond.data.id.concept.fossieltype.361,361,Nummulites planulatus,Nummulites planulatus,mariene fauna,conceptscheme:fossieltype,conceptscheme:fossieltype
concept:362,be.vlaanderen.bodemenondergrond.data.id.concept.fossieltype.362,362,Odontaspis winkleri,Odontaspis winkleri,mariene fauna,conceptscheme:fossieltype,conceptscheme:fossieltype
concept:363,be.vlaanderen.bodemenondergrond.data.id.concept.fossieltype.363,363,Nodosaria raphanistrum,Nodosaria raphanistrum,mariene fauna,conceptscheme:fossieltype,conceptscheme:fossieltype
concept:364,be.vlaanderen.bodemenondergrond.data.id.concept.fossieltype.364,364,Balanocrinus sp.,Balanocrinus sp.,mariene fauna,conceptscheme:fossieltype,conceptscheme:fossieltype
concept:365,be.vlaanderen.bodemenondergrond.data.id.concept.fossieltype.365,365,Micraster sp.,Micraster sp.,mariene fauna,conceptscheme:fossieltype,conceptscheme:fossieltype
concept:366,be.vlaanderen.bodemenondergrond.data.id.concept.fossieltype.366,366,Pecten campaniensis,Pecten campaniensis,mariene fauna,conceptscheme:fossieltype,conceptscheme:fossieltype
concept:367,be.vlaanderen.bodemenondergrond.data.id.concept.fossieltype.367,367,Inoceramus balticus,Inoceramus balticus,mariene fauna,conceptscheme:fossieltype,conceptscheme:fossieltype
concept:368,be.vlaanderen.bodemenondergrond.data.id.concept.fossieltype.368,368,Inoceramus lamarcki var. websteri,Inoceramus lamarcki var. websteri,mariene fauna,conceptscheme:fossieltype,conceptscheme:fossieltype
concept:369,be.vlaanderen.bodemenondergrond.data.id.concept.fossieltype.369,369,Vola sexcostata,Vola sexcostata,mariene fauna,conceptscheme:fossieltype,conceptscheme:fossieltype
concept:370,be.vlaanderen.bodemenondergrond.data.id.concept.fossieltype.370,370,Magas pumilus,Magas pumilus,mariene fauna,conceptscheme:fossieltype,conceptscheme:fossieltype
concept:371,be.vlaanderen.bodemenondergrond.data.id.concept.fossieltype.371,371,Pteria coerulescens,Pteria coerulescens,mariene fauna,conceptscheme:fossieltype,conceptscheme:fossieltype
concept:372,be.vlaanderen.bodemenondergrond.data.id.concept.fossieltype.372,372,Pteria sp.,Pteria sp.,mariene fauna,conceptscheme:fossieltype,conceptscheme:fossieltype
concept:373,be.vlaanderen.bodemenondergrond.data.id.concept.fossieltype.373,373,Teredo voracissima,Teredo voracissima,mariene fauna,conceptscheme:fossieltype,conceptscheme:fossieltype
concept:374,be.vlaanderen.bodemenondergrond.data.id.concept.fossieltype.374,374,Trigonia vaalsiensis,Trigonia vaalsiensis,mariene fauna,conceptscheme:fossieltype,conceptscheme:fossieltype
concept:375,be.vlaanderen.bodemenondergrond.data.id.concept.fossieltype.375,375,Crassatella sp.,Crassatella sp.,mariene fauna,conceptscheme:fossieltype,conceptscheme:fossieltype
concept:376,be.vlaanderen.bodemenondergrond.data.id.concept.fossieltype.376,376,Crassatella aracaea,Crassatella aracaea,mariene fauna,conceptscheme:fossieltype,conceptscheme:fossieltype
concept:377,be.vlaanderen.bodemenondergrond.data.id.concept.fossieltype.377,377,Schlotheimia sp.,Schlotheimia sp.,mariene fauna,conceptscheme:fossieltype,conceptscheme:fossieltype
concept:378,be.vlaanderen.bodemenondergrond.data.id.concept.fossieltype.378,378,Schlotheimia angulata,Schlotheimia angulata,mariene fauna,conceptscheme:fossieltype,conceptscheme:fossieltype
concept:379,be.vlaanderen.bodemenondergrond.data.id.concept.fossieltype.379,379,Schlotheimia charmassei,Schlotheimia charmassei,mariene fauna,conceptscheme:fossieltype,conceptscheme:fossieltype
concept:380,be.vlaanderen.bodemenondergrond.data.id.concept.fossieltype.380,380,Lingula tenuissima,Lingula tenuissima,mariene fauna,conceptscheme:fossieltype,conceptscheme:fossieltype
concept:381,be.vlaanderen.bodemenondergrond.data.id.concept.fossieltype.381,381,krabben,krabben,mariene fauna,conceptscheme:fossieltype,conceptscheme:fossieltype
concept:382,be.vlaanderen.bodemenondergrond.data.id.concept.fossieltype.382,382,Dosinia sp.,Dosinia sp.,mariene fauna,conceptscheme:fossieltype,conceptscheme:fossieltype
concept:383,be.vlaanderen.bodemenondergrond.data.id.concept.fossieltype.383,383,Geinitzia sp.,Geinitzia sp.,mariene fauna,conceptscheme:fossieltype,conceptscheme:fossieltype
concept:384,be.vlaanderen.bodemenondergrond.data.id.concept.fossieltype.384,384,Geinitzia elegans,Geinitzia elegans,flora,conceptscheme:fossieltype,conceptscheme:fossieltype
concept:385,be.vlaanderen.bodemenondergrond.data.id.concept.fossieltype.385,385,Turritella sexlineata,Turritella sexlineata,mariene fauna,conceptscheme:fossieltype,conceptscheme:fossieltype
concept:386,be.vlaanderen.bodemenondergrond.data.id.concept.fossieltype.386,386,Cucullea matheroniana,Cucullea matheroniana,mariene fauna,conceptscheme:fossieltype,conceptscheme:fossieltype
concept:387,be.vlaanderen.bodemenondergrond.data.id.concept.fossieltype.387,387,Turritella multilincata,Turritella multilincata,mariene fauna,conceptscheme:fossieltype,conceptscheme:fossieltype
concept:388,be.vlaanderen.bodemenondergrond.data.id.concept.fossieltype.388,388,Terebella sp.,Terebella sp.,mariene fauna,conceptscheme:fossieltype,conceptscheme:fossieltype
concept:389,be.vlaanderen.bodemenondergrond.data.id.concept.fossieltype.389,389,Terebella lewiensis,Terebella lewiensis,mariene fauna,conceptscheme:fossieltype,conceptscheme:fossieltype
concept:390,be.vlaanderen.bodemenondergrond.data.id.concept.fossieltype.390,390,Neuropteris linguaefolia,Neuropteris linguaefolia,flora,conceptscheme:fossieltype,conceptscheme:fossieltype
concept:391,be.vlaanderen.bodemenondergrond.data.id.concept.fossieltype.391,391,Sphenopteris striata,Sphenopteris striata,flora,conceptscheme:fossieltype,conceptscheme:fossieltype
concept:392,be.vlaanderen.bodemenondergrond.data.id.concept.fossieltype.392,392,Sphenopteris neuropteroides,Sphenopteris neuropteroides,flora,conceptscheme:fossieltype,conceptscheme:fossieltype
concept:393,be.vlaanderen.bodemenondergrond.data.id.concept.fossieltype.393,393,Artisia transversa,Artisia transversa,flora,conceptscheme:fossieltype,conceptscheme:fossieltype
concept:394,be.vlaanderen.bodemenondergrond.data.id.concept.fossieltype.394,394,Neuropteris pseudogigantea,Neuropteris pseudogigantea,flora,conceptscheme:fossieltype,conceptscheme:fossieltype
concept:395,be.vlaanderen.bodemenondergrond.data.id.concept.fossieltype.395,395,Lepidodendron dissitum,Lepidodendron dissitum,flora,conceptscheme:fossieltype,conceptscheme:fossieltype
concept:396,be.vlaanderen.bodemenondergrond.data.id.concept.fossieltype.396,396,Radicites capillacea,Radicites capillacea,flora,conceptscheme:fossieltype,conceptscheme:fossieltype
concept:397,be.vlaanderen.bodemenondergrond.data.id.concept.fossieltype.397,397,Lepidophloios acerosus,Lepidophloios acerosus,flora,conceptscheme:fossieltype,conceptscheme:fossieltype
concept:398,be.vlaanderen.bodemenondergrond.data.id.concept.fossieltype.398,398,Asolanus camptotaenia,Asolanus camptotaenia,flora,conceptscheme:fossieltype,conceptscheme:fossieltype
concept:399,be.vlaanderen.bodemenondergrond.data.id.concept.fossieltype.399,399,Annularia sphenophylloides,Annularia sphenophylloides,flora,conceptscheme:fossieltype,conceptscheme:fossieltype
concept:400,be.vlaanderen.bodemenondergrond.data.id.concept.fossieltype.400,400,Mariopteris sauveuri,Mariopteris sauveuri,flora,conceptscheme:fossieltype,conceptscheme:fossieltype
concept:401,be.vlaanderen.bodemenondergrond.data.id.concept.fossieltype.401,401,Mariopteris latifolia,Mariopteris latifolia,flora,conceptscheme:fossieltype,conceptscheme:fossieltype
concept:402,be.vlaanderen.bodemenondergrond.data.id.concept.fossieltype.402,402,Pecopteris avoldensis,Pecopteris avoldensis,flora,conceptscheme:fossieltype,conceptscheme:fossieltype
concept:403,be.vlaanderen.bodemenondergrond.data.id.concept.fossieltype.403,403,Sphenopteris nummularia,Sphenopteris nummularia,flora,conceptscheme:fossieltype,conceptscheme:fossieltype
concept:404,be.vlaanderen.bodemenondergrond.data.id.concept.fossieltype.404,404,Carbonia fabulina,Carbonia fabulina,zoetwaterfauna,conceptscheme:fossieltype,conceptscheme:fossieltype
concept:405,be.vlaanderen.bodemenondergrond.data.id.concept.fossieltype.405,405,Carpolites perpusillus,Carpolites perpusillus,flora,conceptscheme:fossieltype,conceptscheme:fossieltype
concept:406,be.vlaanderen.bodemenondergrond.data.id.concept.fossieltype.406,406,Naiadites modiolaris,Naiadites modiolaris,brakwaterfauna,conceptscheme:fossieltype,conceptscheme:fossieltype
concept:407,be.vlaanderen.bodemenondergrond.data.id.concept.fossieltype.407,407,Ostrea goldfussi,Ostrea goldfussi,mariene fauna,conceptscheme:fossieltype,conceptscheme:fossieltype
concept:409,be.vlaanderen.bodemenondergrond.data.id.concept.fossieltype.409,409,Calamites verticillatus,Calamites verticillatus,flora,conceptscheme:fossieltype,conceptscheme:fossieltype
concept:410,be.vlaanderen.bodemenondergrond.data.id.concept.fossieltype.410,410,Annularia microphylla,Annularia microphylla,flora,conceptscheme:fossieltype,conceptscheme:fossieltype
concept:411,be.vlaanderen.bodemenondergrond.data.id.concept.fossieltype.411,411,Adiantites sessilis,Adiantites sessilis,flora,conceptscheme:fossieltype,conceptscheme:fossieltype
concept:412,be.vlaanderen.bodemenondergrond.data.id.concept.fossieltype.412,412,Alethopteris davreuxi,Alethopteris davreuxi,flora,conceptscheme:fossieltype,conceptscheme:fossieltype
concept:413,be.vlaanderen.bodemenondergrond.data.id.concept.fossieltype.413,413,Alethopteris decurrens var. Gracillima,Alethopteris decurrens var. Gracillima,flora,conceptscheme:fossieltype,conceptscheme:fossieltype
concept:414,be.vlaanderen.bodemenondergrond.data.id.concept.fossieltype.414,414,Alethopteris gracillima,Alethopteris gracillima,flora,conceptscheme:fossieltype,conceptscheme:fossieltype
concept:415,be.vlaanderen.bodemenondergrond.data.id.concept.fossieltype.415,415,Alethopteris valida,Alethopteris valida,flora,conceptscheme:fossieltype,conceptscheme:fossieltype
concept:416,be.vlaanderen.bodemenondergrond.data.id.concept.fossieltype.416,416,Annularia gallioides,Annularia gallioides,flora,conceptscheme:fossieltype,conceptscheme:fossieltype
concept:417,be.vlaanderen.bodemenondergrond.data.id.concept.fossieltype.417,417,Annularia ramosa,Annularia ramosa,flora,conceptscheme:fossieltype,conceptscheme:fossieltype
concept:418,be.vlaanderen.bodemenondergrond.data.id.concept.fossieltype.418,418,Anomya sp.,Anomya sp.,mariene fauna,conceptscheme:fossieltype,conceptscheme:fossieltype
concept:419,be.vlaanderen.bodemenondergrond.data.id.concept.fossieltype.419,419,Anthracomya discordata,Anthracomya discordata,brakwaterfauna,conceptscheme:fossieltype,conceptscheme:fossieltype
concept:420,be.vlaanderen.bodemenondergrond.data.id.concept.fossieltype.420,420,Anthracomya minima Phillipsii,Anthracomya minima Phillipsii,brakwaterfauna,conceptscheme:fossieltype,conceptscheme:fossieltype
concept:421,be.vlaanderen.bodemenondergrond.data.id.concept.fossieltype.421,421,Anthracomya oblonga,Anthracomya oblonga,brakwaterfauna,conceptscheme:fossieltype,conceptscheme:fossieltype
concept:422,be.vlaanderen.bodemenondergrond.data.id.concept.fossieltype.422,422,Anthracomya wardi,Anthracomya wardi,brakwaterfauna,conceptscheme:fossieltype,conceptscheme:fossieltype
concept:423,be.vlaanderen.bodemenondergrond.data.id.concept.fossieltype.423,423,Anthraconauta minima,Anthraconauta minima,brakwaterfauna,conceptscheme:fossieltype,conceptscheme:fossieltype
concept:424,be.vlaanderen.bodemenondergrond.data.id.concept.fossieltype.424,424,Anthraconauta Phillipsii,Anthraconauta Phillipsii,brakwaterfauna,conceptscheme:fossieltype,conceptscheme:fossieltype
concept:425,be.vlaanderen.bodemenondergrond.data.id.concept.fossieltype.425,425,Anthraconauta scotica,Anthraconauta scotica,brakwaterfauna,conceptscheme:fossieltype,conceptscheme:fossieltype
concept:426,be.vlaanderen.bodemenondergrond.data.id.concept.fossieltype.426,426,Anthraconauta subovata,Anthraconauta subovata,zoetwaterfauna,conceptscheme:fossieltype,conceptscheme:fossieltype
concept:427,be.vlaanderen.bodemenondergrond.data.id.concept.fossieltype.427,427,Aporrhais sp.,Aporrhais sp.,mariene fauna,conceptscheme:fossieltype,conceptscheme:fossieltype
concept:428,be.vlaanderen.bodemenondergrond.data.id.concept.fossieltype.428,428,Arthyris sp.,Arthyris sp.,mariene fauna,conceptscheme:fossieltype,conceptscheme:fossieltype
concept:429,be.vlaanderen.bodemenondergrond.data.id.concept.fossieltype.429,429,Asterophyllites myriophyllum,Asterophyllites myriophyllum,flora,conceptscheme:fossieltype,conceptscheme:fossieltype
concept:430,be.vlaanderen.bodemenondergrond.data.id.concept.fossieltype.430,430,Asterophyllites longifolius,Asterophyllites longifolius,flora,conceptscheme:fossieltype,conceptscheme:fossieltype
concept:431,be.vlaanderen.bodemenondergrond.data.id.concept.fossieltype.431,431,Asterophyllites lycopodioides,Asterophyllites lycopodioides,flora,conceptscheme:fossieltype,conceptscheme:fossieltype
concept:432,be.vlaanderen.bodemenondergrond.data.id.concept.fossieltype.432,432,Asterophyllites roehli,Asterophyllites roehli,flora,conceptscheme:fossieltype,conceptscheme:fossieltype
concept:433,be.vlaanderen.bodemenondergrond.data.id.concept.fossieltype.433,433,Asterotheca miltoni,Asterotheca miltoni,flora,conceptscheme:fossieltype,conceptscheme:fossieltype
concept:434,be.vlaanderen.bodemenondergrond.data.id.concept.fossieltype.434,434,Asterotheca sp.,Asterotheca sp.,flora,conceptscheme:fossieltype,conceptscheme:fossieltype
concept:435,be.vlaanderen.bodemenondergrond.data.id.concept.fossieltype.435,435,Aulacopteris vulgaris,Aulacopteris vulgaris,flora,conceptscheme:fossieltype,conceptscheme:fossieltype
concept:436,be.vlaanderen.bodemenondergrond.data.id.concept.fossieltype.436,436,Bellinurus Céphaloth.,Bellinurus Céphaloth.,mariene fauna,conceptscheme:fossieltype,conceptscheme:fossieltype
concept:437,be.vlaanderen.bodemenondergrond.data.id.concept.fossieltype.437,437,Bellinurus reginae,Bellinurus reginae,mariene fauna,conceptscheme:fossieltype,conceptscheme:fossieltype
concept:438,be.vlaanderen.bodemenondergrond.data.id.concept.fossieltype.438,438,Beyrichia arcuata,Beyrichia arcuata,fauna,conceptscheme:fossieltype,conceptscheme:fossieltype
concept:439,be.vlaanderen.bodemenondergrond.data.id.concept.fossieltype.439,439,Beyrichia sp.,Beyrichia sp.,fauna,conceptscheme:fossieltype,conceptscheme:fossieltype
concept:440,be.vlaanderen.bodemenondergrond.data.id.concept.fossieltype.440,440,Bothrodendron punctatum,Bothrodendron punctatum,flora,conceptscheme:fossieltype,conceptscheme:fossieltype
concept:441,be.vlaanderen.bodemenondergrond.data.id.concept.fossieltype.441,441,Bothrostrobus olryi,Bothrostrobus olryi,flora,conceptscheme:fossieltype,conceptscheme:fossieltype
concept:442,be.vlaanderen.bodemenondergrond.data.id.concept.fossieltype.442,442,Bourgueticrinus sp.,Bourgueticrinus sp.,mariene fauna,conceptscheme:fossieltype,conceptscheme:fossieltype
concept:443,be.vlaanderen.bodemenondergrond.data.id.concept.fossieltype.443,443,Calamites approximatus,Calamites approximatus,flora,conceptscheme:fossieltype,conceptscheme:fossieltype
concept:444,be.vlaanderen.bodemenondergrond.data.id.concept.fossieltype.444,444,Calamites carinatus,Calamites carinatus,flora,conceptscheme:fossieltype,conceptscheme:fossieltype
concept:445,be.vlaanderen.bodemenondergrond.data.id.concept.fossieltype.445,445,Calamites ostraviensis,Calamites ostraviensis,flora,conceptscheme:fossieltype,conceptscheme:fossieltype
concept:446,be.vlaanderen.bodemenondergrond.data.id.concept.fossieltype.446,446,Calamites paleaceus,Calamites paleaceus,flora,conceptscheme:fossieltype,conceptscheme:fossieltype
concept:447,be.vlaanderen.bodemenondergrond.data.id.concept.fossieltype.447,447,Calamites semicircularis,Calamites semicircularis,flora,conceptscheme:fossieltype,conceptscheme:fossieltype
concept:448,be.vlaanderen.bodemenondergrond.data.id.concept.fossieltype.448,448,Calamites undulatus,Calamites undulatus,flora,conceptscheme:fossieltype,conceptscheme:fossieltype
concept:450,be.vlaanderen.bodemenondergrond.data.id.concept.fossieltype.450,450,Calamostachys ramosa,Calamostachys ramosa,flora,conceptscheme:fossieltype,conceptscheme:fossieltype
concept:451,be.vlaanderen.bodemenondergrond.data.id.concept.fossieltype.451,451,Carbonia acuta,Carbonia acuta,zoetwaterfauna,conceptscheme:fossieltype,conceptscheme:fossieltype
concept:453,be.vlaanderen.bodemenondergrond.data.id.concept.fossieltype.453,453,Carbonicola acuta vel. Robusta,Carbonicola acuta vel. Robusta,brakwaterfauna,conceptscheme:fossieltype,conceptscheme:fossieltype
concept:454,be.vlaanderen.bodemenondergrond.data.id.concept.fossieltype.454,454,Carbonicola obtusa,Carbonicola obtusa,brakwaterfauna,conceptscheme:fossieltype,conceptscheme:fossieltype
concept:455,be.vlaanderen.bodemenondergrond.data.id.concept.fossieltype.455,455,Carbonicola phrygiana,Carbonicola phrygiana,brakwaterfauna,conceptscheme:fossieltype,conceptscheme:fossieltype
concept:456,be.vlaanderen.bodemenondergrond.data.id.concept.fossieltype.456,456,Carbonicola pyritisées,Carbonicola pyritisées,brakwaterfauna,conceptscheme:fossieltype,conceptscheme:fossieltype
concept:457,be.vlaanderen.bodemenondergrond.data.id.concept.fossieltype.457,457,Carbonicola robusta,Carbonicola robusta,brakwaterfauna,conceptscheme:fossieltype,conceptscheme:fossieltype
concept:460,be.vlaanderen.bodemenondergrond.data.id.concept.fossieltype.460,460,Carbonicola turgida,Carbonicola turgida,brakwaterfauna,conceptscheme:fossieltype,conceptscheme:fossieltype
concept:461,be.vlaanderen.bodemenondergrond.data.id.concept.fossieltype.461,461,Cingularia sp.,Cingularia sp.,flora,conceptscheme:fossieltype,conceptscheme:fossieltype
concept:462,be.vlaanderen.bodemenondergrond.data.id.concept.fossieltype.462,462,Cingularia typica,Cingularia typica,flora,conceptscheme:fossieltype,conceptscheme:fossieltype
concept:463,be.vlaanderen.bodemenondergrond.data.id.concept.fossieltype.463,463,Cochlichnus sp.,Cochlichnus sp.,marien ichnofossiel,conceptscheme:fossieltype,conceptscheme:fossieltype
concept:464,be.vlaanderen.bodemenondergrond.data.id.concept.fossieltype.464,464,Cordaianthus pitcairniae,Cordaianthus pitcairniae,flora,conceptscheme:fossieltype,conceptscheme:fossieltype
concept:465,be.vlaanderen.bodemenondergrond.data.id.concept.fossieltype.465,465,Cordaianthus sp.,Cordaianthus sp.,flora,conceptscheme:fossieltype,conceptscheme:fossieltype
concept:466,be.vlaanderen.bodemenondergrond.data.id.concept.fossieltype.466,466,Cordaicarpus cordai,Cordaicarpus cordai,flora,conceptscheme:fossieltype,conceptscheme:fossieltype
concept:467,be.vlaanderen.bodemenondergrond.data.id.concept.fossieltype.467,467,Cordaicarpus gutbieri,Cordaicarpus gutbieri,flora,conceptscheme:fossieltype,conceptscheme:fossieltype
concept:468,be.vlaanderen.bodemenondergrond.data.id.concept.fossieltype.468,468,Cordaicarpus sp.,Cordaicarpus sp.,flora,conceptscheme:fossieltype,conceptscheme:fossieltype
concept:470,be.vlaanderen.bodemenondergrond.data.id.concept.fossieltype.470,470,Cordaites palmaeformis,Cordaites palmaeformis,flora,conceptscheme:fossieltype,conceptscheme:fossieltype
concept:471,be.vlaanderen.bodemenondergrond.data.id.concept.fossieltype.471,471,Cordaites principalis,Cordaites principalis,flora,conceptscheme:fossieltype,conceptscheme:fossieltype
concept:472,be.vlaanderen.bodemenondergrond.data.id.concept.fossieltype.472,472,Cornuspira sp.,Cornuspira sp.,mariene fauna,conceptscheme:fossieltype,conceptscheme:fossieltype
concept:473,be.vlaanderen.bodemenondergrond.data.id.concept.fossieltype.473,473,Corynepteris sternbergi,Corynepteris sternbergi,flora,conceptscheme:fossieltype,conceptscheme:fossieltype
concept:474,be.vlaanderen.bodemenondergrond.data.id.concept.fossieltype.474,474,Crania sp.,Crania sp.,mariene fauna,conceptscheme:fossieltype,conceptscheme:fossieltype
concept:475,be.vlaanderen.bodemenondergrond.data.id.concept.fossieltype.475,475,Crossotheca schatzlarensis,Crossotheca schatzlarensis,flora,conceptscheme:fossieltype,conceptscheme:fossieltype
concept:476,be.vlaanderen.bodemenondergrond.data.id.concept.fossieltype.476,476,Crossotheca sp.,Crossotheca sp.,flora,conceptscheme:fossieltype,conceptscheme:fossieltype
concept:477,be.vlaanderen.bodemenondergrond.data.id.concept.fossieltype.477,477,Cucullea sp.,Cucullea sp.,mariene fauna,conceptscheme:fossieltype,conceptscheme:fossieltype
concept:478,be.vlaanderen.bodemenondergrond.data.id.concept.fossieltype.478,478,Cyprimeria sp.,Cyprimeria sp.,mariene fauna,conceptscheme:fossieltype,conceptscheme:fossieltype
concept:479,be.vlaanderen.bodemenondergrond.data.id.concept.fossieltype.479,479,Diplotmema furcatum,Diplotmema furcatum,flora,conceptscheme:fossieltype,conceptscheme:fossieltype
concept:480,be.vlaanderen.bodemenondergrond.data.id.concept.fossieltype.480,480,Elonichthys aitkeni,Elonichthys aitkeni,mariene fauna,conceptscheme:fossieltype,conceptscheme:fossieltype
concept:481,be.vlaanderen.bodemenondergrond.data.id.concept.fossieltype.481,481,Elonichthys denticulatus,Elonichthys denticulatus,mariene fauna,conceptscheme:fossieltype,conceptscheme:fossieltype
concept:483,be.vlaanderen.bodemenondergrond.data.id.concept.fossieltype.483,483,Entalis sp.,Entalis sp.,mariene fauna,conceptscheme:fossieltype,conceptscheme:fossieltype
concept:484,be.vlaanderen.bodemenondergrond.data.id.concept.fossieltype.484,484,Eriphyla sp.,Eriphyla sp.,mariene fauna,conceptscheme:fossieltype,conceptscheme:fossieltype
concept:485,be.vlaanderen.bodemenondergrond.data.id.concept.fossieltype.485,485,Estheria simoni,Estheria simoni,mariene fauna,conceptscheme:fossieltype,conceptscheme:fossieltype
concept:486,be.vlaanderen.bodemenondergrond.data.id.concept.fossieltype.486,486,Estheria sp.,Estheria sp.,mariene fauna,conceptscheme:fossieltype,conceptscheme:fossieltype
concept:487,be.vlaanderen.bodemenondergrond.data.id.concept.fossieltype.487,487,Gervillia sp.,Gervillia sp.,mariene fauna,conceptscheme:fossieltype,conceptscheme:fossieltype
concept:488,be.vlaanderen.bodemenondergrond.data.id.concept.fossieltype.488,488,Gulpenia limburgensis,Gulpenia limburgensis,onbepaald,conceptscheme:fossieltype,conceptscheme:fossieltype
concept:489,be.vlaanderen.bodemenondergrond.data.id.concept.fossieltype.489,489,Gulpenia sp.,Gulpenia sp.,onbepaald,conceptscheme:fossieltype,conceptscheme:fossieltype
concept:490,be.vlaanderen.bodemenondergrond.data.id.concept.fossieltype.490,490,Leaia tricarinata,Leaia tricarinata,mariene fauna,conceptscheme:fossieltype,conceptscheme:fossieltype
concept:494,be.vlaanderen.bodemenondergrond.data.id.concept.fossieltype.494,494,Lepidodendron dichotomum,Lepidodendron dichotomum,flora,conceptscheme:fossieltype,conceptscheme:fossieltype
concept:496,be.vlaanderen.bodemenondergrond.data.id.concept.fossieltype.496,496,Lepidophyllum majus,Lepidophyllum majus,flora,conceptscheme:fossieltype,conceptscheme:fossieltype
concept:497,be.vlaanderen.bodemenondergrond.data.id.concept.fossieltype.497,497,Lepidophyllum waldenburgense,Lepidophyllum waldenburgense,flora,conceptscheme:fossieltype,conceptscheme:fossieltype
concept:498,be.vlaanderen.bodemenondergrond.data.id.concept.fossieltype.498,498,Lepidostrobus ornatus,Lepidostrobus ornatus,flora,conceptscheme:fossieltype,conceptscheme:fossieltype
concept:499,be.vlaanderen.bodemenondergrond.data.id.concept.fossieltype.499,499,Lepidostrobus sparrosus,Lepidostrobus sparrosus,flora,conceptscheme:fossieltype,conceptscheme:fossieltype
concept:500,be.vlaanderen.bodemenondergrond.data.id.concept.fossieltype.500,500,Lepidostrobus spinosus,Lepidostrobus spinosus,flora,conceptscheme:fossieltype,conceptscheme:fossieltype
concept:501,be.vlaanderen.bodemenondergrond.data.id.concept.fossieltype.501,501,Limatula sp.,Limatula sp.,mariene fauna,conceptscheme:fossieltype,conceptscheme:fossieltype
concept:502,be.vlaanderen.bodemenondergrond.data.id.concept.fossieltype.502,502,Lingula squamiformis,Lingula squamiformis,mariene fauna,conceptscheme:fossieltype,conceptscheme:fossieltype
concept:503,be.vlaanderen.bodemenondergrond.data.id.concept.fossieltype.503,503,Linopteris muensteri,Linopteris muensteri,flora,conceptscheme:fossieltype,conceptscheme:fossieltype
concept:504,be.vlaanderen.bodemenondergrond.data.id.concept.fossieltype.504,504,Linopteris neuropteroides,Linopteris neuropteroides,flora,conceptscheme:fossieltype,conceptscheme:fossieltype
concept:505,be.vlaanderen.bodemenondergrond.data.id.concept.fossieltype.505,505,Linopteris neuropteroides var. Major,Linopteris neuropteroides var. Major,flora,conceptscheme:fossieltype,conceptscheme:fossieltype
concept:506,be.vlaanderen.bodemenondergrond.data.id.concept.fossieltype.506,506,Liopistha sp.,Liopistha sp.,mariene fauna,conceptscheme:fossieltype,conceptscheme:fossieltype
concept:507,be.vlaanderen.bodemenondergrond.data.id.concept.fossieltype.507,507,Lispodesthes sp.,Lispodesthes sp.,mariene fauna,conceptscheme:fossieltype,conceptscheme:fossieltype
concept:508,be.vlaanderen.bodemenondergrond.data.id.concept.fossieltype.508,508,Lonchopteris eschweileriana,Lonchopteris eschweileriana,flora,conceptscheme:fossieltype,conceptscheme:fossieltype
concept:509,be.vlaanderen.bodemenondergrond.data.id.concept.fossieltype.509,509,Lonchopteris rugosa,Lonchopteris rugosa,flora,conceptscheme:fossieltype,conceptscheme:fossieltype
concept:510,be.vlaanderen.bodemenondergrond.data.id.concept.fossieltype.510,510,Lunatia sp.,Lunatia sp.,mariene fauna,conceptscheme:fossieltype,conceptscheme:fossieltype
concept:512,be.vlaanderen.bodemenondergrond.data.id.concept.fossieltype.512,512,Magas sp.,Magas sp.,mariene fauna,conceptscheme:fossieltype,conceptscheme:fossieltype
concept:513,be.vlaanderen.bodemenondergrond.data.id.concept.fossieltype.513,513,Mariopteris dernoncourti,Mariopteris dernoncourti,flora,conceptscheme:fossieltype,conceptscheme:fossieltype
concept:514,be.vlaanderen.bodemenondergrond.data.id.concept.fossieltype.514,514,Mariopteris muricata acuta,Mariopteris muricata acuta,flora,conceptscheme:fossieltype,conceptscheme:fossieltype
concept:515,be.vlaanderen.bodemenondergrond.data.id.concept.fossieltype.515,515,Mariopteris muricata sauveuri,Mariopteris muricata sauveuri,flora,conceptscheme:fossieltype,conceptscheme:fossieltype
concept:516,be.vlaanderen.bodemenondergrond.data.id.concept.fossieltype.516,516,Mariopteris nervosa,Mariopteris nervosa,flora,conceptscheme:fossieltype,conceptscheme:fossieltype
concept:517,be.vlaanderen.bodemenondergrond.data.id.concept.fossieltype.517,517,Mariopteris sphenopteroides,Mariopteris sphenopteroides,flora,conceptscheme:fossieltype,conceptscheme:fossieltype
concept:518,be.vlaanderen.bodemenondergrond.data.id.concept.fossieltype.518,518,Megalichthys cocolepis,Megalichthys cocolepis,mariene fauna,conceptscheme:fossieltype,conceptscheme:fossieltype
concept:519,be.vlaanderen.bodemenondergrond.data.id.concept.fossieltype.519,519,Megalichthys sp.,Megalichthys sp.,mariene fauna,conceptscheme:fossieltype,conceptscheme:fossieltype
concept:520,be.vlaanderen.bodemenondergrond.data.id.concept.fossieltype.520,520,Myriophyllites columnaris,Myriophyllites columnaris,flora,conceptscheme:fossieltype,conceptscheme:fossieltype
concept:521,be.vlaanderen.bodemenondergrond.data.id.concept.fossieltype.521,521,Naiadites carinata aquilina,Naiadites carinata aquilina,brakwaterfauna,conceptscheme:fossieltype,conceptscheme:fossieltype
concept:522,be.vlaanderen.bodemenondergrond.data.id.concept.fossieltype.522,522,Naiadites flexuosa,Naiadites flexuosa,brakwaterfauna,conceptscheme:fossieltype,conceptscheme:fossieltype
concept:523,be.vlaanderen.bodemenondergrond.data.id.concept.fossieltype.523,523,Naiadites sowerbyi,Naiadites sowerbyi,brakwaterfauna,conceptscheme:fossieltype,conceptscheme:fossieltype
concept:524,be.vlaanderen.bodemenondergrond.data.id.concept.fossieltype.524,524,Neuropteris abbreviata,Neuropteris abbreviata,flora,conceptscheme:fossieltype,conceptscheme:fossieltype
concept:525,be.vlaanderen.bodemenondergrond.data.id.concept.fossieltype.525,525,Neuropteris flexuosa,Neuropteris flexuosa,flora,conceptscheme:fossieltype,conceptscheme:fossieltype
concept:526,be.vlaanderen.bodemenondergrond.data.id.concept.fossieltype.526,526,Neuropteris gigantea abbreviata,Neuropteris gigantea abbreviata,flora,conceptscheme:fossieltype,conceptscheme:fossieltype
concept:528,be.vlaanderen.bodemenondergrond.data.id.concept.fossieltype.528,528,Neuropteris gigantea vera,Neuropteris gigantea vera,flora,conceptscheme:fossieltype,conceptscheme:fossieltype
concept:530,be.vlaanderen.bodemenondergrond.data.id.concept.fossieltype.530,530,Neuropteris heterophylla hollandica,Neuropteris heterophylla hollandica,flora,conceptscheme:fossieltype,conceptscheme:fossieltype
concept:531,be.vlaanderen.bodemenondergrond.data.id.concept.fossieltype.531,531,Neuropteris heterophylla linguaefolia,Neuropteris heterophylla linguaefolia,flora,conceptscheme:fossieltype,conceptscheme:fossieltype
concept:533,be.vlaanderen.bodemenondergrond.data.id.concept.fossieltype.533,533,Neuropteris hollandica,Neuropteris hollandica,flora,conceptscheme:fossieltype,conceptscheme:fossieltype
concept:534,be.vlaanderen.bodemenondergrond.data.id.concept.fossieltype.534,534,Neuropteris hollandica heterophylla,Neuropteris hollandica heterophylla,flora,conceptscheme:fossieltype,conceptscheme:fossieltype
concept:535,be.vlaanderen.bodemenondergrond.data.id.concept.fossieltype.535,535,Neuropteris hollandica tenuifolia,Neuropteris hollandica tenuifolia,flora,conceptscheme:fossieltype,conceptscheme:fossieltype
concept:537,be.vlaanderen.bodemenondergrond.data.id.concept.fossieltype.537,537,Neuropteris obliqua var. Impar,Neuropteris obliqua var. Impar,flora,conceptscheme:fossieltype,conceptscheme:fossieltype
concept:538,be.vlaanderen.bodemenondergrond.data.id.concept.fossieltype.538,538,Neuropteris schlehani,Neuropteris schlehani,flora,conceptscheme:fossieltype,conceptscheme:fossieltype
concept:540,be.vlaanderen.bodemenondergrond.data.id.concept.fossieltype.540,540,Neuropteris tenuifolia heterophylla,Neuropteris tenuifolia heterophylla,flora,conceptscheme:fossieltype,conceptscheme:fossieltype
concept:541,be.vlaanderen.bodemenondergrond.data.id.concept.fossieltype.541,541,Neuropteris tenuifolia hollandica,Neuropteris tenuifolia hollandica,flora,conceptscheme:fossieltype,conceptscheme:fossieltype
concept:544,be.vlaanderen.bodemenondergrond.data.id.concept.fossieltype.544,544,Nuculochlamys attenuata,Nuculochlamys attenuata,mariene fauna,conceptscheme:fossieltype,conceptscheme:fossieltype
concept:545,be.vlaanderen.bodemenondergrond.data.id.concept.fossieltype.545,545,Nuculochlamys sp.,Nuculochlamys sp.,mariene fauna,conceptscheme:fossieltype,conceptscheme:fossieltype
concept:546,be.vlaanderen.bodemenondergrond.data.id.concept.fossieltype.546,546,Nummulites sp.,Nummulites sp.,mariene fauna,conceptscheme:fossieltype,conceptscheme:fossieltype
concept:547,be.vlaanderen.bodemenondergrond.data.id.concept.fossieltype.547,547,Odontaspis sp.,Odontaspis sp.,mariene fauna,conceptscheme:fossieltype,conceptscheme:fossieltype
concept:548,be.vlaanderen.bodemenondergrond.data.id.concept.fossieltype.548,548,Orbiculoides missouriensis,Orbiculoides missouriensis,mariene fauna,conceptscheme:fossieltype,conceptscheme:fossieltype
concept:552,be.vlaanderen.bodemenondergrond.data.id.concept.fossieltype.552,552,Palaeoxyris helicteroides,Palaeoxyris helicteroides,mariene fauna,conceptscheme:fossieltype,conceptscheme:fossieltype
concept:553,be.vlaanderen.bodemenondergrond.data.id.concept.fossieltype.553,553,Palmatopteris furcata,Palmatopteris furcata,flora,conceptscheme:fossieltype,conceptscheme:fossieltype
concept:554,be.vlaanderen.bodemenondergrond.data.id.concept.fossieltype.554,554,Palmatopteris furcata var. linearis,Palmatopteris furcata var. linearis,flora,conceptscheme:fossieltype,conceptscheme:fossieltype
concept:555,be.vlaanderen.bodemenondergrond.data.id.concept.fossieltype.555,555,Pecopteris miltoni,Pecopteris miltoni,flora,conceptscheme:fossieltype,conceptscheme:fossieltype
concept:556,be.vlaanderen.bodemenondergrond.data.id.concept.fossieltype.556,556,Pecopteris pennaeformis,Pecopteris pennaeformis,flora,conceptscheme:fossieltype,conceptscheme:fossieltype
concept:557,be.vlaanderen.bodemenondergrond.data.id.concept.fossieltype.557,557,Pecopteris volkmanni,Pecopteris volkmanni,flora,conceptscheme:fossieltype,conceptscheme:fossieltype
concept:558,be.vlaanderen.bodemenondergrond.data.id.concept.fossieltype.558,558,Pinna sp.,Pinna sp.,mariene fauna,conceptscheme:fossieltype,conceptscheme:fossieltype
concept:559,be.vlaanderen.bodemenondergrond.data.id.concept.fossieltype.559,559,Pinnularia columnaris,Pinnularia columnaris,flora,conceptscheme:fossieltype,conceptscheme:fossieltype
concept:560,be.vlaanderen.bodemenondergrond.data.id.concept.fossieltype.560,560,Planolites sp.,Planolites sp.,ichnofossiel,conceptscheme:fossieltype,conceptscheme:fossieltype
concept:561,be.vlaanderen.bodemenondergrond.data.id.concept.fossieltype.561,561,Prestwichianella rotundata,Prestwichianella rotundata,mariene fauna,conceptscheme:fossieltype,conceptscheme:fossieltype
concept:562,be.vlaanderen.bodemenondergrond.data.id.concept.fossieltype.562,562,Prestwichianella sp.,Prestwichianella sp.,mariene fauna,conceptscheme:fossieltype,conceptscheme:fossieltype
concept:563,be.vlaanderen.bodemenondergrond.data.id.concept.fossieltype.563,563,Pterinopecten papyraceus,Pterinopecten papyraceus,mariene fauna,conceptscheme:fossieltype,conceptscheme:fossieltype
concept:564,be.vlaanderen.bodemenondergrond.data.id.concept.fossieltype.564,564,Rhadinichtys renieri,Rhadinichtys renieri,mariene fauna,conceptscheme:fossieltype,conceptscheme:fossieltype
concept:566,be.vlaanderen.bodemenondergrond.data.id.concept.fossieltype.566,566,Rhizodopsis sauroides,Rhizodopsis sauroides,mariene fauna,conceptscheme:fossieltype,conceptscheme:fossieltype
concept:567,be.vlaanderen.bodemenondergrond.data.id.concept.fossieltype.567,567,Samaropsis emarginata,Samaropsis emarginata,flora,conceptscheme:fossieltype,conceptscheme:fossieltype
concept:568,be.vlaanderen.bodemenondergrond.data.id.concept.fossieltype.568,568,Samaropsis fluitans,Samaropsis fluitans,flora,conceptscheme:fossieltype,conceptscheme:fossieltype
concept:569,be.vlaanderen.bodemenondergrond.data.id.concept.fossieltype.569,569,Sigillaria davreuxi,Sigillaria davreuxi,flora,conceptscheme:fossieltype,conceptscheme:fossieltype
concept:570,be.vlaanderen.bodemenondergrond.data.id.concept.fossieltype.570,570,Sigillaria décortiqués,Sigillaria décortiqués,flora,conceptscheme:fossieltype,conceptscheme:fossieltype
concept:571,be.vlaanderen.bodemenondergrond.data.id.concept.fossieltype.571,571,Sigillaria elegans,Sigillaria elegans,flora,conceptscheme:fossieltype,conceptscheme:fossieltype
concept:572,be.vlaanderen.bodemenondergrond.data.id.concept.fossieltype.572,572,Sigillaria laevigata,Sigillaria laevigata,flora,conceptscheme:fossieltype,conceptscheme:fossieltype
concept:573,be.vlaanderen.bodemenondergrond.data.id.concept.fossieltype.573,573,Sigillaria mamillaris,Sigillaria mamillaris,flora,conceptscheme:fossieltype,conceptscheme:fossieltype
concept:574,be.vlaanderen.bodemenondergrond.data.id.concept.fossieltype.574,574,Sigillaria reniformis,Sigillaria reniformis,flora,conceptscheme:fossieltype,conceptscheme:fossieltype
concept:575,be.vlaanderen.bodemenondergrond.data.id.concept.fossieltype.575,575,Sigillaria reniformis vel laevigata,Sigillaria reniformis vel laevigata,flora,conceptscheme:fossieltype,conceptscheme:fossieltype
concept:576,be.vlaanderen.bodemenondergrond.data.id.concept.fossieltype.576,576,Sphenophyllum emarginatum,Sphenophyllum emarginatum,flora,conceptscheme:fossieltype,conceptscheme:fossieltype
concept:577,be.vlaanderen.bodemenondergrond.data.id.concept.fossieltype.577,577,Sphenophyllum majus,Sphenophyllum majus,flora,conceptscheme:fossieltype,conceptscheme:fossieltype
concept:578,be.vlaanderen.bodemenondergrond.data.id.concept.fossieltype.578,578,Sphenopteris baumleri,Sphenopteris baumleri,flora,conceptscheme:fossieltype,conceptscheme:fossieltype
concept:579,be.vlaanderen.bodemenondergrond.data.id.concept.fossieltype.579,579,Sphenopteris convexiloba,Sphenopteris convexiloba,flora,conceptscheme:fossieltype,conceptscheme:fossieltype
concept:580,be.vlaanderen.bodemenondergrond.data.id.concept.fossieltype.580,580,Sphenopteris crossotheca,Sphenopteris crossotheca,flora,conceptscheme:fossieltype,conceptscheme:fossieltype
concept:581,be.vlaanderen.bodemenondergrond.data.id.concept.fossieltype.581,581,Sphenopteris laurenti,Sphenopteris laurenti,flora,conceptscheme:fossieltype,conceptscheme:fossieltype
concept:582,be.vlaanderen.bodemenondergrond.data.id.concept.fossieltype.582,582,Sphenopteris neuroteroides var. Leonardi,Sphenopteris neuroteroides var. Leonardi,flora,conceptscheme:fossieltype,conceptscheme:fossieltype
concept:583,be.vlaanderen.bodemenondergrond.data.id.concept.fossieltype.583,583,Sphenopteris spinosa,Sphenopteris spinosa,flora,conceptscheme:fossieltype,conceptscheme:fossieltype
concept:584,be.vlaanderen.bodemenondergrond.data.id.concept.fossieltype.584,584,Sphenopteris trigonophylla,Sphenopteris trigonophylla,flora,conceptscheme:fossieltype,conceptscheme:fossieltype
concept:585,be.vlaanderen.bodemenondergrond.data.id.concept.fossieltype.585,585,Spirifer sp.,Spirifer sp.,mariene fauna,conceptscheme:fossieltype,conceptscheme:fossieltype
concept:587,be.vlaanderen.bodemenondergrond.data.id.concept.fossieltype.587,587,Drydenius sp.,Drydenius sp.,mariene fauna,conceptscheme:fossieltype,conceptscheme:fossieltype
concept:588,be.vlaanderen.bodemenondergrond.data.id.concept.fossieltype.588,588,Stigmaria eveni,Stigmaria eveni,flora,conceptscheme:fossieltype,conceptscheme:fossieltype
concept:589,be.vlaanderen.bodemenondergrond.data.id.concept.fossieltype.589,589,Stigmaria reticulata,Stigmaria reticulata,flora,conceptscheme:fossieltype,conceptscheme:fossieltype
concept:590,be.vlaanderen.bodemenondergrond.data.id.concept.fossieltype.590,590,Strepsodus sauroides,Strepsodus sauroides,mariene fauna,conceptscheme:fossieltype,conceptscheme:fossieltype
concept:591,be.vlaanderen.bodemenondergrond.data.id.concept.fossieltype.591,591,Strepsodus sp.,Strepsodus sp.,mariene fauna,conceptscheme:fossieltype,conceptscheme:fossieltype
concept:592,be.vlaanderen.bodemenondergrond.data.id.concept.fossieltype.592,592,Streptorhynchus sp.,Streptorhynchus sp.,mariene fauna,conceptscheme:fossieltype,conceptscheme:fossieltype
concept:593,be.vlaanderen.bodemenondergrond.data.id.concept.fossieltype.593,593,Thecidea sp.,Thecidea sp.,mariene fauna,conceptscheme:fossieltype,conceptscheme:fossieltype
concept:594,be.vlaanderen.bodemenondergrond.data.id.concept.fossieltype.594,594,Trigonocarpus sporites,Trigonocarpus sporites,flora,conceptscheme:fossieltype,conceptscheme:fossieltype
concept:595,be.vlaanderen.bodemenondergrond.data.id.concept.fossieltype.595,595,Trigonosemus sp.,Trigonosemus sp.,mariene fauna,conceptscheme:fossieltype,conceptscheme:fossieltype
concept:596,be.vlaanderen.bodemenondergrond.data.id.concept.fossieltype.596,596,Trochus sp.,Trochus sp.,mariene fauna,conceptscheme:fossieltype,conceptscheme:fossieltype
concept:597,be.vlaanderen.bodemenondergrond.data.id.concept.fossieltype.597,597,Tubbreva sp.,Tubbreva sp.,mariene fauna,conceptscheme:fossieltype,conceptscheme:fossieltype
concept:598,be.vlaanderen.bodemenondergrond.data.id.concept.fossieltype.598,598,Ulodendron minus,Ulodendron minus,flora,conceptscheme:fossieltype,conceptscheme:fossieltype
concept:599,be.vlaanderen.bodemenondergrond.data.id.concept.fossieltype.599,599,Ulodendron ophiurus,Ulodendron ophiurus,flora,conceptscheme:fossieltype,conceptscheme:fossieltype
concept:600,be.vlaanderen.bodemenondergrond.data.id.concept.fossieltype.600,600,Ulodendron wortheni,Ulodendron wortheni,flora,conceptscheme:fossieltype,conceptscheme:fossieltype
concept:601,be.vlaanderen.bodemenondergrond.data.id.concept.fossieltype.601,601,Ulostrobus squarrosus,Ulostrobus squarrosus,flora,conceptscheme:fossieltype,conceptscheme:fossieltype
concept:602,be.vlaanderen.bodemenondergrond.data.id.concept.fossieltype.602,602,Zaphrentis postuma,Zaphrentis postuma,flora,conceptscheme:fossieltype,conceptscheme:fossieltype
concept:603,be.vlaanderen.bodemenondergrond.data.id.concept.fossieltype.603,603,Zaphrentis sp.,Zaphrentis sp.,flora,conceptscheme:fossieltype,conceptscheme:fossieltype
concept:604,be.vlaanderen.bodemenondergrond.data.id.concept.fossieltype.604,604,Mariopteris muricata nervosa,Mariopteris muricata nervosa,flora,conceptscheme:fossieltype,conceptscheme:fossieltype
concept:605,be.vlaanderen.bodemenondergrond.data.id.concept.fossieltype.605,605,Carbonicola aquilina var. Phrygiana,Carbonicola aquilina var. Phrygiana,brakwaterfauna,conceptscheme:fossieltype,conceptscheme:fossieltype
concept:606,be.vlaanderen.bodemenondergrond.data.id.concept.fossieltype.606,606,Alethopteris lonchitica decurrens,Alethopteris lonchitica decurrens,flora,conceptscheme:fossieltype,conceptscheme:fossieltype
concept:607,be.vlaanderen.bodemenondergrond.data.id.concept.fossieltype.607,607,Lepidodendron jaraczewski,Lepidodendron jaraczewski,flora,conceptscheme:fossieltype,conceptscheme:fossieltype
concept:608,be.vlaanderen.bodemenondergrond.data.id.concept.fossieltype.608,608,Alethopteris serli lonchitifolia,Alethopteris serli lonchitifolia,flora,conceptscheme:fossieltype,conceptscheme:fossieltype
concept:609,be.vlaanderen.bodemenondergrond.data.id.concept.fossieltype.609,609,Sigillaria cordiformis,Sigillaria cordiformis,flora,conceptscheme:fossieltype,conceptscheme:fossieltype
concept:610,be.vlaanderen.bodemenondergrond.data.id.concept.fossieltype.610,610,Drydenius molyneuxi,Drydenius molyneuxi,mariene fauna,conceptscheme:fossieltype,conceptscheme:fossieltype
concept:611,be.vlaanderen.bodemenondergrond.data.id.concept.fossieltype.611,611,Productus rimberti,Productus rimberti,mariene fauna,conceptscheme:fossieltype,conceptscheme:fossieltype
concept:612,be.vlaanderen.bodemenondergrond.data.id.concept.fossieltype.612,612,Productus pustula,Productus pustula,mariene fauna,conceptscheme:fossieltype,conceptscheme:fossieltype
concept:613,be.vlaanderen.bodemenondergrond.data.id.concept.fossieltype.613,613,Carbonicola aquilina acuta,Carbonicola aquilina acuta,brakwaterfauna,conceptscheme:fossieltype,conceptscheme:fossieltype
concept:614,be.vlaanderen.bodemenondergrond.data.id.concept.fossieltype.614,614,Wittleyseya sp.,Wittleyseya sp.,onbepaald,conceptscheme:fossieltype,conceptscheme:fossieltype
concept:615,be.vlaanderen.bodemenondergrond.data.id.concept.fossieltype.615,615,Leaia tricarinata minima,Leaia tricarinata minima,mariene fauna,conceptscheme:fossieltype,conceptscheme:fossieltype
concept:616,be.vlaanderen.bodemenondergrond.data.id.concept.fossieltype.616,616,Neuropteris attenuata,Neuropteris attenuata,flora,conceptscheme:fossieltype,conceptscheme:fossieltype
concept:617,be.vlaanderen.bodemenondergrond.data.id.concept.fossieltype.617,617,Platysomus parvulus,Platysomus parvulus,mariene fauna,conceptscheme:fossieltype,conceptscheme:fossieltype
concept:618,be.vlaanderen.bodemenondergrond.data.id.concept.fossieltype.618,618,Platysomus sp.,Platysomus sp.,mariene fauna,conceptscheme:fossieltype,conceptscheme:fossieltype
concept:619,be.vlaanderen.bodemenondergrond.data.id.concept.fossieltype.619,619,Sphenopteris spiniformis,Sphenopteris spiniformis,flora,conceptscheme:fossieltype,conceptscheme:fossieltype
concept:620,be.vlaanderen.bodemenondergrond.data.id.concept.fossieltype.620,620,Tubbreva amoropsis,Tubbreva amoropsis,mariene fauna,conceptscheme:fossieltype,conceptscheme:fossieltype
concept:621,be.vlaanderen.bodemenondergrond.data.id.concept.fossieltype.621,621,Mariopteris furcata,Mariopteris furcata,flora,conceptscheme:fossieltype,conceptscheme:fossieltype
concept:622,be.vlaanderen.bodemenondergrond.data.id.concept.fossieltype.622,622,Dorycordaites palmaeformis,Dorycordaites palmaeformis,flora,conceptscheme:fossieltype,conceptscheme:fossieltype
concept:623,be.vlaanderen.bodemenondergrond.data.id.concept.fossieltype.623,623,Anthraconauta lenisulcata,Anthraconauta lenisulcata,brakwaterfauna,conceptscheme:fossieltype,conceptscheme:fossieltype
concept:624,be.vlaanderen.bodemenondergrond.data.id.concept.fossieltype.624,624,Glycemeris sp.,Glycemeris sp.,mariene fauna,conceptscheme:fossieltype,conceptscheme:fossieltype
concept:625,be.vlaanderen.bodemenondergrond.data.id.concept.fossieltype.625,625,haaientanden,haaientanden,mariene fauna,conceptscheme:fossieltype,conceptscheme:fossieltype
concept:626,be.vlaanderen.bodemenondergrond.data.id.concept.fossieltype.626,626,Fusus sp.,Fusus sp.,mariene fauna,conceptscheme:fossieltype,conceptscheme:fossieltype
concept:627,be.vlaanderen.bodemenondergrond.data.id.concept.fossieltype.627,627,Nummulites laevigatus,Nummulites laevigatus,mariene fauna,conceptscheme:fossieltype,conceptscheme:fossieltype
concept:628,be.vlaanderen.bodemenondergrond.data.id.concept.fossieltype.628,628,Neithea quinquecostata,Neithea quinquecostata,mariene fauna,conceptscheme:fossieltype,conceptscheme:fossieltype
concept:629,be.vlaanderen.bodemenondergrond.data.id.concept.fossieltype.629,629,Panopoea gurgitis,Panopoea gurgitis,mariene fauna,conceptscheme:fossieltype,conceptscheme:fossieltype
concept:630,be.vlaanderen.bodemenondergrond.data.id.concept.fossieltype.630,630,Neithea quadricostata,Neithea quadricostata,mariene fauna,conceptscheme:fossieltype,conceptscheme:fossieltype
concept:631,be.vlaanderen.bodemenondergrond.data.id.concept.fossieltype.631,631,Oxyrhina angustidens,Oxyrhina angustidens,mariene fauna,conceptscheme:fossieltype,conceptscheme:fossieltype
concept:632,be.vlaanderen.bodemenondergrond.data.id.concept.fossieltype.632,632,Pleurotomaria sp.,Pleurotomaria sp.,mariene fauna,conceptscheme:fossieltype,conceptscheme:fossieltype
concept:633,be.vlaanderen.bodemenondergrond.data.id.concept.fossieltype.633,633,Oxyrhina sp.,Oxyrhina sp.,mariene fauna,conceptscheme:fossieltype,conceptscheme:fossieltype
concept:634,be.vlaanderen.bodemenondergrond.data.id.concept.fossieltype.634,634,Spirophyton caudagalli,Spirophyton caudagalli,mariene fauna,conceptscheme:fossieltype,conceptscheme:fossieltype
concept:635,be.vlaanderen.bodemenondergrond.data.id.concept.fossieltype.635,635,Ventriculites sp.,Ventriculites sp.,mariene fauna,conceptscheme:fossieltype,conceptscheme:fossieltype
concept:636,be.vlaanderen.bodemenondergrond.data.id.concept.fossieltype.636,636,Ventriculites striatus,Ventriculites striatus,mariene fauna,conceptscheme:fossieltype,conceptscheme:fossieltype
concept:637,be.vlaanderen.bodemenondergrond.data.id.concept.fossieltype.637,637,Guettardia sp.,Guettardia sp.,mariene fauna,conceptscheme:fossieltype,conceptscheme:fossieltype
concept:638,be.vlaanderen.bodemenondergrond.data.id.concept.fossieltype.638,638,ammonieten,ammonieten (onderklasse van Cephalopoda / inktvissen),mariene fauna,conceptscheme:fossieltype,conceptscheme:fossieltype
concept:639,be.vlaanderen.bodemenondergrond.data.id.concept.fossieltype.639,639,Verruculina sp.,Verruculina sp.,mariene fauna,conceptscheme:fossieltype,conceptscheme:fossieltype
concept:640,be.vlaanderen.bodemenondergrond.data.id.concept.fossieltype.640,640,Cytherea ovalis,Cytherea ovalis,mariene fauna,conceptscheme:fossieltype,conceptscheme:fossieltype
concept:641,be.vlaanderen.bodemenondergrond.data.id.concept.fossieltype.641,641,Barbatia sp.,Barbatia sp.,mariene fauna,conceptscheme:fossieltype,conceptscheme:fossieltype
concept:642,be.vlaanderen.bodemenondergrond.data.id.concept.fossieltype.642,642,Barbatia marullensis,Barbatia marullensis,mariene fauna,conceptscheme:fossieltype,conceptscheme:fossieltype
concept:643,be.vlaanderen.bodemenondergrond.data.id.concept.fossieltype.643,643,Cucullea alta,Cucullea alta,mariene fauna,conceptscheme:fossieltype,conceptscheme:fossieltype
concept:644,be.vlaanderen.bodemenondergrond.data.id.concept.fossieltype.644,644,Chlamys sp.,Chlamys sp.,mariene fauna,conceptscheme:fossieltype,conceptscheme:fossieltype
concept:645,be.vlaanderen.bodemenondergrond.data.id.concept.fossieltype.645,645,Ostrea Lunata,Ostrea Lunata,mariene fauna,conceptscheme:fossieltype,conceptscheme:fossieltype
concept:646,be.vlaanderen.bodemenondergrond.data.id.concept.fossieltype.646,646,Cytherea sp.,Cytherea sp.,mariene fauna,conceptscheme:fossieltype,conceptscheme:fossieltype
concept:647,be.vlaanderen.bodemenondergrond.data.id.concept.fossieltype.647,647,Parapachydiscus sp.,Parapachydiscus sp.,mariene fauna,conceptscheme:fossieltype,conceptscheme:fossieltype
concept:648,be.vlaanderen.bodemenondergrond.data.id.concept.fossieltype.648,648,Parapachydiscus levyi,Parapachydiscus levyi,mariene fauna,conceptscheme:fossieltype,conceptscheme:fossieltype
concept:649,be.vlaanderen.bodemenondergrond.data.id.concept.fossieltype.649,649,Cerithes sp.,Cerithes sp.,mariene fauna,conceptscheme:fossieltype,conceptscheme:fossieltype
concept:650,be.vlaanderen.bodemenondergrond.data.id.concept.fossieltype.650,650,Tudicla sp.,Tudicla sp.,mariene fauna,conceptscheme:fossieltype,conceptscheme:fossieltype
concept:651,be.vlaanderen.bodemenondergrond.data.id.concept.fossieltype.651,651,Tudicla depressa,Tudicla depressa,mariene fauna,conceptscheme:fossieltype,conceptscheme:fossieltype
concept:652,be.vlaanderen.bodemenondergrond.data.id.concept.fossieltype.652,652,Scalaria sp.,Scalaria sp.,mariene fauna,conceptscheme:fossieltype,conceptscheme:fossieltype
concept:653,be.vlaanderen.bodemenondergrond.data.id.concept.fossieltype.653,653,Scalaria decorata,Scalaria decorata,mariene fauna,conceptscheme:fossieltype,conceptscheme:fossieltype
concept:654,be.vlaanderen.bodemenondergrond.data.id.concept.fossieltype.654,654,Neithea sp.,Neithea sp.,mariene fauna,conceptscheme:fossieltype,conceptscheme:fossieltype
concept:655,be.vlaanderen.bodemenondergrond.data.id.concept.fossieltype.655,655,Cardium becksi,Cardium becksi,mariene fauna,conceptscheme:fossieltype,conceptscheme:fossieltype
concept:656,be.vlaanderen.bodemenondergrond.data.id.concept.fossieltype.656,656,Anomia sp.,Anomia sp.,mariene fauna,conceptscheme:fossieltype,conceptscheme:fossieltype
concept:657,be.vlaanderen.bodemenondergrond.data.id.concept.fossieltype.657,657,Patella sp.,Patella sp.,mariene fauna,conceptscheme:fossieltype,conceptscheme:fossieltype
concept:658,be.vlaanderen.bodemenondergrond.data.id.concept.fossieltype.658,658,Pecten cinctus,Pecten cinctus,mariene fauna,conceptscheme:fossieltype,conceptscheme:fossieltype
concept:659,be.vlaanderen.bodemenondergrond.data.id.concept.fossieltype.659,659,Pinna cretacea,Pinna cretacea,mariene fauna,conceptscheme:fossieltype,conceptscheme:fossieltype
concept:660,be.vlaanderen.bodemenondergrond.data.id.concept.fossieltype.660,660,Cytherea polymorpha,Cytherea polymorpha,mariene fauna,conceptscheme:fossieltype,conceptscheme:fossieltype
concept:661,be.vlaanderen.bodemenondergrond.data.id.concept.fossieltype.661,661,Lima granulata,Lima granulata,mariene fauna,conceptscheme:fossieltype,conceptscheme:fossieltype
concept:662,be.vlaanderen.bodemenondergrond.data.id.concept.fossieltype.662,662,Cypricardia sp.,Cypricardia sp.,mariene fauna,conceptscheme:fossieltype,conceptscheme:fossieltype
concept:663,be.vlaanderen.bodemenondergrond.data.id.concept.fossieltype.663,663,Cytherea plana,Cytherea plana,mariene fauna,conceptscheme:fossieltype,conceptscheme:fossieltype
concept:664,be.vlaanderen.bodemenondergrond.data.id.concept.fossieltype.664,664,Cerithium koeneni,Cerithium koeneni,mariene fauna,conceptscheme:fossieltype,conceptscheme:fossieltype
concept:665,be.vlaanderen.bodemenondergrond.data.id.concept.fossieltype.665,665,Natica cretacea,Natica cretacea,mariene fauna,conceptscheme:fossieltype,conceptscheme:fossieltype
concept:666,be.vlaanderen.bodemenondergrond.data.id.concept.fossieltype.666,666,Inoceramus kleini,Inoceramus kleini,mariene fauna,conceptscheme:fossieltype,conceptscheme:fossieltype
concept:667,be.vlaanderen.bodemenondergrond.data.id.concept.fossieltype.667,667,Inoceramus inconstans,Inoceramus inconstans,mariene fauna,conceptscheme:fossieltype,conceptscheme:fossieltype
concept:668,be.vlaanderen.bodemenondergrond.data.id.concept.fossieltype.668,668,Tellina subdecussata,Tellina subdecussata,mariene fauna,conceptscheme:fossieltype,conceptscheme:fossieltype
concept:669,be.vlaanderen.bodemenondergrond.data.id.concept.fossieltype.669,669,Volutilithes sp.,Volutilithes sp.,mariene fauna,conceptscheme:fossieltype,conceptscheme:fossieltype
concept:670,be.vlaanderen.bodemenondergrond.data.id.concept.fossieltype.670,670,Volutilithes subsemiplicatus,Volutilithes subsemiplicatus,mariene fauna,conceptscheme:fossieltype,conceptscheme:fossieltype
concept:671,be.vlaanderen.bodemenondergrond.data.id.concept.fossieltype.671,671,Aporrhais nilsoni,Aporrhais nilsoni,mariene fauna,conceptscheme:fossieltype,conceptscheme:fossieltype
concept:672,be.vlaanderen.bodemenondergrond.data.id.concept.fossieltype.672,672,Venericardia sp.,Venericardia sp.,mariene fauna,conceptscheme:fossieltype,conceptscheme:fossieltype
concept:673,be.vlaanderen.bodemenondergrond.data.id.concept.fossieltype.673,673,Venericardia santonensis,Venericardia santonensis,mariene fauna,conceptscheme:fossieltype,conceptscheme:fossieltype
concept:674,be.vlaanderen.bodemenondergrond.data.id.concept.fossieltype.674,674,Cardium nöggerathi,Cardium nöggerathi,mariene fauna,conceptscheme:fossieltype,conceptscheme:fossieltype
concept:675,be.vlaanderen.bodemenondergrond.data.id.concept.fossieltype.675,675,Trigonia vallscum,Trigonia vallscum,mariene fauna,conceptscheme:fossieltype,conceptscheme:fossieltype
concept:676,be.vlaanderen.bodemenondergrond.data.id.concept.fossieltype.676,676,Neithea grypheata,Neithea grypheata,mariene fauna,conceptscheme:fossieltype,conceptscheme:fossieltype
concept:677,be.vlaanderen.bodemenondergrond.data.id.concept.fossieltype.677,677,Pectunculus geinitzi,Pectunculus geinitzi,mariene fauna,conceptscheme:fossieltype,conceptscheme:fossieltype
concept:678,be.vlaanderen.bodemenondergrond.data.id.concept.fossieltype.678,678,Tellina mülleri,Tellina mülleri,mariene fauna,conceptscheme:fossieltype,conceptscheme:fossieltype
concept:679,be.vlaanderen.bodemenondergrond.data.id.concept.fossieltype.679,679,Lima oviformis,Lima oviformis,mariene fauna,conceptscheme:fossieltype,conceptscheme:fossieltype
concept:680,be.vlaanderen.bodemenondergrond.data.id.concept.fossieltype.680,680,Pectunculus obsoletus,Pectunculus obsoletus,mariene fauna,conceptscheme:fossieltype,conceptscheme:fossieltype
concept:681,be.vlaanderen.bodemenondergrond.data.id.concept.fossieltype.681,681,Crassatella symmetrica,Crassatella symmetrica,mariene fauna,conceptscheme:fossieltype,conceptscheme:fossieltype
concept:682,be.vlaanderen.bodemenondergrond.data.id.concept.fossieltype.682,682,Tellina strigata,Tellina strigata,mariene fauna,conceptscheme:fossieltype,conceptscheme:fossieltype
concept:683,be.vlaanderen.bodemenondergrond.data.id.concept.fossieltype.683,683,Anomia lamellosa,Anomia lamellosa,mariene fauna,conceptscheme:fossieltype,conceptscheme:fossieltype
concept:684,be.vlaanderen.bodemenondergrond.data.id.concept.fossieltype.684,684,Acritarchen,Acritarchen,flora,conceptscheme:fossieltype,conceptscheme:fossieltype
concept:685,be.vlaanderen.bodemenondergrond.data.id.concept.fossieltype.685,685,Chitinozoa,Chitinozoa,fauna,conceptscheme:fossieltype,conceptscheme:fossieltype
concept:686,be.vlaanderen.bodemenondergrond.data.id.concept.fossieltype.686,686,Graptolieten,Graptolieten,fauna,conceptscheme:fossieltype,conceptscheme:fossieltype
concept:687,be.vlaanderen.bodemenondergrond.data.id.concept.fossieltype.687,687,Oldhamia,Oldhamia,ichnofossiel,conceptscheme:fossieltype,conceptscheme:fossieltype
